"Unique ID";"Name";"Nation";"Division";"Status";"Stad Cap";"Division ID"
"679";"Man City";"Angleterre";"Premier League";"Professional";"53400";"11"
"1708";"Barcelone";"Espagne";"Première Division";"Professional";"62500";"67"
"1736";"R. Madrid";"Espagne";"Première Division";"Professional";"83186";"67"
"2000099871";"Chelsea";"Angleterre";"WSL";"Professional";"4352";"2000101095"
"2000149869";"OL";"France";"Division 1";"Professional";"59186";"2000149107"
"2000167899";"Barcelona";"Espagne";"Première Division";"Professional";"6000";"2000167898"
"676";"Liverpool";"Angleterre";"Premier League";"Professional";"61276";"11"
"2000104296";"Arsenal";"Angleterre";"WSL";"Professional";"60704";"2000101095"
"915";"FC Bayern München";"Allemagne";"Bundesliga";"Professional";"75000";"22"
"1687";"A. Madrid";"Espagne";"Première Division";"Professional";"70692";"67"
"868";"Paris SG";"France";"Ligue 1 McDonald's";"Professional";"47926";"16"
"602";"Arsenal";"Angleterre";"Premier League";"Professional";"60704";"11"
"2000104573";"Man City";"Angleterre";"WSL";"Professional";"6200";"2000101095"
"2000148292";"FC Bayern München";"Allemagne";"GP Frauen-Bundesliga";"Professional";"4000";"2000148115"
"1135";"Blu-neri";"Italie";"Serie A";"Professional";"80018";"32"
"1139";"Juventus";"Italie";"Serie A";"Professional";"41507";"32"
"630";"Chelsea";"Angleterre";"Premier League";"Professional";"40343";"11"
"2000148221";"VfL Wolfsburg";"Allemagne";"GP Frauen-Bundesliga";"Professional";"5200";"2000148115"
"1099";"Casciavit";"Italie";"Serie A";"Professional";"80018";"32"
"2000104574";"Man Utd";"Angleterre";"WSL";"Professional";"12000";"2000101095"
"2000192381";"Angel City FC";"États-Unis";"NWSL";"Professional";"22000";"2000132563"
"680";"Man Utd";"Angleterre";"Premier League";"Professional";"74879";"11"
"1150";"Parthenope";"Italie";"Serie A";"Professional";"60240";"32"
"907";"Borussia Dortmund";"Allemagne";"Bundesliga";"Professional";"81365";"22"
"1487";"Benfica";"Portugal";"Première Ligue";"Professional";"68118";"60"
"1478";"FC Porto";"Portugal";"Première Ligue";"Professional";"50033";"60"
"1742";"Real San Sebastián";"Espagne";"Première Division";"Professional";"39500";"67"
"1777";"Villarreal";"Espagne";"Première Division";"Professional";"23000";"67"
"901";"Bayer 04 Leverkusen";"Allemagne";"Bundesliga";"Professional";"30210";"22"
"1664";"A. Bilbao";"Espagne";"Première Division";"Professional";"53332";"67"
"1733";"Real Hispalis";"Espagne";"Première Division";"Professional";"70000";"67"
"2000192337";"KC Current";"États-Unis";"NWSL";"Professional";"11500";"2000132563"
"1100";"AS Roma";"Italie";"Serie A";"Professional";"68708";"32"
"2000149870";"Paris SG";"France";"Division 1";"Professional";"5000";"2000149107"
"1871";"Galatasaray";"Turquie";"Super League";"Professional";"53978";"130286"
"2000132567";"Washington Spirit";"États-Unis";"NWSL";"Professional";"19993";"2000132563"
"2000167907";"R. Madrid";"Espagne";"Première Division";"Professional";"6000";"2000167898"
"2000134582";"Portland Thorns";"États-Unis";"NWSL";"Professional";"25000";"2000132563"
"866";"Olympique de Marseille";"France";"Ligue 1 McDonald's";"Professional";"67000";"16"
"2000134591";"Orlando Pride";"États-Unis";"NWSL";"Professional";"25500";"2000132563"
"2000134698";"Gotham FC";"États-Unis";"NWSL";"Professional";"25219";"2000132563"
"728";"Spurs";"Angleterre";"Premier League";"Professional";"62850";"11"
"865";"OL";"France";"Ligue 1 McDonald's";"Professional";"59186";"16"
"2000134588";"NC Courage";"États-Unis";"NWSL";"Professional";"10000";"2000132563"
"2000176318";"Juventus";"Italie";"Serie A Women Athora";"Professional";"5827";"2000168606"
"2000183849";"Paris FC";"France";"Division 1";"Professional";"19151";"2000149107"
"322";"FLA";"Brésil";"1ère Division";"Professional";"78838";"102423"
"1106";"Bergamo";"Italie";"Serie A";"Professional";"23439";"32"
"1140";"Celesti";"Italie";"Serie A";"Professional";"68708";"32"
"2000134587";"Seattle Reign";"États-Unis";"NWSL";"Professional";"68740";"2000132563"
"329";"SEP";"Brésil";"1ère Division";"Professional";"31452";"102423"
"688";"Newcastle";"Angleterre";"Premier League";"Professional";"52305";"11"
"2000204773";"San Diego Wave FC";"États-Unis";"NWSL";"Professional";"35000";"2000132563"
"826";"AS Monaco";"France";"Ligue 1 McDonald's";"Professional";"17000";"16"
"1489";"Sporting CP";"Portugal";"Première Ligue";"Professional";"52350";"60"
"1759";"Sevilla";"Espagne";"Première Division";"Professional";"45500";"67"
"2000134701";"Racing Louisville";"États-Unis";"NWSL";"Professional";"15304";"2000132563"
"1870";"Fenerbahçe";"Turquie";"Super League";"Professional";"47430";"130286"
"91013388";"RB Leipzig";"Allemagne";"Bundesliga";"Professional";"47800";"22"
"2000108015";"London City";"Angleterre";"WSL";"Professional";"3075";"2000101095"
"2000134660";"Chicago Stars";"États-Unis";"NWSL";"Professional";"28000";"2000132563"
"2000167900";"A. Madrid";"Espagne";"Première Division";"Professional";"2700";"2000167898"
"2000209836";"Roma";"Italie";"Serie A Women Athora";"Professional";"2983";"2000168606"
"2000316318";"Bay FC";"États-Unis";"NWSL";"Professional";"18000";"2000132563"
"1028";"PSV";"Pays-Bas";"Eredivisie";"Professional";"35150";"29"
"1129";"Fiorentina";"Italie";"Serie A";"Professional";"43147";"32"
"316";"BOT";"Brésil";"1ère Division";"Professional";"44461";"102423"
"992";"Ajax";"Pays-Bas";"Eredivisie";"Professional";"55500";"29"
"1775";"Valencia";"Espagne";"Première Division";"Professional";"49430";"67"
"1301108";"Zenit";"Russie";"Première Ligue";"Professional";"64287";"130486"
"319";"COR";"Brésil";"1ère Division";"Professional";"48905";"102423"
"912";"Eintracht Frankfurt";"Allemagne";"Bundesliga";"Professional";"58000";"22"
"94";"River Plate";"Argentine";"1ère Division";"Professional";"86000";"102421"
"321";"CEC";"Brésil";"1ère Division";"Professional";"61846";"102423"
"858";"LOSC";"France";"Ligue 1 McDonald's";"Professional";"49966";"16"
"1253";"Club América";"Mexique";"1ère Division";"Professional";"35161";"135973"
"1866";"Besiktas";"Turquie";"Super League";"Professional";"42445";"130286"
"2000167903";"Levante";"Espagne";"Première Division";"Professional";"2500";"2000167898"
"82";"Boca";"Argentine";"1ère Division";"Professional";"54000";"102421"
"323";"FLU";"Brésil";"1ère Division";"Professional";"78838";"102423"
"960";"VfB Stuttgart";"Allemagne";"Bundesliga";"Professional";"60058";"22"
"981";"Olympiacos";"Grèce";"Super League 1";"Professional";"33449";"129650"
"1013";"Feyenoord";"Pays-Bas";"Eredivisie";"Professional";"51177";"29"
"2000134695";"Houston Dash";"États-Unis";"NWSL";"Professional";"22039";"2000132563"
"2000148286";"Eintracht Frankfurt";"Allemagne";"GP Frauen-Bundesliga";"Professional";"5750";"2000148115"
"2000260284";"Utah Royals";"États-Unis";"NWSL";"Professional";"20252";"2000132563"
"1255";"Chivas";"Mexique";"1ère Division";"Professional";"49850";"135973"
"1724";"Vigo";"Espagne";"Première Division";"Professional";"24870";"67"
"58029064";"Krasnodar";"Russie";"Première Ligue";"Professional";"35179";"130486"
"2000167901";"A. Bilbao";"Espagne";"Première Division";"Professional";"3200";"2000167898"
"186";"Club Brugge";"Belgique";"Jupiler Pro League";"Professional";"29062";"1"
"884";"Rennes";"France";"Ligue 1 McDonald's";"Professional";"29194";"16"
"1111";"Bologna";"Italie";"Serie A";"Professional";"31007";"32"
"1685";"Atlético Pamplona";"Espagne";"Première Division";"Professional";"23576";"67"
"2000104563";"Aston Villa";"Angleterre";"WSL";"Professional";"42883";"2000101095"
"603";"Aston Villa";"Angleterre";"Premier League";"Professional";"42883";"11"
"862";"OGC Nice";"France";"Ligue 1 McDonald's";"Professional";"27000";"16"
"920";"FC Schalke 04";"Allemagne";"Bundesliga 2";"Professional";"62271";"23"
"1254";"Cruz Azul";"Mexique";"1ère Division";"Professional";"50754";"135973"
"814089";"Girona";"Espagne";"Première Division";"Professional";"14642";"67"
"2000149100";"Montpellier";"France";"Division 1";"Professional";"1500";"2000149107"
"2000158692";"FC Fleury 91";"France";"Division 1";"Professional";"20770";"2000149107"
"314";"ATM";"Brésil";"1ère Division";"Professional";"44892";"102423"
"961";"VfL Wolfsburg";"Allemagne";"Bundesliga";"Professional";"28917";"22"
"102852";"Al Hilal";"Arabie saoudite";"1ère division saoudienne";"Professional";"26090";"7920263"
"2000104582";"Spurs";"Angleterre";"WSL";"Professional";"9311";"2000101095"
"2000210128";"Corinthians";"Brésil";"Première division";"Professional";"18500";"2000314935"
"2000254878";"Tigres";"Mexique";"Première Division";"Professional";"42000";"2000199505"
"158";"FC RB Salzburg";"Autriche";"Première Ligue";"Professional";"29527";"136543"
"871";"RC Lens";"France";"Ligue 1 McDonald's";"Professional";"38223";"16"
"908";"Borussia M'gladbach";"Allemagne";"Bundesliga";"Professional";"54042";"22"
"947";"Hamburger SV";"Allemagne";"Bundesliga";"Professional";"57000";"22"
"1260";"Pumas";"Mexique";"1ère Division";"Professional";"68954";"135973"
"1518";"CSKA Moscow";"Russie";"Première Ligue";"Professional";"30114";"130486"
"2000104568";"Everton";"Angleterre";"WSL";"Professional";"39572";"2000101095"
"2000148288";"TSG Hoffenheim";"Allemagne";"GP Frauen-Bundesliga";"Professional";"6100";"2000148115"
"2000168320";"BK Häcken FF";"Suède";"OBOS Damallsvenskan";"Professional";"6300";"2000138349"
"2000170168";"Hammarby IF";"Suède";"OBOS Damallsvenskan";"Professional";"3100";"2000138349"
"2000209827";"Blu-neri";"Italie";"Serie A Women Athora";"Professional";"10000";"2000168606"
"2000453601";"Boston Legacy";"États-Unis";"Lower Leagues";"Professional";"68756";"2000500910"
"2000453602";"Denver Summit";"États-Unis";"Lower Leagues";"Professional";"12000";"2000500910"
"337";"SPO";"Brésil";"1ère Division";"Professional";"77000";"102423"
"916";"1. FC Köln";"Allemagne";"Bundesliga";"Professional";"50000";"22"
"982";"PAOK";"Grèce";"Super League 1";"Professional";"28703";"129650"
"983";"Panathinaikos";"Grèce";"Super League 1";"Professional";"39700";"129650"
"1710";"Getafe";"Espagne";"Première Division";"Professional";"16500";"67"
"1879";"Trabzonspor";"Turquie";"Super League";"Professional";"40782";"130286"
"104360";"Tigres";"Mexique";"1ère Division";"Professional";"42000";"135973"
"2000210131";"Benfica";"Portugal";"Championnat National";"Professional";"2720";"2000209806"
"2000254864";"Club América";"Mexique";"Première Division";"Professional";"87500";"2000199505"
"948";"SV Werder Bremen";"Allemagne";"Bundesliga";"Professional";"45100";"22"
"967";"AEK";"Grèce";"Super League 1";"Professional";"31527";"129650"
"991";"AZ";"Pays-Bas";"Eredivisie";"Professional";"19500";"29"
"1257";"Monterrey";"Mexique";"1ère Division";"Professional";"52000";"135973"
"1569";"Celtic";"Écosse";"William Hill Premiership";"Professional";"60363";"45"
"72052048";"Inter Miami";"États-Unis";"MLS";"Professional";"21550";"40"
"2000167908";"Real San Sebastián";"Espagne";"Première Division";"Professional";"2500";"2000167898"
"2000254401";"Pachuca";"Mexique";"Première Division";"Professional";"30024";"2000199505"
"315";"BAH";"Brésil";"1ère Division";"Professional";"50025";"102423"
"618";"Brighton";"Angleterre";"Premier League";"Professional";"31876";"11"
"2247";"Hertha BSC";"Allemagne";"Bundesliga 2";"Professional";"73856";"23"
"72049313";"LAFC";"États-Unis";"MLS";"Professional";"22000";"40"
"2000199511";"Rayadas";"Mexique";"Première Division";"Professional";"52000";"2000199505"
"335";"SAN";"Brésil";"1ère Division";"Professional";"16068";"102423"
"944";"Sport-Club Freiburg";"Allemagne";"Bundesliga";"Professional";"34700";"22"
"1123";"Como";"Italie";"Serie A";"Professional";"13602";"32"
"1907";"LA Galaxy";"États-Unis";"MLS";"Professional";"27000";"40"
"116204";"Pachuca";"Mexique";"1ère Division";"Professional";"30024";"135973"
"879226";"TSG Hoffenheim";"Allemagne";"Bundesliga";"Professional";"30150";"22"
"2000167910";"Sevilla";"Espagne";"Première Division";"Professional";"5000";"2000167898"
"2000252593";"OM";"France";"Division 1";"Professional";"8500";"2000149107"
"339";"VDG";"Brésil";"1ère Division";"Professional";"21590";"102423"
"155";"SK Rapid";"Autriche";"Première Ligue";"Professional";"28345";"136543"
"474";"Slavia";"Rép. tchèque";"1ère Division";"Professional";"20800";"131287"
"505";"FC København";"Danemark";"3F Superliga";"Professional";"38265";"6"
"735";"West Ham";"Angleterre";"Premier League";"Professional";"62500";"11"
"1055";"Ferencváros";"Hongrie";"Division I";"Professional";"22000";"7520391"
"1174";"Torino";"Italie";"Serie A";"Professional";"28177";"32"
"1525";"Lokomotiv Moscow";"Russie";"Première Ligue";"Professional";"27320";"130486"
"1529";"Spartak Moscow";"Russie";"Première Ligue";"Professional";"46990";"130486"
"1688";"Alavés";"Espagne";"Première Division";"Professional";"19200";"67"
"37087234";"FC Twente";"Pays-Bas";"Première Division";"Professional";"3000";"2000180030"
"2000104565";"Brighton";"Angleterre";"WSL";"Professional";"5836";"2000101095"
"2000113596";"Liverpool";"Angleterre";"WSL";"Professional";"18000";"2000101095"
"2000148291";"Bayer Leverkusen";"Allemagne";"GP Frauen-Bundesliga";"Professional";"2817";"2000148115"
"2000166586";"Brann";"Norvège";"Première Division";"Professional";"17685";"2000148543"
"2000166588";"Vålerenga";"Norvège";"Première Division";"Professional";"16556";"2000148543"
"2000209828";"Fiorentina";"Italie";"Serie A Women Athora";"Professional";"3000";"2000168606"
"324";"GRE";"Brésil";"1ère Division";"Professional";"55726";"102423"
"156";"SK Sturm Graz";"Autriche";"Première Ligue";"Professional";"16364";"136543"
"642";"Crystal Palace";"Angleterre";"Premier League";"Professional";"25486";"11"
"846";"FC Nantes";"France";"Ligue 1 McDonald's";"Professional";"35322";"16"
"1725";"Espanyol";"Espagne";"Première Division";"Professional";"40000";"67"
"2061";"Brest";"France";"Ligue 1 McDonald's";"Professional";"15500";"16"
"102355";"Toluca";"Mexique";"1ère Division";"Professional";"31000";"135973"
"121182";"1. FC Union Berlin";"Allemagne";"Bundesliga";"Professional";"22012";"22"
"72014006";"Seattle";"États-Unis";"MLS";"Professional";"68740";"40"
"2000252483";"Strasbourg";"France";"Division 1";"Professional";"3000";"2000149107"
"326";"INT";"Brésil";"1ère Division";"Professional";"50128";"102423"
"258";"KRC Genk";"Belgique";"Jupiler Pro League";"Professional";"24956";"1"
"650";"Everton";"Angleterre";"Premier League";"Professional";"52769";"11"
"918";"1. FSV Mainz 05";"Allemagne";"Bundesliga";"Professional";"33305";"22"
"1488";"BRG";"Portugal";"Première Ligue";"Professional";"30286";"60"
"1520";"Dinamo Moscow";"Russie";"Première Ligue";"Professional";"26319";"130486"
"1729";"Vallecano";"Espagne";"Première Division";"Professional";"14708";"67"
"1904";"Columbus";"États-Unis";"MLS";"Professional";"20371";"40"
"106756";"Al-Ahly";"Égypte";"Premier Division";"Professional";"74100";"12015393"
"37087229";"Ajax";"Pays-Bas";"Première Division";"Professional";"2100";"2000180030"
"2000169149";"Casciavit";"Italie";"Serie A Women Athora";"Professional";"4000";"2000168606"
"2000252486";"FC Nantes";"France";"Division 1";"Professional";"2280";"2000149107"
"93";"Racing Club";"Argentine";"1ère Division";"Professional";"51000";"102421"
"432";"Dinamo";"Croatie";"1ère Division";"Professional";"35023";"129645"
"654";"Fulham";"Angleterre";"Premier League";"Professional";"29600";"11"
"692";"Nott'm Forest";"Angleterre";"Premier League";"Professional";"31576";"11"
"1259";"León";"Mexique";"1ère Division";"Professional";"35000";"135973"
"1570";"Rangers";"Écosse";"William Hill Premiership";"Professional";"51286";"45"
"72041885";"NYCFC";"États-Unis";"MLS";"Professional";"54521";"40"
"2000104583";"West Ham";"Angleterre";"WSL";"Professional";"6078";"2000101095"
"2000178048";"Havre AC";"France";"Division 1";"Professional";"24500";"2000149107"
"2000209673";"Sporting CP";"Portugal";"Championnat National";"Professional";"1184";"2000209806"
"2000209838";"SKN St. Pölten";"Autriche";"Première division féminin";"Professional";"8000";"2000209813"
"617";"Brentford";"Angleterre";"Premier League";"Professional";"17250";"11"
"740";"Wolves";"Angleterre";"Premier League";"Professional";"31852";"11"
"872";"Strasbourg";"France";"Ligue 1 McDonald's";"Professional";"32047";"16"
"1132";"Genoa";"Italie";"Serie A";"Professional";"33205";"32"
"1726";"Mallorca";"Espagne";"Première Division";"Professional";"23142";"67"
"106027";"Atlas";"Mexique";"1ère Division";"Professional";"56713";"135973"
"106063";"Al-Ittihad";"Arabie saoudite";"1ère division saoudienne";"Professional";"62241";"7920263"
"2000167904";"Madrid FC";"Espagne";"Première Division";"Professional";"4500";"2000167898"
"89";"Independiente";"Argentine";"1ère Division";"Professional";"48000";"102421"
"152";"FK Austria Vienna";"Autriche";"Première Ligue";"Professional";"20404";"136543"
"288";"Union SG";"Belgique";"Jupiler Pro League";"Professional";"8500";"1"
"317";"BRA";"Brésil";"1ère Division";"Professional";"12000";"102423"
"671";"Leeds";"Angleterre";"Premier League";"Professional";"37645";"11"
"828";"Saint-Étienne";"France";"Ligue 2 BKT";"Professional";"42000";"17"
"1178";"Udinese";"Italie";"Serie A";"Professional";"25132";"32"
"1293";"Bodø/Glimt";"Norvège";"Première division";"Professional";"8270";"1300397"
"1895";"Shakhtar";"Ukraine";"Championnat d'Ukraine";"Professional";"33400";"5314301"
"1955";"Crvena zvezda";"Serbie";"Super League";"Professional";"51755";"132321"
"2201";"Hellas Verona";"Italie";"Serie A";"Professional";"39210";"32"
"2238";"FC Augsburg";"Allemagne";"Bundesliga";"Professional";"30660";"22"
"127787";"Qarabag FK";"Azerbaïdjan";"Yuksak Liqa d'Azerbaïjan";"Professional";"5800";"59006943"
"950376";"Al-Ain FC";"E.A.U.";"ADNOC Pro League";"Professional";"25000";"7880000"
"975489";"Portland";"États-Unis";"MLS";"Professional";"25000";"40"
"22003969";"Ludogorets";"Bulgarie";"Championnat A";"Professional";"10471";"7500000"
"72047296";"Atlanta United";"États-Unis";"MLS";"Professional";"73019";"40"
"2000148284";"SV Werder Bremen";"Allemagne";"GP Frauen-Bundesliga";"Professional";"5000";"2000148115"
"2000148287";"SC Freiburg";"Allemagne";"GP Frauen-Bundesliga";"Professional";"24000";"2000148115"
"2000148290";"1. FC Köln";"Allemagne";"GP Frauen-Bundesliga";"Professional";"5200";"2000148115"
"2000167912";"Costa Adeje";"Espagne";"-";"Professional";"1100";"-1"
"2000212728";"Reims";"France";"Division 2";"Professional";"2000";"2000183888"
"2000228397";"Nippon TV Tokyo Beleza";"Japon";"SOMPO WE League";"Professional";"7137";"2000225855"
"2000252768";"Celesti";"Italie";"Serie A Women Athora";"Professional";"3000";"2000168606"
"2000337848";"Palmeiras";"Brésil";"Première division";"Professional";"13000";"2000314935"
"96";"San Lorenzo";"Argentine";"1ère Division";"Professional";"47900";"102421"
"256";"RSC Anderlecht";"Belgique";"Jupiler Pro League";"Professional";"21500";"1"
"600";"Bournemouth";"Angleterre";"Premier League";"Professional";"11700";"11"
"1009";"FC Twente";"Pays-Bas";"Eredivisie";"Professional";"30205";"29"
"1114";"Cagliari";"Italie";"Serie A";"Professional";"16412";"32"
"1456";"Legia";"Pologne";"PKO BP Ekstraklasa";"Professional";"31103";"129558"
"1714";"Granada";"Espagne";"2ème Division";"Professional";"21366";"68"
"1717";"Levante";"Espagne";"Première Division";"Professional";"26354";"67"
"1747";"Valladolid";"Espagne";"2ème Division";"Professional";"27618";"68"
"106029";"Santos Laguna";"Mexique";"1ère Division";"Professional";"30000";"135973"
"476";"Sparta Prague";"Rép. tchèque";"1ère Division";"Professional";"19000";"131287"
"859";"Montpellier";"France";"Ligue 2 BKT";"Professional";"19872";"17"
"905";"VfL Bochum 1848";"Allemagne";"Bundesliga 2";"Professional";"26000";"23"
"1156";"Parma";"Italie";"Serie A";"Professional";"22352";"32"
"1847";"Young Boys";"Suisse";"Super League";"Professional";"14000";"137889"
"1849";"Basel";"Suisse";"Super League";"Professional";"38512";"137889"
"2047";"Reims";"France";"Ligue 2 BKT";"Professional";"20546";"17"
"102853";"Al Sadd";"Qatar";"Première Division";"Professional";"12946";"5632126"
"102862";"Al Nassr";"Arabie saoudite";"1ère division saoudienne";"Professional";"26004";"7920263"
"130344";"Konyaspor";"Turquie";"Super League";"Professional";"37829";"130286"
"301344";"MFC";"Brésil";"1ère Division";"Professional";"15000";"102423"
"16034828";"Wolfsberger AC";"Autriche";"Première Ligue";"Professional";"7300";"136543"
"72000160";"New York";"États-Unis";"MLS";"Professional";"25219";"40"
"72000789";"Toronto FC";"Canada";"MLS";"Professional";"30991";"40"
"72019000";"Philadelphia";"États-Unis";"MLS";"Professional";"18500";"40"
"2000104567";"Leicester";"Angleterre";"WSL";"Professional";"32273";"2000101095"
"2000138348";"FC Rosengård";"Suède";"OBOS Damallsvenskan";"Professional";"7600";"2000138349"
"2000148285";"SGS Essen";"Allemagne";"GP Frauen-Bundesliga";"Professional";"19300";"2000148115"
"2000167913";"Valencia";"Espagne";"Deuxième Division";"Professional";"3500";"2000180088"
"2000214748";"RB Leipzig";"Allemagne";"GP Frauen-Bundesliga";"Professional";"2050";"2000148115"
"2000228003";"Urawa Reds";"Japon";"SOMPO WE League";"Professional";"21481";"2000225855"
"154";"LASK Linz";"Autriche";"Première Ligue";"Professional";"19080";"136543"
"262";"Antwerp";"Belgique";"Jupiler Pro League";"Professional";"22911";"1"
"427";"Atlético Nacional";"Colombie";"1ère Division";"Professional";"48700";"5260948"
"886";"Toulouse FC";"France";"Ligue 1 McDonald's";"Professional";"31800";"16"
"921";"Fortuna Düsseldorf";"Allemagne";"Bundesliga 2";"Professional";"53500";"23"
"927";"Hannover 96";"Allemagne";"Bundesliga 2";"Professional";"49000";"23"
"107206";"ATP";"Brésil";"2ème Division";"Professional";"42370";"107191"
"3800256";"Sassuolo";"Italie";"Serie A";"Professional";"21584";"32"
"20041327";"Cincinnati";"États-Unis";"MLS";"Professional";"26000";"40"
"2000166590";"Rosenborg";"Norvège";"Première Division";"Professional";"2000";"2000148543"
"2000167905";"Real Hispalis";"Espagne";"-";"Professional";"1500";"-1"
"2000183851";"ASSE";"France";"Division 1";"Professional";"1250";"2000149107"
"2000219496";"RC Lens";"France";"Division 1";"Professional";"5228";"2000149107"
"399";"Colo Colo";"Chili";"1ère Division";"Professional";"47000";"5250792"
"168";"KAA Gent";"Belgique";"Jupiler Pro League";"Professional";"20000";"1"
"419";"Junior";"Colombie";"1ère Division";"Professional";"49612";"5260948"
"477";"Viktoria Plzen";"Rép. tchèque";"1ère Division";"Professional";"11700";"131287"
"526";"FC Midtjylland";"Danemark";"3F Superliga";"Professional";"12152";"6"
"622";"Burnley";"Angleterre";"Premier League";"Professional";"22546";"11"
"899";"1. FC Nürnberg";"Allemagne";"Bundesliga 2";"Professional";"50000";"23"
"1010";"FC Utrecht";"Pays-Bas";"Eredivisie";"Professional";"23750";"29"
"1141";"U.S. Lecce";"Italie";"Serie A";"Professional";"38200";"32"
"1682";"Cádiz";"Espagne";"2ème Division";"Professional";"21061";"68"
"1753";"Eibar";"Espagne";"2ème Division";"Professional";"8050";"68"
"1772";"Las Palmas";"Espagne";"2ème Division";"Professional";"32400";"68"
"106844";"Kobe";"Japon";"J1 League";"Professional";"28996";"102428"
"2000469791";"Tenerife";"Espagne";"Première Division";"Professional";"21968";"2000167898"
"85";"Estudiantes (LP)";"Argentine";"1ère Division";"Professional";"32500";"102421"
"98";"Vélez";"Argentine";"1ère Division";"Professional";"49500";"102421"
"426";"Millonarios";"Colombie";"1ère Division";"Professional";"40312";"5260948"
"451";"APOEL";"Chypre";"Division A";"Professional";"22859";"692430"
"722";"Sunderland";"Angleterre";"Premier League";"Professional";"49000";"11"
"824";"Auxerre";"France";"Ligue 1 McDonald's";"Professional";"17997";"16"
"875";"Angers SCO";"France";"Ligue 1 McDonald's";"Professional";"18500";"16"
"945";"1. FC Kaiserslautern";"Allemagne";"Bundesliga 2";"Professional";"49327";"23"
"969";"Aris";"Grèce";"Super League 1";"Professional";"22574";"129650"
"1258";"Necaxa";"Mexique";"1ère Division";"Professional";"25000";"135973"
"1353";"Molde";"Norvège";"Première division";"Professional";"11249";"1300397"
"1494";"VTSC";"Portugal";"Première Ligue";"Professional";"30008";"60"
"1622";"Slovan Bratislava";"Slovaquie";"1ère Division";"Professional";"22500";"7560276"
"1952";"Partizan";"Serbie";"Super League";"Professional";"29775";"132321"
"109132";"MLS All-Stars East";"États-Unis";"-";"24";"0";"-1"
"109133";"MLS All-Stars West";"États-Unis";"-";"24";"0";"-1"
"130776";"Jeonbuk";"Corée du Sud";"K League 1";"Professional";"42477";"136407"
"1301104";"Rostov";"Russie";"Première Ligue";"Professional";"45145";"130486"
"4400014";"Vancouver";"Canada";"MLS";"Professional";"54320";"40"
"72005153";"MLS All-Stars";"États-Unis";"-";"24";"0";"-1"
"2000004793";"Mexican All Stars";"Mexique";"-";"24";"0";"-1"
"2000104564";"Birmingham City";"Angleterre";"WSL2";"Professional";"29409";"2000107193"
"2000169154";"Brøndby IF";"Danemark";"A-Liga";"Professional";"2400";"2000168609"
"2000202653";"Dijon FCO";"France";"Division 1";"Professional";"17085";"2000149107"
"2000209878";"HB Køge";"Danemark";"A-Liga";"Professional";"3000";"2000168609"
"2000211203";"São Paulo";"Brésil";"Première division";"Professional";"1500";"2000314935"
"2000228360";"INAC Kobe Leonessa";"Japon";"SOMPO WE League";"Professional";"28996";"2000225855"
"2000299287";"WH VV Jianghan Univ. FC";"Chine";"SLFC";"Professional";"200";"2000199497"
"2000320675";"Malmö FF";"Suède";"OBOS Damallsvenskan";"Professional";"22500";"2000138349"
"2000340782";"Hwacheon KSPO";"Corée du Sud";"Ligue féminine de Corée";"Semi-Professional";"3000";"2000214915"
"417";"América de Cali";"Colombie";"1ère Division";"Professional";"38648";"5260948"
"5270338";"LDU de Quito";"Équateur";"Serie A équatorienne";"Professional";"41305";"80000566"
"340";"VIT";"Brésil";"1ère Division";"Professional";"34345";"102423"
"404";"Univ. de Chile";"Chili";"1ère Division";"Professional";"22000";"5250792"
"90";"Lanús";"Argentine";"1ère Division";"Professional";"40000";"102421"
"421";"Deportivo Cali";"Colombie";"1ère Division";"Professional";"52000";"5260948"
"425";"Medellín";"Colombie";"1ère Division";"Professional";"48700";"5260948"
"429";"Tolima";"Colombie";"1ère Division";"Professional";"26000";"5260948"
"673";"Leicester";"Angleterre";"Sky Bet Championship";"Professional";"32273";"12"
"708";"Sheffield United";"Angleterre";"Sky Bet Championship";"Professional";"33301";"12"
"713";"Southampton";"Angleterre";"Sky Bet Championship";"Professional";"32384";"12"
"1455";"Lech";"Pologne";"PKO BP Ekstraklasa";"Professional";"42837";"129558"
"1678";"Leganés";"Espagne";"2ème Division";"Professional";"14422";"68"
"1905";"FC Dallas";"États-Unis";"MLS";"Professional";"20000";"40"
"102860";"Persepolis";"Iran";"Premier League";"Professional";"84412";"1018789"
"106808";"Ulsan";"Corée du Sud";"K League 1";"Professional";"44102";"136407"
"130343";"Basaksehir";"Turquie";"Super League";"Professional";"17067";"130286"
"136021";"Tijuana";"Mexique";"1ère Division";"Professional";"33333";"135973"
"72014193";"Orlando City";"États-Unis";"MLS";"Professional";"25500";"40"
"2000158666";"Glasgow City";"Écosse";"PLFE";"Professional";"1500";"2000132415"
"2000209845";"SCR Altach";"Autriche";"Première division féminin";"Semi-Professional";"8500";"2000209813"
"2000211764";"Flamengo";"Brésil";"Première division";"Professional";"16000";"2000314935"
"2000211765";"Ferroviária (SP)";"Brésil";"Première division";"Professional";"20421";"2000314935"
"2000212171";"BRG";"Portugal";"Championnat National";"Professional";"2800";"2000209806"
"2000254877";"Deportivo Toluca FC";"Mexique";"Première Division";"Professional";"31000";"2000199505"
"423";"Santa Fe";"Colombie";"1ère Division";"Professional";"40312";"5260948"
"80001277";"Independiente del Valle";"Équateur";"Serie A équatorienne";"Professional";"12000";"80000566"
"403";"Univ. Católica";"Chili";"1ère Division";"Professional";"16000";"5250792"
"109180";"Barcelona (ECU)";"Équateur";"Serie A équatorienne";"Professional";"57267";"80000566"
"1450";"Universitario";"Pérou";"1ère Division";"Professional";"80000";"5290551"
"496";"Brøndby IF";"Danemark";"3F Superliga";"Professional";"28000";"6"
"667";"Ipswich";"Angleterre";"Sky Bet Championship";"Professional";"30056";"12"
"867";"Paris FC";"France";"Ligue 1 McDonald's";"Professional";"20000";"16"
"946";"FC St. Pauli";"Allemagne";"Bundesliga";"Professional";"29546";"22"
"1097";"M. Tel-Aviv";"Israël";"Première Ligue";"Professional";"29106";"7860000"
"1126";"Empoli FC";"Italie";"Serie BKT";"Professional";"16000";"33"
"1149";"AC Monza";"Italie";"Serie BKT";"Professional";"17102";"33"
"1167";"Sampdoria";"Italie";"Serie BKT";"Professional";"33205";"33"
"1422";"Viking";"Norvège";"Première division";"Professional";"16300";"1300397"
"1707";"Elche";"Espagne";"Première Division";"Professional";"33732";"67"
"1921";"Nacional";"Uruguay";"1ère Division";"Professional";"31395";"5512770"
"2005";"FC Lorient";"France";"Ligue 1 McDonald's";"Professional";"16826";"16"
"102856";"Esteghlal";"Iran";"Premier League";"Professional";"84412";"1018789"
"104776";"CTB";"Brésil";"2ème Division";"Professional";"34872";"107191"
"1201001";"Wydad Casablanca";"Maroc";"Première division";"Professional";"45891";"12019395"
"37087233";"PSV";"Pays-Bas";"Première Division";"Professional";"2500";"2000180030"
"59041139";"FK Astana";"Kazakhstan";"PL du Kazakhstan";"Professional";"30200";"59007527"
"2000107810";"Bristol City";"Angleterre";"WSL2";"Professional";"26500";"2000107193"
"2000209837";"Sassuolo";"Italie";"Serie A Women Athora";"Professional";"4000";"2000168606"
"2000214956";"Slavia Prague";"Rép. tchèque";"Première Division";"Professional";"1000";"2000209811"
"2000252492";"LOSC";"France";"Division 2";"Professional";"1000";"2000183888"
"2000254868";"CD Guadalajara";"Mexique";"Première Division";"Professional";"49850";"2000199505"
"102489";"Talleres Cba.";"Argentine";"1ère Division";"Professional";"57000";"102421"
"104750";"FOR";"Brésil";"1ère Division";"Professional";"63903";"102423"
"78";"Argentinos Jrs.";"Argentine";"1ère Division";"Professional";"20000";"102421"
"95";"Rosario Central";"Argentine";"1ère Division";"Professional";"46900";"102421"
"844";"FC Metz";"France";"Ligue 1 McDonald's";"Professional";"28800";"16"
"1125";"Cremonese";"Italie";"Serie A";"Professional";"15191";"32"
"1193";"Hiroshima";"Japon";"J1 League";"Professional";"28347";"102428"
"1378";"Brann";"Norvège";"Première division";"Professional";"17685";"1300397"
"1661";"Almería";"Espagne";"2ème Division";"Professional";"18331";"68"
"1858";"Servette FC";"Suisse";"Super League";"Professional";"30000";"137889"
"102850";"Al Ahli";"Arabie saoudite";"1ère division saoudienne";"Professional";"62241";"7920263"
"102924";"Olimpia";"Paraguay";"1ère division";"Professional";"25820";"79010950"
"106755";"Zamalek";"Égypte";"Premier Division";"Professional";"74100";"12015393"
"107296";"Kawasaki-F";"Japon";"J1 League";"Professional";"30000";"102428"
"117754";"Alianza";"Pérou";"1ère Division";"Professional";"35000";"5290551"
"130338";"Göztepe";"Turquie";"Super League";"Professional";"23376";"130286"
"136007";"Puebla";"Mexique";"1ère Division";"Professional";"50754";"135973"
"137973";"SCR Altach";"Autriche";"Première Ligue";"Professional";"8500";"136543"
"1201011";"Raja Casablanca";"Maroc";"Première division";"Professional";"45891";"12019395"
"16324690";"WSG Tirol";"Autriche";"Première Ligue";"Professional";"17400";"136543"
"72023746";"Sporting KC";"États-Unis";"MLS";"Professional";"21193";"40"
"2000110652";"Crystal Palace";"Angleterre";"WSL2";"Professional";"5049";"2000107193"
"2000132416";"Hibernian";"Écosse";"PLFE";"Professional";"1280";"2000132415"
"2000177192";"Servette FCCF";"Suisse";"Super League";"Professional";"1000";"2000177190"
"2000202624";"EA Guingamp";"France";"Division 2";"Professional";"300";"2000183888"
"2000209829";"Como Women";"Italie";"Serie A Women Athora";"Professional";"5000";"2000168606"
"2000254869";"FC Juárez";"Mexique";"Première Division";"Professional";"22300";"2000199505"
"2000276263";"Racing Power";"Portugal";"Championnat National";"Professional";"1500";"2000209806"
"2000343610";"Seoul";"Corée du Sud";"Ligue féminine de Corée";"Semi-Professional";"1000";"2000214915"
"1922";"Peñarol";"Uruguay";"1ère Division";"Professional";"40000";"5512770"
"88";"Huracán";"Argentine";"1ère Division";"Professional";"48000";"102421"
"91";"Newell's";"Argentine";"1ère Division";"Professional";"49000";"102421"
"685";"Middlesbrough";"Angleterre";"Sky Bet Championship";"Professional";"34752";"12"
"691";"Norwich";"Angleterre";"Sky Bet Championship";"Professional";"27359";"12"
"734";"West Brom";"Angleterre";"Sky Bet Championship";"Professional";"26699";"12"
"1085";"H. Be'er-Sheva";"Israël";"Première Ligue";"Professional";"16126";"7860000"
"1179";"Venezia";"Italie";"Serie BKT";"Professional";"12048";"33"
"1909";"New England";"États-Unis";"MLS";"Professional";"19000";"40"
"1913";"D.C. United";"États-Unis";"MLS";"Professional";"19993";"40"
"2215";"Pisa";"Italie";"Serie A";"Professional";"17000";"32"
"108997";"SV Darmstadt 98";"Allemagne";"Bundesliga 2";"Professional";"17810";"23"
"980543";"Real Salt Lake";"États-Unis";"MLS";"Professional";"20252";"40"
"5661074";"At. San Luis";"Mexique";"1ère Division";"Professional";"28000";"135973"
"20030048";"Minnesota";"États-Unis";"MLS";"Professional";"19600";"40"
"20046403";"Nashville";"États-Unis";"MLS";"Professional";"30000";"40"
"2000152066";"CF Montréal";"Canada";"MLS";"Professional";"20801";"40"
"2000166593";"LSK";"Norvège";"Première Division";"Professional";"1700";"2000148543"
"2000204473";"FC Nordsjælland";"Danemark";"A-Liga";"Semi-Professional";"10000";"2000168609"
"2000214067";"Ferencváros";"Hongrie";"Première Division";"Semi-Professional";"800";"2000232706"
"2000278562";"Farul Constanta";"Roumanie";"Super League";"Professional";"4545";"2000232702"
"2000338455";"Internacional";"Brésil";"Première division";"Professional";"2800";"2000314935"
"2000338774";"Cruzeiro";"Brésil";"Première division";"Professional";"18870";"2000314935"
"5280161";"Libertad";"Paraguay";"1ère division";"Professional";"15000";"79010950"
"1445";"Cerro Porteño";"Paraguay";"1ère division";"Professional";"44000";"79010950"
"81";"Belgrano";"Argentine";"1ère Division";"Professional";"38500";"102421"
"349";"Levski";"Bulgarie";"Championnat A";"Professional";"17688";"7500000"
"433";"Hajduk";"Croatie";"1ère Division";"Professional";"34448";"129645"
"460";"Omonia";"Chypre";"Division A";"Professional";"22859";"692430"
"639";"Coventry";"Angleterre";"Sky Bet Championship";"Professional";"32604";"12"
"856";"Havre AC";"France";"Ligue 1 McDonald's";"Professional";"24500";"16"
"911";"SG Dynamo Dresden";"Allemagne";"Bundesliga 2";"Professional";"31859";"23"
"1186";"G-Osaka";"Japon";"J1 League";"Professional";"39694";"102428"
"1189";"Kashima";"Japon";"J1 League";"Professional";"40728";"102428"
"1198";"Yokohama F?M";"Japon";"J1 League";"Professional";"72327";"102428"
"1376";"Rosenborg";"Norvège";"Première division";"Professional";"21271";"1300397"
"1644";"Sundowns";"Afrique du Sud";"Prem. d'afrique du Sud";"Professional";"51762";"131234"
"1741";"Oviedo";"Espagne";"Première Division";"Professional";"30500";"67"
"1850";"Lugano";"Suisse";"Super League";"Professional";"14873";"137889"
"1853";"St. Gallen";"Suisse";"Super League";"Professional";"20029";"137889"
"1885";"Dinamo Kiev";"Ukraine";"Championnat d'Ukraine";"Professional";"70050";"5314301"
"2194";"Palermo";"Italie";"Serie BKT";"Professional";"36350";"33"
"106858";"Espérance Tunis";"Tunisie";"Ligue 1";"Professional";"75000";"12019164"
"108526";"Def. y Justicia";"Argentine";"1ère Division";"Professional";"12000";"102421"
"109177";"Emelec";"Équateur";"Serie A équatorienne";"Professional";"40059";"80000566"
"130509";"Rubin";"Russie";"Première Ligue";"Professional";"45105";"130486"
"136014";"Querétaro";"Mexique";"1ère Division";"Professional";"38575";"135973"
"137962";"FC Blau-Weiß Linz";"Autriche";"Première Ligue";"Professional";"5595";"136543"
"484442";"Qairat Almaty";"Kazakhstan";"PL du Kazakhstan";"Professional";"25057";"59007527"
"710052";"Jagiellonia";"Pologne";"PKO BP Ekstraklasa";"Professional";"22386";"129558"
"1101637";"Víkingur R.";"Islande";"Símadeildin";"Semi-Professional";"1449";"7840132"
"5512156";"Tractor";"Iran";"Premier League";"Professional";"66833";"1018789"
"5512191";"Sepahan FC";"Iran";"Premier League";"Professional";"75000";"1018789"
"16309710";"Grazer AK 1902";"Autriche";"Première Ligue";"Professional";"16364";"136543"
"22069955";"CSKA Sofia";"Bulgarie";"Championnat A";"Professional";"43358";"7500000"
"23418694";"Shabab Al-Ahli";"E.A.U.";"ADNOC Pro League";"Professional";"8500";"7880000"
"45015071";"J-League All-Stars";"Japon";"-";"Professional";"50339";"-1"
"72053036";"Austin FC";"États-Unis";"MLS";"Professional";"20738";"40"
"2000149123";"Celtic";"Écosse";"PLFE";"Professional";"6007";"2000132415"
"2000158668";"Rangers";"Écosse";"PLFE";"Professional";"51286";"2000132415"
"2000167909";"Eibar";"Espagne";"Première Division";"Professional";"8050";"2000167898"
"2000182364";"Djurgårdens IF";"Suède";"OBOS Damallsvenskan";"Professional";"1500";"2000138349"
"2000183892";"Rodez AF";"France";"Division 2";"Professional";"6761";"2000183888"
"2000183893";"Toulouse FC";"France";"Division 2";"Professional";"1700";"2000183888"
"2000210788";"Kristianstad DFF";"Suède";"OBOS Damallsvenskan";"Professional";"3080";"2000138349"
"2000252591";"OGC Nice";"France";"Division 2";"Professional";"1000";"2000183888"
"2000252603";"Granada";"Espagne";"Première Division";"Professional";"2000";"2000167898"
"2000252622";"IFK Norrköping";"Suède";"OBOS Damallsvenskan";"Professional";"16000";"2000138349"
"2000277991";"Galatasaray";"Turquie";"Super League";"Semi-Professional";"0";"2000232852"
"2000277992";"Fomget Gençlik";"Turquie";"Super League";"Semi-Professional";"18029";"2000232852"
"2000277993";"Fenerbahçe";"Turquie";"Super League";"Semi-Professional";"500";"2000232852"
"250";"Standard";"Belgique";"Jupiler Pro League";"Professional";"27670";"1"
"334";"REM";"Brésil";"2ème Division";"Professional";"13000";"107191"
"338";"SPT";"Brésil";"1ère Division";"Professional";"31520";"102423"
"732";"Watford";"Angleterre";"Sky Bet Championship";"Professional";"22200";"12"
"931";"Karlsruher SC";"Allemagne";"Bundesliga 2";"Professional";"32190";"23"
"1025";"N.E.C.";"Pays-Bas";"Eredivisie";"Professional";"12650";"29"
"1173";"Spezia";"Italie";"Serie BKT";"Professional";"12230";"33"
"1513";"FCSB";"Roumanie";"SuperLiga";"Professional";"55634";"7540024"
"102491";"Godoy Cruz";"Argentine";"1ère Division";"Professional";"21000";"102421"
"102555";"GOI";"Brésil";"2ème Division";"Professional";"15000";"107191"
"105180";"Montréal Impact";"Canada";"-";"Professional";"0";"-1"
"108893";"Chicago";"États-Unis";"MLS";"Professional";"62871";"40"
"308516";"Pereira";"Colombie";"1ère Division";"Professional";"30297";"5260948"
"722115";"Raków";"Pologne";"PKO BP Ekstraklasa";"Professional";"5500";"129558"
"932443";"FC Nordsjælland";"Danemark";"3F Superliga";"Professional";"10000";"6"
"72000112";"Houston";"États-Unis";"MLS";"Professional";"22039";"40"
"2000032491";"Charlotte FC";"États-Unis";"MLS";"Professional";"75523";"40"
"2000209839";"Sturm Graz";"Autriche";"Première division féminin";"Professional";"600";"2000209813"
"2000209879";"Fortuna Hjørring";"Danemark";"A-Liga";"Semi-Professional";"10000";"2000168609"
"2000214947";"Incheon Hyundai SRA";"Corée du Sud";"Ligue féminine de Corée";"Semi-Professional";"4968";"2000214915"
"1449";"Cristal";"Pérou";"1ère Division";"Professional";"18000";"5290551"
"92";"Platense";"Argentine";"1ère Division";"Professional";"22500";"102421"
"263";"Charleroi";"Belgique";"Jupiler Pro League";"Professional";"17824";"1"
"327";"JUV";"Brésil";"1ère Division";"Professional";"20000";"102423"
"420";"Once Caldas DAF";"Colombie";"1ère Division";"Professional";"28678";"5260948"
"612";"Blackburn";"Angleterre";"Sky Bet Championship";"Professional";"31363";"12"
"904";"DSC Arminia Bielefeld";"Allemagne";"Bundesliga 2";"Professional";"27332";"23"
"1015";"Go Ahead Eagles";"Pays-Bas";"Eredivisie";"Professional";"9979";"29"
"1036";"sc Heerenveen";"Pays-Bas";"Eredivisie";"Professional";"26200";"29"
"1039";"Sparta Rotterdam";"Pays-Bas";"Eredivisie";"Professional";"10599";"29"
"1093";"M. Haifa";"Israël";"Première Ligue";"Professional";"30870";"7860000"
"1166";"Salernitana";"Italie";"Série C/C";"Professional";"29739";"43127174"
"1410";"Tromsø";"Norvège";"Première division";"Professional";"6859";"1300397"
"1744";"S. Gijon";"Espagne";"2ème Division";"Professional";"30000";"68"
"1854";"Zürich";"Suisse";"Super League";"Professional";"26104";"137889"
"1865";"Antalyaspor";"Turquie";"Super League";"Professional";"32537";"130286"
"1903";"Colorado";"États-Unis";"MLS";"Professional";"18061";"40"
"1910";"San Jose";"États-Unis";"MLS";"Professional";"18000";"40"
"2199";"Frosinone";"Italie";"Serie BKT";"Professional";"16000";"33"
"2397";"Famalicão";"Portugal";"Première Ligue";"Professional";"5305";"60"
"102474";"Atl. Tucumán";"Argentine";"1ère Division";"Professional";"32000";"102421"
"104749";"CEA";"Brésil";"1ère Division";"Professional";"63903";"102423"
"121198";"SC Paderborn 07";"Allemagne";"Bundesliga 2";"Professional";"15000";"23"
"130360";"Kasimpasa";"Turquie";"Super League";"Professional";"13797";"130286"
"130382";"Sivasspor";"Turquie";"1. League";"Professional";"27817";"463479"
"135450";"Al-Jazira";"E.A.U.";"ADNOC Pro League";"Professional";"36186";"7880000"
"301304";"CHA";"Brésil";"2ème Division";"Professional";"18000";"107191"
"308107";"Cienciano";"Pérou";"1ère Division";"Professional";"42000";"5290551"
"880295";"1. FC Heidenheim 1846";"Allemagne";"Bundesliga";"Professional";"15000";"22"
"1300301";"Baník Ostrava";"Rép. tchèque";"1ère Division";"Professional";"15123";"131287"
"4212294";"Huesca";"Espagne";"2ème Division";"Professional";"9128";"68"
"7540205";"CFR Cluj";"Roumanie";"SuperLiga";"Professional";"23500";"7540024"
"13208139";"Pyramids";"Égypte";"Premier Division";"Professional";"30000";"12015393"
"51051219";"FC Juárez";"Mexique";"1ère Division";"Professional";"22300";"135973"
"2000153732";"St. Louis CITY";"États-Unis";"MLS";"Professional";"22423";"40"
"2000228340";"Sanfrecce Hiroshima";"Japon";"SOMPO WE League";"Professional";"28347";"2000225855"
"2000230555";"AIK";"Suède";"OBOS Damallsvenskan";"Professional";"4000";"2000138349"
"2000232562";"Hearts";"Écosse";"PLFE";"Professional";"1800";"2000132415"
"2000252766";"Napoli Women";"Italie";"Serie A Women Athora";"Professional";"3500";"2000168606"
"2000290848";"Newcastle";"Angleterre";"WSL2";"Professional";"11800";"2000107193"
"2000315190";"Boca";"Argentine";"Ligue YPF";"Professional";"1000";"2000315166"
"2000359007";"Union Berlin";"Allemagne";"GP Frauen-Bundesliga";"Professional";"22012";"2000148115"
"80";"Banfield";"Argentine";"1ère Division";"Professional";"22500";"102421"
"87";"Gimnasia (LP)";"Argentine";"1ère Division";"Professional";"27000";"102421"
"320";"CRI";"Brésil";"2ème Division";"Professional";"20000";"107191"
"609";"Birmingham";"Angleterre";"Sky Bet Championship";"Professional";"29409";"12"
"1110";"SSC Bari";"Italie";"Serie BKT";"Professional";"56000";"33"
"1195";"Urawa";"Japon";"J1 League";"Professional";"63820";"102428"
"1459";"Pogon";"Pologne";"PKO BP Ekstraklasa";"Professional";"21163";"129558"
"1645";"Orlando Pirates";"Afrique du Sud";"Prem. d'afrique du Sud";"Professional";"40000";"131234"
"1851";"Luzern";"Suisse";"Super League";"Professional";"18000";"137889"
"130366";"Rizespor";"Turquie";"Super League";"Professional";"14850";"130286"
"137959";"Hartberg";"Autriche";"Première Ligue";"Professional";"11850";"136543"
"5261741";"La Equidad";"Colombie";"-";"Professional";"0";"-1"
"23292170";"SH Port";"Chine";"Super League";"Professional";"33765";"130931"
"37087228";"ADO Den Haag";"Pays-Bas";"Première Division";"Professional";"15000";"2000180030"
"2000180672";"Zürich";"Suisse";"Super League";"Professional";"1500";"2000177190"
"2000210890";"Grasshopper";"Suisse";"Super League";"Professional";"1100";"2000177190"
"2000232153";"Gyeongju KHNP";"Corée du Sud";"Ligue féminine de Corée";"Semi-Professional";"12000";"2000214915"
"2000232701";"Olimpia Cluj";"Roumanie";"Super League";"Professional";"300";"2000232702"
"2000521375";"Internacional de Bogotá";"Colombie";"1ère Division";"Professional";"10000";"5260948"
"303815";"Melgar";"Pérou";"1ère Division";"Professional";"50000";"5290551"
"280";"OH Leuven";"Belgique";"Jupiler Pro League";"Professional";"10020";"1"
"289";"Westerlo";"Belgique";"Jupiler Pro League";"Professional";"8035";"1"
"441";"Rijeka";"Croatie";"1ère Division";"Professional";"8279";"129645"
"619";"Bristol City";"Angleterre";"Sky Bet Championship";"Professional";"26500";"12"
"721";"Stoke";"Angleterre";"Sky Bet Championship";"Professional";"30560";"12"
"724";"Swansea";"Pays de Galles";"Sky Bet Championship";"Professional";"21088";"12"
"840";"EA Guingamp";"France";"Ligue 2 BKT";"Professional";"19069";"17"
"1113";"Brescia";"Italie";"-";"Professional";"18250";"-1"
"1749";"Zaragoza";"Espagne";"2ème Division";"Professional";"20000";"68"
"1816";"Malmö FF";"Suède";"Première Ligue";"Professional";"22500";"50"
"1878";"Samsunspor";"Turquie";"Super League";"Professional";"33303";"130286"
"1992";"Clermont Foot";"France";"Ligue 2 BKT";"Professional";"17000";"17"
"2253";"SpVgg Greuther Fürth";"Allemagne";"Bundesliga 2";"Professional";"16626";"23"
"102462";"Colón";"Argentine";"2ème Division";"Professional";"40000";"102422"
"102467";"Unión (SF)";"Argentine";"1ère Division";"Professional";"29000";"102421"
"107201";"AMG";"Brésil";"2ème Division";"Professional";"23018";"107191"
"301151";"ATG";"Brésil";"2ème Division";"Professional";"12500";"107191"
"458718";"Alanyaspor";"Turquie";"Super League";"Professional";"10842";"130286"
"3100018";"Tigre";"Argentine";"1ère Division";"Professional";"21000";"102421"
"2000209826";"Parma Calcio";"Italie";"Serie A Women Athora";"Professional";"1000";"2000168606"
"2000259716";"San Diego FC";"États-Unis";"MLS";"Professional";"35000";"40"
"2000327915";"Grêmio";"Brésil";"Première division";"Professional";"16000";"2000314935"
"2000343609";"Sejong Sportstoto";"Corée du Sud";"Ligue féminine de Corée";"Semi-Professional";"996";"2000214915"
"130802";"Bucaramanga";"Colombie";"1ère Division";"Professional";"30000";"5260948"
"232";"KV Mechelen";"Belgique";"Jupiler Pro League";"Professional";"17320";"1"
"448";"AEK Larnakas";"Chypre";"Division A";"Professional";"8058";"692430"
"475";"Slovan Liberec";"Rép. tchèque";"1ère Division";"Professional";"9900";"131287"
"1014";"Fortuna Sittard";"Pays-Bas";"Eredivisie";"Professional";"12240";"29"
"1064";"Újpest";"Hongrie";"Division I";"Professional";"13500";"7520391"
"1191";"Nagoya";"Japon";"J1 League";"Professional";"43820";"102428"
"1446";"Municipal";"Pérou";"Division 3 du Pérou";"Professional";"12000";"2000454925"
"1471";"Boavista SAD";"Portugal";"Première division Porto d";"Semi-Professional";"30000";"83141244"
"1536";"Aberdeen";"Écosse";"William Hill Premiership";"Professional";"20961";"45"
"1614";"Dun. Streda";"Slovaquie";"1ère Division";"Professional";"12700";"7560276"
"1620";"Žilina";"Slovaquie";"1ère Division";"Professional";"11258";"7560276"
"1623";"Trnava";"Slovaquie";"1ère Division";"Professional";"18124";"7560276"
"1680";"Tenerife";"Espagne";"D1A Fédération espagnole";"Professional";"21968";"2000048844"
"1856";"Lausanne";"Suisse";"Super League";"Professional";"12577";"137889"
"2245";"Holstein Kiel";"Allemagne";"Bundesliga 2";"Professional";"15034";"23"
"2390";"Estoril Praia";"Portugal";"Première Ligue";"Professional";"8000";"60"
"2448";"Santa Clara";"Portugal";"Première Ligue";"Professional";"12800";"60"
"106054";"FAR Rabat";"Maroc";"Première division";"Professional";"68700";"12019395"
"107313";"FC Tokyo";"Japon";"J1 League";"Professional";"50000";"102428"
"130341";"Gazisehir FK";"Turquie";"Super League";"Professional";"30320";"130286"
"131289";"Slovácko";"Rép. tchèque";"1ère Division";"Professional";"8000";"131287"
"135214";"Al-Quwa Al-Jawiya";"Irak";"Stars League";"Professional";"45000";"23038303"
"136156";"Mladá Boleslav";"Rép. tchèque";"1ère Division";"Professional";"5000";"131287"
"318915";"CUI";"Brésil";"2ème Division";"Professional";"44000";"107191"
"475411";"Pakhtakor";"Ouzbékistan";"Superleague d'Ouzbékistan";"Professional";"35000";"59135038"
"788837";"FC Machida";"Japon";"J1 League";"Professional";"16300";"102428"
"8830831";"Águilas Doradas";"Colombie";"1ère Division";"Professional";"2500";"5260948"
"38032696";"Puskás Akadémia";"Hongrie";"Division I";"Professional";"3816";"7520391"
"57171586";"FC Rapid";"Roumanie";"SuperLiga";"Professional";"14050";"7540024"
"2000017276";"Mazatlán";"Mexique";"1ère Division";"Professional";"25000";"135973"
"2000133310";"Sydney FC";"Australie";"Ninja A-League";"Professional";"17000";"2000129935"
"2000148133";"Linköping FC";"Suède";"OBOS Damallsvenskan";"Professional";"7400";"2000138349"
"2000148293";"1. FFC Turbine Potsdam";"Allemagne";"Deuxième Division";"Professional";"10787";"2000180116"
"2000148545";"Stabæk";"Norvège";"Première Division";"Professional";"5500";"2000148543"
"2000158835";"Charlton";"Angleterre";"WSL2";"Professional";"27111";"2000107193"
"2000181540";"Bordeaux";"France";"D3 - Groupe B";"Semi-Professional";"7000";"2000278259"
"2000204055";"Espanyol";"Espagne";"Première Division";"Professional";"1500";"2000167898"
"2000209842";"First Vienna";"Autriche";"Première division féminin";"Professional";"5500";"2000209813"
"2000214696";"1. FC Nürnberg";"Allemagne";"GP Frauen-Bundesliga";"Professional";"50000";"2000148115"
"2000240095";"Deportivo Cali";"Colombie";"Première Division";"Professional";"52000";"2000281280"
"2000252487";"Le Mans FC";"France";"Division 2";"Professional";"1000";"2000183888"
"2000252586";"Grenoble";"France";"Division 2";"Professional";"1000";"2000183888"
"2000252765";"Ternana Women";"Italie";"Serie A Women Athora";"Professional";"2620";"2000168606"
"2000254876";"Tijuana";"Mexique";"Première Division";"Professional";"33333";"2000199505"
"2000343607";"Mungyeong Sangmu";"Corée du Sud";"Ligue féminine de Corée";"Semi-Professional";"9000";"2000214915"
"2000350872";"Metalist 1925 Kharkiv";"Ukraine";"Ligue féminine d'Ukraine";"Semi-Professional";"500";"2000232688"
"2000471304";"Como";"Italie";"Deuxième Division";"Semi-Professional";"500";"2000184919"
"2000477471";"Badalona";"Espagne";"Première Division";"Professional";"5938";"2000167898"
"2000477473";"F. Real Hispalis";"Espagne";"Deuxième Division";"Semi-Professional";"200";"2000180088"
"109178";"El Nacional";"Équateur";"Serie A équatorienne";"Professional";"35258";"80000566"
"184";"Cercle Brugge";"Belgique";"Jupiler Pro League";"Professional";"29062";"1"
"440";"Osijek";"Croatie";"1ère Division";"Professional";"13005";"129645"
"482";"AGF";"Danemark";"3F Superliga";"Professional";"11500";"6"
"709";"Sheffield Wednesday";"Angleterre";"Sky Bet Championship";"Professional";"40576";"12"
"1007";"FC Groningen";"Pays-Bas";"Eredivisie";"Professional";"22525";"29"
"1183";"Fukuoka";"Japon";"J1 League";"Professional";"21570";"102428"
"1185";"C-Osaka";"Japon";"J1 League";"Professional";"24481";"102428"
"1481";"Gil Vicente";"Portugal";"Première Ligue";"Professional";"12046";"60"
"1573";"Hearts";"Écosse";"William Hill Premiership";"Professional";"20099";"45"
"1575";"Hibernian";"Écosse";"William Hill Premiership";"Professional";"20246";"45"
"1780";"AIK";"Suède";"Première Ligue";"Professional";"53000";"50"
"1797";"Hammarby IF";"Suède";"Première Ligue";"Professional";"32000";"50"
"2383";"Rio Ave";"Portugal";"Première Ligue";"Professional";"5244";"60"
"130800";"Pasto";"Colombie";"1ère Division";"Professional";"28400";"5260948"
"135430";"Al-Wahda";"E.A.U.";"ADNOC Pro League";"Professional";"15000";"7880000"
"303816";"Sport Boys";"Pérou";"1ère Division";"Professional";"18000";"5290551"
"484610";"Tobyl";"Kazakhstan";"PL du Kazakhstan";"Professional";"9500";"59007527"
"485456";"Nasaf";"Ouzbékistan";"Superleague d'Ouzbékistan";"Professional";"22000";"59135038"
"930621";"Randers FC";"Danemark";"3F Superliga";"Professional";"10300";"6"
"5290566";"César Vallejo";"Pérou";"2ème Division";"Professional";"25000";"5290553"
"5705626";"Daegu";"Corée du Sud";"K League 1";"Professional";"12419";"136407"
"19144990";"GN";"Brésil";"2ème Division";"Professional";"20000";"107191"
"57111101";"Universitatea Craiova";"Roumanie";"SuperLiga";"Professional";"30944";"7540024"
"65036389";"Stellenbosch FC";"Afrique du Sud";"Prem. d'afrique du Sud";"Professional";"16000";"131234"
"2000133328";"Melbourne Victory";"Australie";"Ninja A-League";"Professional";"2800";"2000129935"
"2000133332";"Melbourne City";"Australie";"Ninja A-League";"Professional";"1500";"2000129935"
"2000173571";"FC Basel";"Suisse";"Super League";"Professional";"5060";"2000177190"
"2000182805";"Piteå IF";"Suède";"OBOS Damallsvenskan";"Professional";"2500";"2000138349"
"2000209841";"FK Austria Vienna";"Autriche";"Première division féminin";"Professional";"1000";"2000209813"
"2000227559";"Albirex Niigata";"Japon";"SOMPO WE League";"Professional";"41684";"2000225855"
"2000232676";"Sparta Prague";"Rép. tchèque";"Première Division";"Professional";"2600";"2000209811"
"2000245982";"Cerezo Osaka Yanmar";"Japon";"SOMPO WE League";"Professional";"24481";"2000225855"
"2000407730";"Vancouver Rise";"Canada";"Northern Super League";"Professional";"5288";"2000338477"
"2000407732";"AFC Toronto";"Canada";"Northern Super League";"Professional";"5000";"2000338477"
"2000407735";"Montreal Roses";"Canada";"Northern Super League";"Professional";"5581";"2000338477"
"5270423";"U. Católica (Quito)";"Équateur";"Serie A équatorienne";"Professional";"35258";"80000566"
"14018428";"Central Córdoba (SdE)";"Argentine";"1ère Division";"Professional";"30000";"102421"
"645";"Derby";"Angleterre";"Sky Bet Championship";"Professional";"33597";"12"
"665";"Hull";"Angleterre";"Sky Bet Championship";"Professional";"25586";"12"
"686";"Millwall";"Angleterre";"Sky Bet Championship";"Professional";"20146";"12"
"700";"Preston";"Angleterre";"Sky Bet Championship";"Professional";"23404";"12"
"701";"QPR";"Angleterre";"Sky Bet Championship";"Professional";"18224";"12"
"741";"Wrexham";"Pays de Galles";"Sky Bet Championship";"Professional";"10859";"12"
"831";"Amiens SC";"France";"Ligue 2 BKT";"Professional";"12999";"17"
"1083";"Betar Jérusalem";"Israël";"Première Ligue";"Professional";"11500";"7860000"
"1190";"Kashiwa";"Japon";"J1 League";"Professional";"18350";"102428"
"1523";"Krylja Sovetov";"Russie";"Première Ligue";"Professional";"44807";"130486"
"1852";"Sion";"Suisse";"Super League";"Professional";"20200";"137889"
"2237";"Eintracht Braunschweig";"Allemagne";"Bundesliga 2";"Professional";"23325";"23"
"2389";"Moreirense";"Portugal";"Première Ligue";"Professional";"6153";"60"
"5290571";"UTC";"Pérou";"1ère Division";"Professional";"18000";"5290551"
"6000006";"Sandhausen";"Allemagne";"Division Rég. Sud";"Professional";"15000";"27"
"58137861";"Akhmat";"Russie";"Première Ligue";"Professional";"30597";"130486"
"77005796";"Sport Huancayo";"Pérou";"1ère Division";"Professional";"20000";"5290551"
"2000208401";"Colo Colo";"Chili";"Première Division";"Professional";"47000";"2000338390"
"159";"Ried";"Autriche";"Première Ligue";"Professional";"7680";"136543"
"278";"STVV";"Belgique";"Jupiler Pro League";"Professional";"14600";"1"
"463";"Bohemians";"Rép. tchèque";"1ère Division";"Professional";"6300";"131287"
"468";"Jablonec";"Rép. tchèque";"1ère Division";"Professional";"6108";"131287"
"473";"Sigma Olomouc";"Rép. tchèque";"1ère Division";"Professional";"12522";"131287"
"876";"SC Bastia";"France";"Ligue 2 BKT";"Professional";"16048";"17"
"980";"OFI Crète";"Grèce";"Super League 1";"Professional";"16000";"129650"
"1037";"Heracles Almelo";"Pays-Bas";"Eredivisie";"Professional";"12242";"29"
"1047";"Willem II";"Pays-Bas";"Keuken Kampioen Divisie";"Professional";"15000";"30"
"1147";"Modena F.C.";"Italie";"Serie BKT";"Professional";"21151";"33"
"1312";"Fredrikstad";"Norvège";"Première division";"Professional";"12525";"1300397"
"1426";"Vålerenga";"Norvège";"Première division";"Professional";"16556";"1300397"
"1476";"MRT";"Portugal";"Deuxième Ligue";"Professional";"10600";"61"
"1500";"Dinamo Bucuresti";"Roumanie";"SuperLiga";"Professional";"55634";"7540024"
"1660";"Albacete";"Espagne";"2ème Division";"Professional";"17300";"68"
"1728";"R. Santander";"Espagne";"2ème Division";"Professional";"22308";"68"
"1787";"Djurgårdens IF";"Suède";"Première Ligue";"Professional";"32000";"50"
"1971";"Troyes";"France";"Ligue 2 BKT";"Professional";"20192";"17"
"2096";"Málaga";"Espagne";"2ème Division";"Professional";"28962";"68"
"102485";"Instituto";"Argentine";"1ère Division";"Professional";"23000";"102421"
"102849";"Al-Shorta";"Irak";"Stars League";"Professional";"45000";"23038303"
"104386";"Unión Magdalena";"Colombie";"1ère Division";"Professional";"16000";"5260948"
"106818";"Pohang";"Corée du Sud";"K League 1";"Professional";"15546";"136407"
"107208";"AVA";"Brésil";"2ème Division";"Professional";"17826";"107191"
"120936";"Envigado F.C.";"Colombie";"1ère Division";"Professional";"11000";"5260948"
"130780";"Palestino";"Chili";"1ère Division";"Professional";"10750";"5250792"
"301102";"CBR";"Brésil";"2ème Division";"Professional";"19000";"107191"
"309345";"Alianza Petrolera";"Colombie";"Liga Santandereana";"Amateur";"14000";"2000173871"
"652653";"SV Mattersburg";"Autriche";"-";"Professional";"15700";"-1"
"729500";"Arouca";"Portugal";"Première Ligue";"Professional";"5200";"60"
"786445";"J-League East";"Japon";"-";"Professional";"0";"-1"
"786446";"J-League West";"Japon";"-";"Professional";"0";"-1"
"4212197";"Mirandés";"Espagne";"2ème Division";"Professional";"19200";"68"
"16030340";"Admira/Wacker";"Autriche";"1ère Division";"Professional";"11850";"136544"
"23404990";"Al-Duhail";"Qatar";"Première Division";"Professional";"10221";"5632126"
"53021327";"Sarpsborg";"Norvège";"Première division";"Professional";"8700";"1300397"
"2000148289";"Carl Zeiss Jena";"Allemagne";"GP Frauen-Bundesliga";"Semi-Professional";"15416";"2000148115"
"2000148690";"Durham";"Angleterre";"WSL2";"Professional";"1800";"2000107193"
"2000158676";"RSC Anderlecht";"Belgique";"Super League";"Professional";"7515";"2000158675"
"2000183180";"CSKA Moscow";"Russie";"Championnat";"Professional";"3100";"2000183170"
"2000193347";"BSC YB Frauen";"Suisse";"Super League";"Professional";"32000";"2000177190"
"2000208415";"Independiente Santa Fe";"Colombie";"Première Division";"Professional";"40312";"2000281280"
"2000209843";"USV Neulengbach";"Autriche";"Première division féminin";"Semi-Professional";"2000";"2000209813"
"2000214916";"Suwon FC";"Corée du Sud";"Ligue féminine de Corée";"Semi-Professional";"24670";"2000214915"
"2000278550";"Politehnica Timisoara";"Roumanie";"Super League";"Semi-Professional";"3200";"2000232702"
"2000359306";"Alianza Valledupar F.C.";"Colombie";"1ère Division";"Professional";"14000";"5260948"
"2000407736";"Ottawa Rapid";"Canada";"Northern Super League";"Professional";"24000";"2000338477"
"308091";"Aucas";"Équateur";"Serie A équatorienne";"Professional";"18799";"80000566"
"77017082";"Cusco FC";"Pérou";"1ère Division";"Professional";"42000";"5290551"
"199";"Dender EH";"Belgique";"Jupiler Pro League";"Professional";"6429";"1"
"406";"Beijing";"Chine";"Super League";"Professional";"66161";"130931"
"625";"Cardiff";"Pays de Galles";"Sky Bet League One";"Professional";"33280";"13"
"628";"Charlton";"Angleterre";"Sky Bet Championship";"Professional";"27111";"12"
"677";"Luton";"Angleterre";"Sky Bet League One";"Professional";"12175";"13"
"852";"Grenoble";"France";"Ligue 2 BKT";"Professional";"20068";"17"
"1012";"PEC Zwolle";"Pays-Bas";"Eredivisie";"Professional";"14000";"29"
"1119";"Catanzaro";"Italie";"Serie BKT";"Professional";"13500";"33"
"1120";"Cesena FC";"Italie";"Serie BKT";"Professional";"23680";"33"
"1164";"Reggiana";"Italie";"Serie BKT";"Professional";"21584";"33"
"1380";"Sandefjord";"Norvège";"Première division";"Professional";"6600";"1300397"
"1397";"Start";"Norvège";"1ère Division";"Professional";"14563";"1300398"
"1468";"Widzew";"Pologne";"PKO BP Ekstraklasa";"Professional";"18018";"129558"
"1705";"Coruña";"Espagne";"2ème Division";"Professional";"34610";"68"
"1737";"R. Madrid B";"Espagne";"D1A Fédération espagnole";"Professional";"6000";"2000048844"
"2386";"P. Ferreira";"Portugal";"Deuxième Ligue";"Professional";"9076";"61"
"130804";"Atlético Huila";"Colombie";"-";"Professional";"27000";"-1"
"829172";"Südtirol";"Italie";"Serie BKT";"Professional";"5520";"33"
"3101516";"Sarmiento (Junín)";"Argentine";"1ère Division";"Professional";"19000";"102421"
"5260325";"Boyacá Chicó F.C.";"Colombie";"1ère Division";"Professional";"30000";"5260948"
"23071816";"CSL All Stars";"Chine";"-";"Professional";"0";"-1"
"26031118";"Pafos";"Chypre";"Division A";"Professional";"9394";"692430"
"76019314";"Fortaleza F.C.";"Colombie";"1ère Division";"Professional";"10000";"5260948"
"76034968";"Jaguares de Córdoba";"Colombie";"2ème Division";"Professional";"12000";"5260950"
"2000210103";"Hamburger SV";"Allemagne";"GP Frauen-Bundesliga";"Professional";"57000";"2000148115"
"2000217568";"América de Cali";"Colombie";"Première Division";"Professional";"38648";"2000281280"
"2000252759";"Genoa";"Italie";"Serie A Women Athora";"Professional";"2400";"2000168606"
"2000521377";"Independiente de Yumbo";"Colombie";"2ème Division";"Professional";"5000";"5260950"
"160";"SKN St. Pölten";"Autriche";"1ère Division";"Professional";"8000";"136544"
"167";"Neftçi PFK";"Azerbaïdjan";"Yuksak Liqa d'Azerbaïjan";"Professional";"11000";"59006943"
"231";"KV Kortrijk";"Belgique";"Challenger Pro League";"Professional";"9399";"2"
"299";"Zulte Waregem";"Belgique";"Jupiler Pro League";"Professional";"13113";"1"
"312";"Cortuluá";"Colombie";"-";"Professional";"15000";"-1"
"414";"Shenhua";"Chine";"Super League";"Professional";"65842";"130931"
"452";"Apollon L.";"Chypre";"Division A";"Professional";"10700";"692430"
"472";"Hradec Kralové";"Rép. tchèque";"1ère Division";"Professional";"9300";"131287"
"483";"AaB";"Danemark";"Betinia Liga";"Professional";"14115";"7"
"545";"OB";"Danemark";"3F Superliga";"Professional";"15790";"6"
"569";"Viborg FF";"Danemark";"3F Superliga";"Professional";"10221";"6"
"699";"Portsmouth";"Angleterre";"Sky Bet Championship";"Professional";"21444";"12"
"877";"SM Caen";"France";"National";"Professional";"20300";"18"
"1024";"NAC Breda";"Pays-Bas";"Eredivisie";"Professional";"20500";"29"
"1052";"Debrecen";"Hongrie";"Division I";"Professional";"20340";"7520391"
"1054";"Gyõr";"Hongrie";"Division I";"Professional";"15600";"7520391"
"1069";"Breiðablik";"Islande";"Símadeildin";"Semi-Professional";"3009";"7840132"
"1184";"Shonan";"Japon";"J1 League";"Professional";"15390";"102428"
"1192";"Kyoto";"Japon";"J1 League";"Professional";"21600";"102428"
"1194";"Shimizu";"Japon";"J1 League";"Professional";"40000";"102428"
"1452";"Górnik";"Pologne";"PKO BP Ekstraklasa";"Professional";"28236";"129558"
"1480";"Chaves";"Portugal";"Deuxième Ligue";"Professional";"9000";"61"
"1485";"Farense";"Portugal";"Deuxième Ligue";"Professional";"12000";"61"
"1515";"U Cluj";"Roumanie";"SuperLiga";"Professional";"30201";"7540024"
"1556";"Dundee United";"Écosse";"William Hill Premiership";"Professional";"14223";"45"
"1643";"Kaizer Chiefs";"Afrique du Sud";"Prem. d'afrique du Sud";"Professional";"87600";"131234"
"1646";"SuperSport Utd";"Afrique du Sud";"-";"Professional";"0";"-1"
"1668";"Barcelona B";"Espagne";"D2 Fédé espagnole Gr3";"Professional";"6000";"2000099905"
"1803";"IFK Göteborg";"Suède";"Première Ligue";"Professional";"18400";"50"
"1855";"Grasshoppers";"Suisse";"Super League";"Professional";"26104";"137889"
"1875";"Kayserispor";"Turquie";"Super League";"Professional";"32864";"130286"
"2233";"1. FC Magdeburg";"Allemagne";"Bundesliga 2";"Professional";"30098";"23"
"2433";"Nacional da Madeira";"Portugal";"Première Ligue";"Professional";"5586";"60"
"2443";"Casa Pia";"Portugal";"Première Ligue";"Professional";"6984";"60"
"101154";"First Vienna FC";"Autriche";"1ère Division";"Professional";"5500";"136544"
"102367";"Saprissa";"Costa Rica";"D1";"Professional";"23112";"80000563"
"102466";"San Martín (Tucumán)";"Argentine";"2ème Division";"Professional";"27000";"102422"
"106071";"Guaraní (PAR)";"Paraguay";"1ère division";"Professional";"8000";"79010950"
"107236";"VIL";"Brésil";"2ème Division";"Professional";"11788";"107191"
"129583";"Cracovia";"Pologne";"PKO BP Ekstraklasa";"Professional";"15114";"129558"
"129692";"Atromitos";"Grèce";"Super League 1";"Professional";"8969";"129650"
"130777";"Seoul";"Corée du Sud";"K League 1";"Professional";"66704";"136407"
"130801";"Real Cartagena";"Colombie";"2ème Division";"Professional";"20000";"5260950"
"131255";"Étoile Sahel";"Tunisie";"Ligue 1";"Professional";"60000";"12019164"
"135215";"Al-Zawra'a";"Irak";"Stars League";"Professional";"15443";"23038303"
"135217";"Al-Talaba";"Irak";"Stars League";"Professional";"10000";"23038303"
"309346";"Cúcuta Deportivo";"Colombie";"2ème Division";"Professional";"40000";"5260950"
"311086";"OPE";"Brésil";"2ème Division";"Professional";"10280";"107191"
"483762";"Ordabasy";"Kazakhstan";"PL du Kazakhstan";"Professional";"20000";"59007527"
"650047";"Zrinjski";"Bosnie";"Première Division";"Professional";"15000";"8401073"
"1104133";"Borac (BL)";"Bosnie";"Première Division";"Professional";"10000";"8401073"
"1200885";"Alajuelense";"Costa Rica";"D1";"Professional";"17895";"80000563"
"1300489";"Melbourne Victory";"Australie";"Isuzu UTE A-League";"Professional";"30050";"129985"
"1300490";"Sydney FC";"Australie";"Isuzu UTE A-League";"Professional";"17000";"129985"
"4203003";"Cartagena";"Espagne";"D1B Fédération espagnole";"Professional";"16000";"2000048846"
"5261740";"Patriotas Boyacá";"Colombie";"2ème Division";"Professional";"30000";"5260950"
"6000005";"SSV Jahn Regensburg";"Allemagne";"3. Liga";"Professional";"15210";"35010926"
"8832487";"Universidad San Martín";"Pérou";"2ème Division";"Professional";"18000";"5290553"
"15035999";"Western Sydney Wanderers";"Australie";"Isuzu UTE A-League";"Professional";"30000";"129985"
"15051934";"Melbourne City";"Australie";"Isuzu UTE A-League";"Professional";"30050";"129985"
"23177015";"Buriram Utd";"Thaïlande";"Ligue 1 de Thaïlande";"Professional";"32600";"5624920"
"71100094";"Polissia";"Ukraine";"Championnat d'Ukraine";"Professional";"5928";"5314301"
"76033284";"Llaneros F.C.";"Colombie";"1ère Division";"Professional";"15000";"5260948"
"2000133321";"Newcastle Jets";"Australie";"Ninja A-League";"Professional";"5000";"2000129935"
"2000135406";"Sunderland";"Angleterre";"WSL2";"Professional";"2500";"2000107193"
"2000166595";"Lyn";"Norvège";"Première Division";"Semi-Professional";"1000";"2000148543"
"2000167914";"Villarreal";"Espagne";"Deuxième Division";"Professional";"300";"2000180088"
"2000183171";"Lokomotiv Moscow";"Russie";"Championnat";"Professional";"10007";"2000183170"
"2000209703";"Växjö DFF";"Suède";"OBOS Damallsvenskan";"Professional";"12000";"2000138349"
"2000209835";"Sampdoria";"Italie";"-";"Semi-Professional";"2400";"-1"
"2000228258";"RB Omiya Ardija";"Japon";"SOMPO WE League";"Professional";"15491";"2000225855"
"2000230640";"Central Coast Mariners";"Australie";"Ninja A-League";"Professional";"20059";"2000129935"
"2000252485";"FC Metz";"France";"Division 2";"Professional";"28800";"2000183888"
"2000257663";"RB Bragantino";"Brésil";"Première division";"Professional";"7200";"2000314935"
"2000262009";"Lexington SC";"États-Unis";"USSL Super League";"Professional";"7500";"2000335879"
"2000277983";"Besiktas";"Turquie";"Super League";"Semi-Professional";"5000";"2000232852"
"2000373222";"SeaSters";"Ukraine";"Ligue féminine d'Ukraine";"Semi-Professional";"34164";"2000232688"
"2000388215";"FC Porto";"Portugal";"Champ féminin Nord";"Professional";"3800";"2000367936"
"351";"Lokomotiv Plovdiv";"Bulgarie";"Championnat A";"Professional";"10777";"7500000"
"453";"Aris Limassol";"Chypre";"Division A";"Professional";"10700";"692430"
"551";"Silkeborg IF";"Danemark";"3F Superliga";"Professional";"10000";"6"
"892";"Dinamo Tbilisi";"Géorgie";"Ligue Nationale Géorgie";"Professional";"54549";"59126495"
"928";"F.C. Hansa Rostock";"Allemagne";"3. Liga";"Professional";"29000";"35010926"
"1080";"Valur";"Islande";"Símadeildin";"Semi-Professional";"2465";"7840132"
"1138";"Juve Stabia";"Italie";"Serie BKT";"Professional";"10200";"33"
"1533";"Ural";"Russie";"1ère Division";"Professional";"35696";"130487"
"1637";"Celje";"Slovénie";"1ère Division";"Professional";"13059";"7580000"
"2062";"Laval MFC";"France";"Ligue 2 BKT";"Professional";"9500";"17"
"2072";"USL Dunkerque";"France";"Ligue 2 BKT";"Professional";"4933";"17"
"2195";"Cittadella";"Italie";"Série C/A";"Professional";"7623";"43127172"
"103283";"Ham Kam";"Norvège";"Première division";"Professional";"7700";"1300397"
"108510";"Aldosivi";"Argentine";"1ère Division";"Professional";"35500";"102421"
"108546";"San Martín (SJ)";"Argentine";"1ère Division";"Professional";"17000";"102421"
"120979";"Deportivo Cuenca";"Équateur";"Serie A équatorienne";"Professional";"14500";"80000566"
"130803";"Deportes Quindío";"Colombie";"2ème Division";"Professional";"21800";"5260950"
"135439";"Al-Wasl";"E.A.U.";"ADNOC Pro League";"Professional";"8544";"7880000"
"694366";"Asteras Tripolis";"Grèce";"Super League 1";"Professional";"7409";"129650"
"1200101";"Winterthur";"Suisse";"Super League";"Professional";"9464";"137889"
"3101453";"Independiente Mza.";"Argentine";"1ère Division";"Professional";"16000";"102421"
"4200566";"Burgos";"Espagne";"2ème Division";"Professional";"12642";"68"
"22033833";"Botev Plovdiv";"Bulgarie";"Championnat A";"Professional";"18777";"7500000"
"2000209870";"Valadares Gaia";"Portugal";"Championnat National";"Professional";"8272";"2000209806"
"2000259448";"OH Leuven";"Belgique";"Super League";"Professional";"3330";"2000158675"
"2000276294";"Gyor";"Hongrie";"Première Division";"Semi-Professional";"15600";"2000232706"
"2000364987";"Bodø/Glimt";"Norvège";"Première Division";"Professional";"8270";"2000148543"
"2000407731";"Calgary Wild";"Canada";"Northern Super League";"Professional";"46020";"2000338477"
"2000478007";"Union Brescia";"Italie";"Série C/A";"Professional";"18250";"43127172"
"102";"Pyunik";"Arménie";"Premier League";"Professional";"3100";"59006196"
"298";"Beerschot";"Belgique";"Challenger Pro League";"Professional";"12771";"2"
"332";"PON";"Brésil";"3ème Division";"Professional";"17728";"107192"
"400";"O'Higgins";"Chili";"1ère Division";"Professional";"7200";"5250792"
"450";"Anorthosis";"Chypre";"Division A";"Professional";"10230";"692430"
"470";"Ceské Budejovice";"Rép. tchèque";"2ème Division";"Professional";"6681";"131288"
"664";"Huddersfield";"Angleterre";"Sky Bet League One";"Professional";"24590";"13"
"695";"Oxford United";"Angleterre";"Sky Bet Championship";"Professional";"12573";"12"
"891";"Dinamo Batumi";"Géorgie";"Ligue Nationale Géorgie";"Professional";"20035";"59126495"
"949";"1. FC Saarbrücken";"Allemagne";"3. Liga";"Professional";"16003";"35010926"
"1046";"Vitesse";"Pays-Bas";"Keuken Kampioen Divisie";"Professional";"25000";"30"
"1154";"Padova";"Italie";"Serie BKT";"Professional";"18326";"33"
"1158";"Pescara";"Italie";"Serie BKT";"Professional";"23974";"33"
"1341";"Lillestrøm";"Norvège";"1ère Division";"Professional";"12200";"1300398"
"1535";"Al-Shabab";"Arabie saoudite";"1ère division saoudienne";"Professional";"13537";"7920263"
"1629";"Maribor";"Slovénie";"1ère Division";"Professional";"11709";"7580000"
"1783";"BK Häcken";"Suède";"Première Ligue";"Professional";"6300";"50"
"1802";"Elfsborg";"Suède";"Première Ligue";"Professional";"14500";"50"
"1873";"Gençlerbirligi";"Turquie";"Super League";"Professional";"45000";"130286"
"1876";"Kocaelispor";"Turquie";"Super League";"Professional";"34829";"130286"
"1957";"Vojvodina";"Serbie";"Super League";"Professional";"14853";"132321"
"2048";"Rodez";"France";"Ligue 2 BKT";"Professional";"6761";"17"
"2090";"Pau FC";"France";"Ligue 2 BKT";"Professional";"4500";"17"
"2220";"SPAL";"Italie";"-";"Professional";"16134";"-1"
"2424";"TND";"Portugal";"Première Ligue";"Professional";"5000";"60"
"102476";"Arsenal (Sarandí)";"Argentine";"2ème Division";"Professional";"13000";"102422"
"106363";"SC Austria Lustenau";"Autriche";"1ère Division";"Professional";"12000";"136544"
"120064";"U. Española";"Chili";"1ère Division";"Professional";"22000";"5250792"
"130289";"Eyüpspor";"Turquie";"Super League";"Professional";"3250";"130286"
"130821";"Diósgyõr";"Hongrie";"Division I";"Professional";"14798";"7520391"
"135313";"Erbil";"Irak";"Stars League";"Professional";"40000";"23038303"
"215359";"All-Stars";"Australie";"-";"Professional";"80000";"-1"
"401149";"Club Africain";"Tunisie";"Ligue 1";"Professional";"75000";"12019164"
"458631";"Fatih Karagümrük";"Turquie";"Super League";"Professional";"8000";"130286"
"494162";"Aqtöbe";"Kazakhstan";"PL du Kazakhstan";"Professional";"13500";"59007527"
"700198";"Mantova";"Italie";"Serie BKT";"Professional";"11219";"33"
"810090";"Alcorcón";"Espagne";"D1B Fédération espagnole";"Professional";"5100";"2000048846"
"952695";"Barracas Central";"Argentine";"1ère Division";"Professional";"10000";"102421"
"1300153";"Sarajevo";"Bosnie";"Première Division";"Professional";"34630";"8401073"
"1300309";"Teplice";"Rép. tchèque";"1ère Division";"Professional";"17078";"131287"
"3101457";"Patronato";"Argentine";"2ème Division";"Professional";"15000";"102422"
"4212307";"Ponferrada";"Espagne";"D1A Fédération espagnole";"Professional";"8432";"2000048844"
"5512198";"Foolad";"Iran";"Premier League";"Professional";"30655";"1018789"
"5626504";"Al-Mina'a";"Irak";"Stars League";"Professional";"30000";"23038303"
"7452072";"Villarreal B";"Espagne";"D1B Fédération espagnole";"Professional";"4500";"2000048846"
"7920352";"Al-Taawun";"Arabie saoudite";"1ère division saoudienne";"Professional";"30180";"7920263"
"23485682";"BG Pathum Utd";"Thaïlande";"Ligue 1 de Thaïlande";"Professional";"15114";"5624920"
"37087235";"PEC Zwolle";"Pays-Bas";"Première Division";"Professional";"14000";"2000180030"
"57151160";"Petrolul Ploiesti";"Roumanie";"SuperLiga";"Professional";"15073";"7540024"
"66006663";"Gangwon";"Corée du Sud";"K League 1";"Professional";"18370";"136407"
"2000030636";"Estrela da Amadora SAD";"Portugal";"Première Ligue";"Professional";"15000";"60"
"2000034502";"Sekhukhune Utd";"Afrique du Sud";"Prem. d'afrique du Sud";"Professional";"45560";"131234"
"2000104441";"Farul Constanta";"Roumanie";"SuperLiga";"Professional";"4545";"7540024"
"2000108253";"Sheffield United";"Angleterre";"WSL2";"Professional";"33301";"2000107193"
"2000166589";"Røa";"Norvège";"Première Division";"Semi-Professional";"2000";"2000148543"
"2000209867";"Torreense";"Portugal";"Championnat National";"Professional";"12000";"2000209806"
"2000230559";"IF Brommapojkarna";"Suède";"OBOS Damallsvenskan";"Professional";"5000";"2000138349"
"2000252592";"Thonon Evian Grand Geneve";"France";"Division 2";"Professional";"5000";"2000183888"
"2000276624";"Zenit Saint Petersburg";"Russie";"Championnat";"Professional";"3049";"2000183170"
"2000326587";"Internacional Palmira";"Colombie";"2ème Division";"Professional";"15000";"5260950"
"2000339289";"Fluminense";"Brésil";"Première division";"Professional";"10000";"2000314935"
"449";"AEL";"Chypre";"Division A";"Professional";"10700";"692430"
"614";"Bolton";"Angleterre";"Sky Bet League One";"Professional";"28723";"13"
"1060";"MTK";"Hongrie";"Division I";"Professional";"5014";"7520391"
"1090";"Hapoel Tel-Aviv";"Israël";"Première Ligue";"Professional";"29106";"7860000"
"1105";"Ascoli";"Italie";"Série C/B";"Professional";"11295";"43127173"
"1108";"U.S. Avellino 1912";"Italie";"Serie BKT";"Professional";"26000";"33"
"1116";"Carrarese";"Italie";"Serie BKT";"Professional";"5500";"33"
"1124";"Cosenza";"Italie";"Série C/C";"Professional";"21195";"43127174"
"1181";"Vicenza";"Italie";"Série C/A";"Professional";"12044";"43127172"
"1469";"KGHM Zaglebie";"Pologne";"PKO BP Ekstraklasa";"Professional";"16068";"129558"
"1584";"Motherwell";"Écosse";"William Hill Premiership";"Professional";"13409";"45"
"1639";"Olimpia";"Slovénie";"1ère Division";"Professional";"16038";"7580000"
"1743";"Real San Sebastián B";"Espagne";"2ème Division";"Professional";"2500";"68"
"2188";"Benevento";"Italie";"Série C/C";"Professional";"14461";"43127174"
"2227";"Ternana";"Italie";"Série C/B";"Professional";"14995";"43127173"
"2438";"PTM";"Portugal";"Deuxième Ligue";"Professional";"6240";"61"
"102487";"Quilmes";"Argentine";"2ème Division";"Professional";"30000";"102422"
"121265";"BTF";"Brésil";"2ème Division";"Professional";"29292";"107191"
"130496";"Fakel";"Russie";"1ère Division";"Professional";"10052";"130487"
"482314";"Nawbahor";"Ouzbékistan";"Superleague d'Ouzbékistan";"Professional";"21916";"59135038"
"514173";"Thun";"Suisse";"Super League";"Professional";"10014";"137889"
"714209";"Piast";"Pologne";"PKO BP Ekstraklasa";"Professional";"9736";"129558"
"763464";"Kristiansund";"Norvège";"Première division";"Professional";"4364";"1300397"
"1300885";"Slask";"Pologne";"D2";"Professional";"45105";"129559"
"5261737";"Tigres F.C.";"Colombie";"2ème Division";"Professional";"10000";"5260950"
"5261738";"Barranquilla F.C.";"Colombie";"2ème Division";"Professional";"20000";"5260950"
"7521327";"Paks";"Hongrie";"Division I";"Professional";"6163";"7520391"
"16057026";"SK Austria Klagenfurt";"Autriche";"1ère Division";"Professional";"32000";"136544"
"23046685";"Al-Jaish";"Qatar";"-";"Professional";"13000";"-1"
"57113687";"UTA Arad";"Roumanie";"SuperLiga";"Professional";"12700";"7540024"
"85052735";"FC Annecy";"France";"Ligue 2 BKT";"Professional";"17085";"17"
"2000169156";"Kolding IF";"Danemark";"A-Liga";"Professional";"12000";"2000168609"
"2000173676";"Southampton";"Angleterre";"WSL2";"Professional";"32384";"2000107193"
"2000180086";"Feyenoord";"Pays-Bas";"Première Division";"Professional";"1360";"2000180030"
"2000209704";"Vittsjö GIK";"Suède";"OBOS Damallsvenskan";"Professional";"2500";"2000138349"
"2000209875";"FC St. Gallen";"Suisse";"Super League";"Professional";"5700";"2000177190"
"2000212163";"Spartak";"Serbie";"Super League";"Professional";"13000";"2000232686"
"2000338778";"Real Brasília";"Brésil";"National Lower Division";"Professional";"1500";"2000338891"
"2000343063";"Spartak Moscow";"Russie";"Championnat";"Professional";"3077";"2000183170"
"2000343608";"Gangjin Swans";"Corée du Sud";"Ligue féminine de Corée";"Semi-Professional";"2000";"2000214915"
"2000350943";"Iberia 1999";"Géorgie";"Ligue Nationale Géorgie";"Professional";"24600";"59126495"
"2000407734";"Halifax Tides";"Canada";"Northern Super League";"Professional";"6200";"2000338477"
"86";"Ferro";"Argentine";"2ème Division";"Professional";"15000";"102422"
"328";"NAU";"Brésil";"3ème Division";"Professional";"22856";"107192"
"697";"Plymouth";"Angleterre";"Sky Bet League One";"Professional";"18214";"13"
"827";"Nancy";"France";"Ligue 2 BKT";"Professional";"20087";"17"
"873";"Red Star FC";"France";"Ligue 2 BKT";"Professional";"4766";"17"
"937";"VfL Osnabrück";"Allemagne";"3. Liga";"Professional";"16000";"35010926"
"978";"Larisa";"Grèce";"Super League 1";"Professional";"16118";"129650"
"979";"Levadeiakos";"Grèce";"Super League 1";"Professional";"5915";"129650"
"994";"SC Cambuur";"Pays-Bas";"Keuken Kampioen Divisie";"Professional";"15000";"30"
"1004";"Excelsior";"Pays-Bas";"Eredivisie";"Professional";"4400";"29"
"1011";"FC Volendam";"Pays-Bas";"Eredivisie";"Professional";"6800";"29"
"1032";"RKC Waalwijk";"Pays-Bas";"Keuken Kampioen Divisie";"Professional";"7508";"30"
"1157";"Pérouse";"Italie";"Série C/B";"Professional";"28000";"43127173"
"2142";"Vejle";"Danemark";"3F Superliga";"Professional";"11060";"6"
"102493";"Chacarita Jrs";"Argentine";"2ème Division";"Professional";"19000";"102422"
"104362";"Huachipato";"Chili";"1ère Division";"Professional";"10500";"5250792"
"129859";"Lokomotiva";"Croatie";"1ère Division";"Professional";"35023";"129645"
"137958";"SV Kapfenberg";"Autriche";"1ère Division";"Professional";"10000";"136544"
"309348";"Leones F.C.";"Colombie";"2ème Division";"Professional";"12000";"5260950"
"850022";"Almere City";"Pays-Bas";"Keuken Kampioen Divisie";"Professional";"4501";"30"
"1301106";"Baltika";"Russie";"Première Ligue";"Professional";"35212";"130486"
"7100042";"Yokohama FC";"Japon";"J1 League";"Professional";"15440";"102428"
"23295496";"Port";"Thaïlande";"Ligue 1 de Thaïlande";"Professional";"8000";"5624920"
"43036943";"Entella";"Italie";"Serie BKT";"Professional";"5535";"33"
"59025932";"Torpedo Kt.";"Géorgie";"Ligue Nationale Géorgie";"Professional";"19400";"59126495"
"59127607";"FC Noah";"Arménie";"Premier League";"Professional";"14935";"59006196"
"76045729";"Orsomarso S.C.";"Colombie";"2ème Division";"Professional";"10400";"5260950"
"2000038055";"TS Galaxy";"Afrique du Sud";"Prem. d'afrique du Sud";"Professional";"45014";"131234"
"2000258549";"FC Utrecht";"Pays-Bas";"Première Division";"Professional";"6000";"2000180030"
"169";"RAAL La Louvière";"Belgique";"Jupiler Pro League";"Professional";"8056";"1"
"257";"RWDM Brussels";"Belgique";"Challenger Pro League";"Professional";"12622";"2"
"818";"KuPS";"Finlande";"Première Ligue";"Professional";"8000";"129120"
"935";"SC Preußen Münster";"Allemagne";"Bundesliga 2";"Professional";"15050";"23"
"976";"Iraklis";"Grèce";"Super League 2 Nord";"Professional";"28020";"36086001"
"984";"Panionios";"Grèce";"Super League 2 Sud";"Professional";"11115";"36086002"
"986";"ADO Den Haag";"Pays-Bas";"Keuken Kampioen Divisie";"Professional";"15000";"30"
"1000";"De Graafschap";"Pays-Bas";"Keuken Kampioen Divisie";"Professional";"12600";"30"
"1404";"Strømsgodset";"Norvège";"Première division";"Professional";"8870";"1300397"
"1555";"Dundee";"Écosse";"William Hill Premiership";"Professional";"11850";"45"
"1695";"Lugo";"Espagne";"D1A Fédération espagnole";"Professional";"7114";"2000048844"
"1709";"Andorre";"Andorre";"2ème Division";"Professional";"5108";"68"
"1848";"Aarau";"Suisse";"Challenge League";"Professional";"8450";"137890"
"2391";"Alverca SAD";"Portugal";"Première Ligue";"Professional";"7700";"60"
"2403";"VIZ";"Portugal";"Deuxième Ligue";"Professional";"6565";"61"
"102356";"Atlante";"Mexique";"Liga de Expansión";"Professional";"24443";"2000017067"
"106028";"Morelia";"Mexique";"Liga de Expansión";"Professional";"41056";"2000017067"
"106749";"Slaven Belupo";"Croatie";"1ère Division";"Professional";"3134";"129645"
"106813";"Suwon";"Corée du Sud";"K League 2";"Professional";"43959";"66029602"
"106857";"CS Sfaxien";"Tunisie";"Ligue 1";"Professional";"16750";"12019164"
"107280";"Niigata";"Japon";"J1 League";"Professional";"41684";"102428"
"121183";"FC Erzgebirge Aue";"Allemagne";"3. Liga";"Professional";"16750";"35010926"
"129577";"Korona";"Pologne";"PKO BP Ekstraklasa";"Professional";"15500";"129558"
"130220";"Brisbane Roar";"Australie";"Isuzu UTE A-League";"Professional";"52500";"129985"
"130772";"AmaZulu";"Afrique du Sud";"Prem. d'afrique du Sud";"Professional";"70000";"131234"
"130782";"Everton";"Chili";"1ère Division";"Professional";"19173";"5250792"
"131108";"Macará";"Équateur";"Serie A équatorienne";"Professional";"10978";"80000566"
"131270";"Golden Arrows";"Afrique du Sud";"Prem. d'afrique du Sud";"Professional";"5000";"131234"
"135312";"Duhok";"Irak";"Stars League";"Professional";"15000";"23038303"
"135479";"Al-Ahli SC";"Syrie";"1ère Division";"Professional";"75000";"5635022"
"308104";"Alianza Atlético";"Pérou";"1ère Division";"Professional";"10000";"5290551"
"309353";"Bogotá F.C.";"Colombie";"2ème Division";"Professional";"10000";"5260950"
"539089";"SK Beveren";"Belgique";"Challenger Pro League";"Professional";"13290";"2"
"707654";"Crotone";"Italie";"Série C/C";"Professional";"11780";"43127174"
"715912";"Lechia";"Pologne";"PKO BP Ekstraklasa";"Professional";"41620";"129558"
"2106553";"SBE";"Brésil";"3ème Division";"Professional";"12578";"107192"
"2200063";"Atlético de Cali F.C.";"Colombie";"2ème Division";"Professional";"38648";"5260950"
"5260969";"Boca Juniors de Cali F.C.";"Colombie";"2ème Division";"Professional";"38648";"5260950"
"5340989";"Young Africans";"Tanzanie";"Première division";"Professional";"60000";"13211724"
"5370006";"Al-Masry";"Égypte";"Premier Division";"Professional";"22000";"12015393"
"8457492";"Adelaide";"Australie";"Isuzu UTE A-League";"Professional";"16500";"129985"
"8714658";"FC Ingolstadt 04";"Allemagne";"3. Liga";"Professional";"15500";"35010926"
"12005104";"RS Berkane";"Maroc";"Première division";"Professional";"12000";"12019395"
"19342677";"ACS";"Brésil";"2ème Division";"Professional";"6350";"107191"
"23078011";"Bangkok Utd";"Thaïlande";"Ligue 1 de Thaïlande";"Professional";"15114";"5624920"
"55000306";"SLB B";"Portugal";"Deuxième Ligue";"Professional";"2720";"61"
"57152989";"Otelul Galati";"Roumanie";"SuperLiga";"Professional";"13500";"7540024"
"58127493";"Orenburg";"Russie";"Première Ligue";"Professional";"10046";"130486"
"59130752";"Sabah FK";"Azerbaïdjan";"Yuksak Liqa d'Azerbaïjan";"Professional";"13000";"59006943"
"76003535";"Real Santander";"Colombie";"2ème Division";"Professional";"5500";"5260950"
"77029556";"Binacional";"Pérou";"-";"Professional";"18030";"-1"
"86047634";"Orense";"Équateur";"Serie A équatorienne";"Professional";"16456";"80000566"
"2000146771";"KIF Örebro DFF";"Suède";"Elitettan";"Professional";"12300";"2000230565"
"2000148999";"Breiðablik";"Islande";"Premier League";"Semi-Professional";"3009";"2000148997"
"2000149008";"Valur";"Islande";"Premier League";"Semi-Professional";"2465";"2000148997"
"2000190655";"Brescia";"Italie";"Deuxième Division";"Semi-Professional";"500";"2000184919"
"2000209863";"MRT";"Portugal";"Championnat National";"Professional";"1824";"2000209806"
"2000209882";"AGF";"Danemark";"A-Liga";"Semi-Professional";"11500";"2000168609"
"2000232942";"Standard Liège";"Belgique";"Super League";"Professional";"2000";"2000158675"
"2000252484";"US Saint-Malo";"France";"Division 2";"Professional";"1350";"2000183888"
"2000252605";"Coruña";"Espagne";"Première Division";"Professional";"34610";"2000167898"
"2000263090";"AVS SAD";"Portugal";"Première Ligue";"Professional";"6246";"60"
"2000273045";"Real Cundinamarca F.C.";"Colombie";"2ème Division";"Professional";"5256";"5260950"
"2000276618";"Dynamo Moscow";"Russie";"Championnat";"Semi-Professional";"790";"2000183170"
"2000277904";"Kolos";"Ukraine";"Ligue féminine d'Ukraine";"Semi-Professional";"500";"2000232688"
"2000278564";"Gloria Bistrita";"Roumanie";"Super League";"Professional";"15000";"2000232702"
"2000278776";"Crvena zvezda";"Serbie";"Super League";"Professional";"51755";"2000232686"
"2000279729";"Agram";"Croatie";"Ligue 1";"Semi-Professional";"4500";"2000232723"
"2000317223";"UAI Urquiza";"Argentine";"D2 d'Argentine";"Professional";"700";"2000343341"
"2000319255";"River";"Argentine";"Ligue YPF";"Professional";"1200";"2000315166"
"2000342506";"ASFAR";"Maroc";"Championnat du Maroc";"Professional";"68700";"2000338483"
"2000372993";"AJ Auxerre";"France";"Division 2";"Professional";"2800";"2000183888"
"447";"Varazdin";"Croatie";"1ère Division";"Professional";"10800";"129645"
"465";"Brno";"Rép. tchèque";"2ème Division";"Professional";"10785";"131288"
"533";"Lyngby";"Danemark";"Betinia Liga";"Professional";"6500";"7"
"606";"Barnsley";"Angleterre";"Sky Bet League One";"Professional";"23287";"13"
"702";"Reading";"Angleterre";"Sky Bet League One";"Professional";"24376";"13"
"857";"Le Mans FC";"France";"Ligue 2 BKT";"Professional";"25064";"17"
"890";"Dila";"Géorgie";"Ligue Nationale Géorgie";"Professional";"8230";"59126495"
"1003";"FC Emmen";"Pays-Bas";"Keuken Kampioen Divisie";"Professional";"8309";"30"
"1076";"KR";"Islande";"Símadeildin";"Semi-Professional";"2801";"7840132"
"1326";"Haugesund";"Norvège";"Première division";"Professional";"8983";"1300397"
"1632";"Koper";"Slovénie";"1ère Division";"Professional";"4047";"7580000"
"1704";"Córdoba";"Espagne";"2ème Division";"Professional";"21822";"68"
"1727";"Ferrol";"Espagne";"D1A Fédération espagnole";"Professional";"12043";"2000048844"
"1806";"IFK Norrköping";"Suède";"Première Ligue";"Professional";"16000";"50"
"2092";"Vigo B";"Espagne";"D1A Fédération espagnole";"Professional";"4500";"2000048844"
"2193";"Catania";"Italie";"Série C/C";"Professional";"20881";"43127174"
"2393";"Académica";"Portugal";"Troisième division - S";"Professional";"29744";"2000112233"
"102472";"Atl. Rafaela";"Argentine";"Zone Intérieure";"Professional";"16500";"108509"
"105898";"Yverdon";"Suisse";"Challenge League";"Professional";"6600";"137890"
"121208";"SV Wehen Wiesbaden";"Allemagne";"3. Liga";"Professional";"15295";"35010926"
"129665";"Panetolikos";"Grèce";"Super League 1";"Professional";"6613";"129650"
"130525";"Khimki";"Russie";"-";"Professional";"18636";"-1"
"137904";"Stade-Lausanne";"Suisse";"Challenge League";"Professional";"2000";"137890"
"137947";"FAC Wien";"Autriche";"1ère Division";"Professional";"3660";"136544"
"800118";"KFUM Oslo";"Norvège";"Première division";"Semi-Professional";"2200";"1300397"
"900678";"LEC";"Brésil";"3ème Division";"Professional";"8000";"107192"
"926867";"Sønderjyske";"Danemark";"3F Superliga";"Professional";"10100";"6"
"1300156";"Zeljeznicar";"Bosnie";"Première Division";"Professional";"13449";"8401073"
"1300307";"Karviná";"Rép. tchèque";"1ère Division";"Professional";"4833";"131287"
"3100019";"Temperley";"Argentine";"2ème Division";"Professional";"15000";"102422"
"5605072";"FC Admira Wacker Mödling";"Autriche";"-";"Professional";"11850";"-1"
"6002479";"SW Bregenz";"Autriche";"1ère Division";"Semi-Professional";"12000";"136544"
"7540447";"Botosani";"Roumanie";"SuperLiga";"Professional";"7782";"7540024"
"23043716";"CSL All Star South";"Chine";"-";"Professional";"0";"-1"
"23043717";"CSL All Star North";"Chine";"-";"Professional";"0";"-1"
"43058693";"FeralpiSalò";"Italie";"-";"Professional";"2364";"-1"
"57143011";"FC Hermannstadt";"Roumanie";"SuperLiga";"Professional";"12363";"7540024"
"58145347";"Sochi";"Russie";"Première Ligue";"Professional";"45959";"130486"
"59016347";"OKMK";"Ouzbékistan";"Superleague d'Ouzbékistan";"Professional";"12105";"59135038"
"66011708";"Gwangju";"Corée du Sud";"K League 1";"Professional";"10007";"136407"
"2000133315";"Adelaide United";"Australie";"Ninja A-League";"Professional";"6000";"2000129935"
"2000133326";"Western Sydney Wanderers";"Australie";"Ninja A-League";"Professional";"3000";"2000129935"
"2000228000";"Mynavi Sendai";"Japon";"SOMPO WE League";"Professional";"19526";"2000225855"
"2000232699";"SFK 2000";"Bosnie";"Premier League";"Professional";"3000";"2000209808"
"2000277979";"Fatih Karagümrük";"Turquie";"-";"Semi-Professional";"8000";"-1"
"2000278552";"FK Csikszereda";"Roumanie";"Super League";"Professional";"2600";"2000232702"
"2000292360";"Wellington Phoenix";"Nouvelle-Zélande";"Ninja A-League";"Professional";"1900";"2000129935"
"325";"GUA";"Brésil";"3ème Division";"Professional";"29130";"107192"
"467";"Zlín";"Rép. tchèque";"1ère Division";"Professional";"5898";"131287"
"888";"Valenciennes";"France";"National";"Professional";"25172";"18"
"1059";"Honvéd";"Hongrie";"Division II";"Professional";"8428";"152045"
"1068";"ZTE";"Hongrie";"Division I";"Professional";"11200";"7520391"
"1502";"Campionii FC Arges";"Roumanie";"SuperLiga";"Professional";"8000";"7540024"
"1580";"Kilmarnock";"Écosse";"William Hill Premiership";"Professional";"18128";"45"
"1596";"St Johnstone";"Écosse";"William Hill Championship";"Professional";"10696";"46"
"1597";"St Mirren";"Écosse";"William Hill Premiership";"Professional";"8002";"45"
"2009";"FCSM";"France";"National";"Professional";"20002";"18"
"108517";"Atlanta";"Argentine";"2ème Division";"Professional";"11000";"102422"
"135452";"Ittihad Kalba";"E.A.U.";"-";"Professional";"8148";"-1"
"662735";"Istra 1961";"Croatie";"1ère Division";"Professional";"9198";"129645"
"786547";"Okayama";"Japon";"J1 League";"Professional";"20000";"102428"
"3400801";"Al Rayyan";"Qatar";"Première Division";"Professional";"45032";"5632126"
"4203006";"Tarragona";"Espagne";"D1B Fédération espagnole";"Professional";"14600";"2000048846"
"5340073";"MC Alger";"Algérie";"League 1";"Professional";"66000";"12015290"
"5601448";"Amstetten";"Autriche";"1ère Division";"Professional";"3500";"136544"
"5645563";"Vyškov";"Rép. tchèque";"Division inférieure";"Professional";"1300";"136048"
"15004168";"Wellington Phoenix";"Nouvelle-Zélande";"Isuzu UTE A-League";"Professional";"34500";"129985"
"16046867";"SV Austria Salzburg";"Autriche";"1ère Division";"Semi-Professional";"1566";"136544"
"16077360";"SV Stripfing";"Autriche";"-";"Semi-Professional";"5000";"-1"
"24013516";"HNK Gorica";"Croatie";"1ère Division";"Professional";"6000";"129645"
"36136195";"Volos";"Grèce";"Super League 1";"Professional";"22189";"129650"
"58145316";"Akron";"Russie";"Première Ligue";"Professional";"3010";"130486"
"58145944";"Pari NN";"Russie";"Première Ligue";"Professional";"44149";"130486"
"59091534";"Zira FK";"Azerbaïdjan";"Yuksak Liqa d'Azerbaïjan";"Professional";"1512";"59006943"
"65010424";"Chippa Utd";"Afrique du Sud";"Prem. d'afrique du Sud";"Professional";"16000";"131234"
"77005834";"Ayacucho FC";"Pérou";"1ère Division";"Professional";"15000";"5290551"
"2000209864";"Famalicão";"Portugal";"Champ féminin Nord";"Professional";"500";"2000367936"
"2000214218";"SV Meppen";"Allemagne";"Deuxième Division";"Professional";"14112";"2000180116"
"2000214508";"Millonarios F.C.";"Colombie";"Première Division";"Professional";"10000";"2000281280"
"2000232805";"Mura";"Slovénie";"Ligue féminine";"Professional";"4506";"2000232806"
"2000276313";"KRC Genk";"Belgique";"Super League";"Professional";"1000";"2000158675"
"2000316789";"Atlético Nacional";"Colombie";"Première Division";"Professional";"48700";"2000281280"
"331";"PAY";"Brésil";"2ème Division";"Professional";"16000";"107191"
"816";"HJK";"Finlande";"Première Ligue";"Professional";"10770";"129120"
"839";"Dijon FCO";"France";"National";"Professional";"17085";"18"
"933";"MSV Duisburg";"Allemagne";"3. Liga";"Professional";"31512";"35010926"
"1033";"Roda JC";"Pays-Bas";"Keuken Kampioen Divisie";"Professional";"19979";"30"
"1196";"Tokyo-V";"Japon";"J1 League";"Professional";"50000";"102428"
"1493";"Leiria";"Portugal";"Deuxième Ligue";"Professional";"23888";"61"
"1690";"Castellón";"Espagne";"2ème Division";"Professional";"15500";"68"
"102490";"All Boys";"Argentine";"2ème Division";"Professional";"16000";"102422"
"102957";"Gimnasia (Jujuy)";"Argentine";"2ème Division";"Professional";"25000";"102422"
"104395";"Zob Ahan";"Iran";"Premier League";"Professional";"20000";"1018789"
"106757";"Ismaily";"Égypte";"Premier Division";"Professional";"18525";"12015393"
"109017";"Fuenlabrada";"Espagne";"D2 Fédé espagnole Gr5";"Professional";"4500";"2000099907"
"123001";"Perth Glory";"Australie";"Isuzu UTE A-League";"Professional";"20500";"129985"
"129666";"Panserraikos";"Grèce";"Super League 1";"Professional";"9500";"129650"
"130342";"Hatayspor";"Turquie";"1. League";"Professional";"25497";"463479"
"130795";"Cobresal";"Chili";"1ère Division";"Professional";"20752";"5250792"
"130823";"Nyíregyháza";"Hongrie";"Division I";"Professional";"8219";"7520391"
"131169";"JS Gige";"Chine";"-";"Professional";"18600";"-1"
"135216";"Al-Karkh";"Irak";"Stars League";"Professional";"5150";"23038303"
"135427";"Al-Ettifaq";"Arabie saoudite";"1ère division saoudienne";"Professional";"12924";"7920263"
"483003";"Neftchi Ferghana";"Ouzbékistan";"Superleague d'Ouzbékistan";"Professional";"20000";"59135038"
"5290586";"León de Huánuco";"Pérou";"Coupe du Pérou";"Professional";"20000";"5290552"
"5340078";"CR Belouizdad";"Algérie";"League 1";"Professional";"15000";"12015290"
"5640780";"Dukla Prague";"Rép. tchèque";"1ère Division";"Professional";"18000";"131287"
"5647950";"Pardubice";"Rép. tchèque";"1ère Division";"Professional";"4520";"131287"
"5661084";"UdeG";"Mexique";"Liga de Expansión";"Professional";"56713";"2000017067"
"6400020";"Novi Pazar";"Serbie";"Super League";"Professional";"12000";"132321"
"14031205";"Dep. Madryn";"Argentine";"2ème Division";"Professional";"12000";"102422"
"16123919";"FC Liefering";"Autriche";"1ère Division";"Professional";"29527";"136544"
"22070174";"CSKA 1948";"Bulgarie";"Championnat A";"Professional";"2000";"7500000"
"36077318";"Kifisia";"Grèce";"Super League 1";"Professional";"4999";"129650"
"38013478";"Kisvárda";"Hongrie";"Division I";"Professional";"2834";"7520391"
"59008221";"Araz";"Azerbaïdjan";"Yuksak Liqa d'Azerbaïjan";"Professional";"6700";"59006943"
"65028128";"Polokwane City";"Afrique du Sud";"Prem. d'afrique du Sud";"Professional";"45560";"131234"
"73000172";"Bunyodkor";"Ouzbékistan";"Superleague d'Ouzbékistan";"Professional";"34000";"59135038"
"2000148294";"SC Sand";"Allemagne";"Deuxième Division";"Professional";"2000";"2000180116"
"2000209874";"Luzern";"Suisse";"Super League";"Professional";"7000";"2000177190"
"2000230560";"Eskilstuna United DFF";"Suède";"Elitettan";"Semi-Professional";"7800";"2000230565"
"2000232707";"Osijek";"Croatie";"Ligue 1";"Professional";"19500";"2000232723"
"2000242133";"GKS Katowice";"Pologne";"Première Division";"Professional";"7455";"2000232705"
"2000263051";"Hertha Wels";"Autriche";"1ère Division";"Semi-Professional";"3000";"136544"
"2000276319";"Club YLA";"Belgique";"Super League";"Professional";"8950";"2000158675"
"303";"Dinamo Minsk";"Biélorussie";"Championnat Supérieur";"Professional";"22000";"7483354"
"309";"Bolívar";"Bolivie";"Première Division";"Professional";"43243";"86000000"
"1066";"Vasas";"Hongrie";"Division II";"Professional";"5054";"152045"
"1131";"Foggia";"Italie";"Série C/C";"Professional";"11318";"43127174"
"1458";"Wisla Plock";"Pologne";"PKO BP Ekstraklasa";"Professional";"15004";"129558"
"1864";"Ankaragücü";"Turquie";"2. League G1";"Professional";"45000";"463485"
"1867";"Bursaspor";"Turquie";"2. League G2";"Professional";"43361";"463486"
"1920";"Liverpool FC";"Uruguay";"1ère Division";"Professional";"9064";"5512770"
"2093";"Leonesa";"Espagne";"2ème Division";"Professional";"13451";"68"
"2205";"Lecco";"Italie";"Série C/A";"Professional";"5508";"43127172"
"2249";"Rot-Weiss Essen";"Allemagne";"3. Liga";"Professional";"19300";"35010926"
"2394";"Varzim";"Portugal";"Troisième division - N";"Professional";"7280";"2000112232"
"102482";"Morón";"Argentine";"2ème Division";"Professional";"32000";"102422"
"102486";"Nueva Chicago";"Argentine";"2ème Division";"Professional";"20000";"102422"
"120924";"Coquimbo";"Chili";"1ère Division";"Professional";"18744";"5250792"
"130501";"Arsenal Tula";"Russie";"1ère Division";"Professional";"20048";"130487"
"130778";"Audax";"Chili";"1ère Division";"Professional";"12000";"5250792"
"130798";"Ñublense";"Chili";"1ère Division";"Professional";"24000";"5250792"
"135448";"Al-Nasr";"E.A.U.";"ADNOC Pro League";"Professional";"15022";"7880000"
"138156";"Cherno More";"Bulgarie";"Championnat A";"Professional";"6250";"7500000"
"4212168";"Ibiza";"Espagne";"D1B Fédération espagnole";"Professional";"6200";"2000048846"
"7506471";"Arda";"Bulgarie";"Championnat A";"Professional";"11114";"7500000"
"7920359";"Al-Fateh";"Arabie saoudite";"1ère division saoudienne";"Professional";"11851";"7920263"
"23325084";"TJ Quanjian";"Chine";"-";"Professional";"30000";"-1"
"70054558";"Erzurumspor FK";"Turquie";"1. League";"Professional";"23277";"463479"
"2000149009";"Þór/KA";"Islande";"Premier League";"Semi-Professional";"2984";"2000148997"
"2000211382";"Independiente Medellín";"Colombie";"Première Division";"Professional";"48700";"2000281280"
"2000242774";"Pogon Szczecin";"Pologne";"Première Division";"Professional";"735";"2000232705"
"162";"Turan Tovuz";"Azerbaïdjan";"Yuksak Liqa d'Azerbaïjan";"Professional";"6800";"59006943"
"456";"Achna";"Chypre";"Division A";"Professional";"5367";"692430"
"481";"AC Horsens";"Danemark";"Betinia Liga";"Professional";"10496";"7"
"613";"Blackpool";"Angleterre";"Sky Bet League One";"Professional";"17338";"13"
"742";"Wycombe";"Angleterre";"Sky Bet League One";"Professional";"9446";"13"
"806";"KÍ";"Féroé";"Premiership";"Semi-Professional";"2500";"8300358"
"1062";"Videoton";"Hongrie";"Division II";"Professional";"14200";"152045"
"1289";"Ålesund";"Norvège";"1ère Division";"Professional";"10778";"1300398"
"1295";"Bryne";"Norvège";"Première division";"Professional";"4007";"1300397"
"1365";"Odd";"Norvège";"1ère Division";"Professional";"12293";"1300398"
"1474";"Belenenses";"Portugal";"Troisième division - S";"Professional";"19856";"2000112233"
"1477";"Penafiel";"Portugal";"Deuxième Ligue";"Professional";"5325";"61"
"1593";"Ross County";"Écosse";"William Hill Championship";"Professional";"6634";"46"
"1919";"Defensor Sporting";"Uruguay";"1ère Division";"Professional";"10312";"5512770"
"2002";"US Boulogne CO";"France";"Ligue 2 BKT";"Professional";"6006";"17"
"2075";"US Orléans";"France";"National";"Semi-Professional";"6833";"18"
"2218";"Pro Vercelli";"Italie";"Série C/A";"Professional";"5465";"43127172"
"2387";"Feirense";"Portugal";"Deuxième Ligue";"Professional";"5450";"61"
"2388";"Ac. Viseu";"Portugal";"Deuxième Ligue";"Professional";"8046";"61"
"2406";"Leixões";"Portugal";"Deuxième Ligue";"Professional";"8035";"61"
"102369";"CD Olimpia";"Honduras";"Ligue Nationale";"Professional";"34000";"87000201"
"102470";"Alte. Brown";"Argentine";"2ème Division";"Professional";"22000";"102422"
"116403";"Shandong";"Chine";"Super League";"Professional";"56808";"130931"
"120779";"Radnicki 1923";"Serbie";"Super League";"Professional";"15100";"132321"
"121200";"SV Elversberg";"Allemagne";"Bundesliga 2";"Professional";"10000";"23"
"130774";"Daejeon Hana";"Corée du Sud";"K League 1";"Professional";"42176";"136407"
"130873";"Ružomberok";"Slovaquie";"1ère Division";"Professional";"4876";"7560276"
"131250";"Simba SC";"Tanzanie";"Première division";"Professional";"60000";"13211724"
"135253";"Al-Faisaly";"Jordanie";"Première division";"Professional";"25000";"5635278"
"478105";"FC Sheriff";"Moldavie";"Super Liga de Moldavie";"Professional";"12798";"59007607"
"485667";"ML";"Biélorussie";"Championnat Supérieur";"Professional";"8144";"7483354"
"529014";"Ittihad";"Égypte";"Premier Division";"Professional";"13000";"12015393"
"717327";"Radomiak";"Pologne";"PKO BP Ekstraklasa";"Professional";"9400";"129558"
"952707";"Riestra";"Argentine";"1ère Division";"Professional";"7000";"102421"
"956891";"Gimnasia (Mendoza)";"Argentine";"2ème Division";"Professional";"11000";"102422"
"1300163";"Velez (M)";"Bosnie";"Première Division";"Professional";"6000";"8401073"
"1300567";"Kalamata";"Grèce";"Super League 2 Sud";"Professional";"4496";"36086002"
"3101435";"Estudiantes (Río IV)";"Argentine";"2ème Division";"Professional";"10000";"102422"
"3101504";"Def. de Belgrano";"Argentine";"2ème Division";"Professional";"8500";"102422"
"3501956";"Concarneau";"France";"National";"Professional";"3575";"18"
"4212207";"Eldense";"Espagne";"D1B Fédération espagnole";"Professional";"7500";"2000048846"
"5250019";"La Calera";"Chili";"1ère Division";"Professional";"9000";"5250792"
"5270169";"Delfín";"Équateur";"Serie A équatorienne";"Professional";"22000";"80000566"
"5340072";"JS Kabylie";"Algérie";"League 1";"Professional";"20000";"12015290"
"5341586";"Al-Hilal Omdurman";"Soudan";"Premier League";"Professional";"25000";"36513629"
"5622876";"Najaf";"Irak";"Stars League";"Professional";"30000";"23038303"
"5720002";"Vaduz";"Liechtenstein";"Challenge League";"Professional";"7001";"137890"
"6706354";"Amorebieta";"Espagne";"D2 Fédé espagnole Gr2";"Professional";"2800";"2000099904"
"7920362";"Al-Faisaly";"Arabie saoudite";"First Division League";"Professional";"6843";"7920264"
"8157175";"Lommel SK";"Belgique";"Challenger Pro League";"Professional";"12500";"2"
"8431344";"INF Clairefontaine";"France";"-";"Amateur";"2000";"-1"
"15086549";"Western";"Australie";"-";"Professional";"4000";"-1"
"23023168";"Gol Gohar";"Iran";"Premier League";"Professional";"8000";"1018789"
"38042162";"Kecskeméti TE";"Hongrie";"Division II";"Professional";"6320";"152045"
"43457019";"Reggio Audace";"Italie";"-";"Semi-Professional";"0";"-1"
"50034825";"Quevilly-Rouen";"France";"National";"Professional";"12171";"18"
"55000308";"FC Porto B";"Portugal";"Deuxième Ligue";"Professional";"3800";"61"
"59025577";"Istiqlol";"Tadjikistan";"Division Supérieure";"Professional";"21400";"59007964"
"65035889";"Cape Town City";"Afrique du Sud";"1ère Division";"Professional";"64100";"131235"
"65039207";"Richards Bay";"Afrique du Sud";"Prem. d'afrique du Sud";"Professional";"5000";"131234"
"71099430";"Metalist 1925";"Ukraine";"Championnat d'Ukraine";"Professional";"5928";"5314301"
"77002090";"Cantolao";"Pérou";"2ème Division";"Professional";"8000";"5290553"
"77016700";"Comerciantes";"Pérou";"1ère Division";"Professional";"8000";"5290551"
"86018286";"Mushuc Runa";"Équateur";"Serie A équatorienne";"Professional";"14400";"80000566"
"86055139";"Always Ready";"Bolivie";"Première Division";"Professional";"25000";"86000000"
"2000017421";"Cancún";"Mexique";"Liga de Expansión";"Professional";"20000";"2000017067"
"2000132428";"Brisbane Roar";"Australie";"Ninja A-League";"Professional";"10000";"2000129935"
"2000133319";"Canberra United";"Australie";"Ninja A-League";"Professional";"2500";"2000129935"
"2000133336";"Perth Glory";"Australie";"Ninja A-League";"Professional";"3000";"2000129935"
"2000142134";"Modern Sport";"Égypte";"Premier Division";"Professional";"74100";"12015393"
"2000167911";"S. Huelva";"Espagne";"D3 - Groupe 3";"Professional";"1000";"2000473694"
"2000173677";"Ipswich";"Angleterre";"WSL2";"Professional";"10105";"2000107193"
"2000182803";"Umeå IK";"Suède";"Elitettan";"Semi-Professional";"6500";"2000230565"
"2000191344";"Renmin Univ.";"Chine";"-";"Semi-Professional";"0";"-1"
"2000209859";"Yverdon";"Suisse";"Deuxième Division";"Professional";"6600";"2000276269"
"2000210783";"Shymkent";"Kazakhstan";"Championnat";"Professional";"500";"2000232680"
"2000216289";"Czarni Sosnowiec";"Pologne";"Première Division";"Professional";"5480";"2000232705"
"2000216290";"Górnik Leczna";"Pologne";"Première Division";"Professional";"7200";"2000232705"
"2000225565";"Molde";"Norvège";"Première Division";"Semi-Professional";"11249";"2000178041"
"2000232703";"Vorskla";"Ukraine";"Ligue féminine d'Ukraine";"Semi-Professional";"300";"2000232688"
"2000252668";"US Orléans";"France";"D3 - Groupe A";"Semi-Professional";"6833";"2000278258"
"2000277997";"Trabzonspor";"Turquie";"Super League";"Semi-Professional";"7500";"2000232852"
"2000294941";"LFA Reggio Calabria";"Italie";"-";"Semi-Professional";"27543";"-1"
"2000299292";"Changchun";"Chine";"SLFC";"Professional";"32000";"2000199497"
"2000316811";"Real Santander";"Colombie";"Première Division";"Professional";"5500";"2000281280"
"2000317186";"Auckland FC";"Nouvelle-Zélande";"Isuzu UTE A-League";"Professional";"25000";"129985"
"2000319185";"Racing Club";"Argentine";"Ligue YPF";"Professional";"300";"2000315166"
"2000337014";"Bologna";"Italie";"Deuxième Division";"Semi-Professional";"400";"2000184919"
"2000338456";"Internacional Palmira";"Colombie";"Première Division";"Professional";"15000";"2000281280"
"2000338868";"Sundowns";"Afrique du Sud";"Super League d'AS";"Professional";"28900";"2000338387"
"2000372724";"Borussia Dortmund";"Allemagne";"Regionalliga Ouest";"Semi-Professional";"10000";"2000469347"
"2000472395";"Siwelele FC";"Afrique du Sud";"Prem. d'afrique du Sud";"Semi-Professional";"45368";"131234"
"130787";"Dep. Iquique";"Chili";"1ère Division";"Professional";"13171";"5250792"
"409";"Guangzhou";"Chine";"-";"Professional";"26000";"-1"
"461";"Paralimni";"Chypre";"Division A";"Professional";"5800";"692430"
"943";"SV Waldhof Mannheim 07";"Allemagne";"3. Liga";"Professional";"26000";"35010926"
"1095";"M. Netanya";"Israël";"Première Ligue";"Professional";"13610";"7860000"
"1336";"Kongsvinger";"Norvège";"1ère Division";"Professional";"5850";"1300398"
"1355";"Moss";"Norvège";"1ère Division";"Semi-Professional";"8500";"1300398"
"1665";"A. Bilbao B";"Espagne";"D1A Fédération espagnole";"Professional";"3200";"2000048844"
"1739";"Murcia";"Espagne";"D1B Fédération espagnole";"Professional";"33045";"2000048846"
"1874";"Istanbulspor";"Turquie";"1. League";"Professional";"4491";"463479"
"2229";"Triestina";"Italie";"Série C/A";"Professional";"26566";"43127172"
"108514";"Almagro";"Argentine";"2ème Division";"Professional";"13000";"102422"
"108531";"Estudiantes (BA)";"Argentine";"2ème Division";"Professional";"14000";"102422"
"109188";"Caracas";"Venezuela";"Première Division du Véné";"Professional";"9800";"86000001"
"484435";"Andijon";"Ouzbékistan";"Superleague d'Ouzbékistan";"Professional";"19820";"59135038"
"714221";"Motor";"Pologne";"PKO BP Ekstraklasa";"Professional";"15247";"129558"
"1026831";"Al-Gharafa";"Qatar";"Première Division";"Professional";"21175";"5632126"
"5605434";"SK Rapid II";"Autriche";"1ère Division";"Semi-Professional";"28345";"136544"
"5682979";"Durban City";"Afrique du Sud";"Prem. d'afrique du Sud";"Professional";"25000";"131234"
"5709008";"Incheon";"Corée du Sud";"K League 2";"Professional";"19318";"66029602"
"7861687";"Kiryat-Shmona";"Israël";"Première Ligue";"Professional";"13610";"7860000"
"57000777";"Unirea Slobozia";"Roumanie";"SuperLiga";"Professional";"4500";"7540024"
"57110237";"Sepsi OSK";"Roumanie";"D2 roumaine";"Professional";"8400";"150913"
"64000753";"Bravo";"Slovénie";"1ère Division";"Professional";"16038";"7580000"
"67096539";"Extremadura U.D.";"Espagne";"-";"Professional";"11580";"-1"
"2000053380";"Karpaty";"Ukraine";"Championnat d'Ukraine";"Professional";"27925";"5314301"
"2000149004";"Stjarnan";"Islande";"Premier League";"Semi-Professional";"1400";"2000148997"
"2000167368";"Nott'm Forest";"Angleterre";"WSL2";"Professional";"31576";"2000107193"
"2000209846";"SPG BW Linz/KM";"Autriche";"Première division féminin";"Semi-Professional";"5595";"2000209813"
"2000214507";"Atlético Huila";"Colombie";"-";"Amateur";"27000";"-1"
"2000217571";"KAA Gent";"Belgique";"Super League";"Professional";"2000";"2000158675"
"2000233745";"MTK";"Hongrie";"Première Division";"Semi-Professional";"1000";"2000232706"
"2000233858";"HJK";"Finlande";"Première division";"Professional";"10770";"2000173687"
"2000252647";"Hønefoss";"Norvège";"Première Division";"Semi-Professional";"4373";"2000148543"
"2000279730";"Hajduk";"Croatie";"Ligue 1";"Professional";"500";"2000232723"
"2000338017";"Orsomarso Yumbo";"Colombie";"Première Division";"Professional";"5000";"2000281280"
"2000372721";"VfL Bochum";"Allemagne";"Deuxième Division";"Semi-Professional";"500";"2000180116"
"120998";"Deportivo Táchira";"Venezuela";"Première Division du Véné";"Professional";"38755";"86000001"
"311";"The Strongest";"Bolivie";"Première Division";"Professional";"43243";"86000000"
"457";"Nea Salamina";"Chypre";"Division B";"Professional";"5500";"692431"
"696";"Peterborough";"Angleterre";"Sky Bet League One";"Professional";"13511";"13"
"955";"TSV 1860 München";"Allemagne";"3. Liga";"Professional";"15000";"35010926"
"1044";"VVV-Venlo";"Pays-Bas";"Keuken Kampioen Divisie";"Professional";"8000";"30"
"1070";"FH";"Islande";"Símadeildin";"Semi-Professional";"6450";"7840132"
"1072";"ÍA";"Islande";"Símadeildin";"Semi-Professional";"5550";"7840132"
"1078";"Stjarnan";"Islande";"Símadeildin";"Semi-Professional";"1400";"7840132"
"1396";"Stabæk";"Norvège";"1ère Division";"Professional";"5500";"1300398"
"1857";"Neuchâtel Xamax";"Suisse";"Challenge League";"Professional";"11997";"137890"
"2422";"Torreense";"Portugal";"Deuxième Ligue";"Professional";"12000";"61"
"102365";"CSD Municipal";"Guatemala";"Ligue Nationale";"Professional";"10000";"87000495"
"107240";"VRE";"Brésil";"2ème Division";"Professional";"20000";"107191"
"107305";"Omiya";"Japon";"J2 League";"Professional";"15491";"115424"
"120921";"Stgo Wanderers";"Chili";"1ère Division B";"Professional";"7680";"5250793"
"130498";"Torpedo Moscow";"Russie";"1ère Division";"Professional";"15000";"130487"
"130796";"La Serena";"Chili";"1ère Division";"Professional";"17134";"5250792"
"135455";"Sharjah FC";"E.A.U.";"ADNOC Pro League";"Professional";"11711";"7880000"
"302144";"AFE";"Brésil";"2ème Division";"Professional";"20421";"107191"
"426430";"Newcastle Jets";"Australie";"Isuzu UTE A-League";"Professional";"33000";"129985"
"450573";"Adana D.S.";"Turquie";"1. League";"Professional";"33543";"463479"
"536364";"KSC Lokeren";"Belgique";"Challenger Pro League";"Professional";"12461";"2"
"652649";"Siroki Brijeg";"Bosnie";"Première Division";"Professional";"6000";"8401073"
"786384";"Tokushima";"Japon";"J2 League";"Professional";"21228";"115424"
"1300491";"CC Mariners";"Australie";"Isuzu UTE A-League";"Professional";"20059";"129985"
"5340079";"ES Sétif";"Algérie";"League 1";"Professional";"22000";"12015290"
"5341585";"Al-Merreikh";"Soudan";"Premier League";"Professional";"22500";"36513629"
"5341691";"TP Mazembe";"R.D. Congo";"Linafoot A";"Professional";"18500";"2000278442"
"5390017";"US Monastir";"Tunisie";"Ligue 1";"Professional";"20000";"12019164"
"5666338";"Dorados";"Mexique";"Liga de Expansión";"Professional";"23333";"2000017067"
"5747642";"TSC";"Serbie";"Super League";"Professional";"4500";"132321"
"7521266";"Kazincbarcika";"Hongrie";"Division I";"Professional";"14798";"7520391"
"15086550";"Macarthur FC";"Australie";"Isuzu UTE A-League";"Professional";"20000";"129985"
"33007394";"SJK";"Finlande";"Première Ligue";"Professional";"5817";"129120"
"59009709";"Elimai";"Kazakhstan";"PL du Kazakhstan";"Professional";"8500";"59007527"
"2000149006";"Þróttur R.";"Islande";"Premier League";"Semi-Professional";"4500";"2000148997"
"2000166689";"Portsmouth";"Angleterre";"WSL2";"Professional";"5800";"2000107193"
"2000209883";"AaB";"Danemark";"Première Division";"Semi-Professional";"14115";"2000278359"
"2000214740";"Andernach";"Allemagne";"Deuxième Division";"Semi-Professional";"2500";"2000180116"
"2000242134";"SMS Lódz";"Pologne";"Première Division";"Semi-Professional";"2000";"2000232705"
"2000242772";"Slask Wroclaw";"Pologne";"Première Division";"Professional";"8346";"2000232705"
"2000277897";"Kryvbas";"Ukraine";"Ligue féminine d'Ukraine";"Semi-Professional";"1200";"2000232688"
"2000316806";"Junior F.C.";"Colombie";"Première Division";"Professional";"20000";"2000281280"
"2000317507";"San Lorenzo de Almagro";"Argentine";"Ligue YPF";"Professional";"300";"2000315166"
"2000342802";"Independiente del Valle";"Équateur";"Première Division";"Professional";"1000";"2000338489"
"2000365300";"Univ. de Chile";"Chili";"Première Division";"Professional";"3400";"2000338390"
"2000375249";"Marumo Gallants";"Afrique du Sud";"Prem. d'afrique du Sud";"Professional";"45368";"131234"
"2000380968";"VfB Stuttgart";"Allemagne";"Deuxième Division";"Semi-Professional";"4000";"2000180116"
"74";"Petro Luanda";"Angola";"Girabola";"Professional";"48000";"12034515"
"254";"RFC Liège";"Belgique";"Challenger Pro League";"Professional";"3468";"2"
"458";"Ol. Nicosie";"Chypre";"Division A";"Professional";"22859";"692430"
"704";"Rotherham";"Angleterre";"Sky Bet League One";"Professional";"12088";"13"
"720";"Stockport";"Angleterre";"Sky Bet League One";"Professional";"11041";"13"
"1091";"SC. Irony Ashdod";"Israël";"Première Ligue";"Professional";"8200";"7860000"
"1096";"M. Petach-Tikva";"Israël";"Championnat Leumit";"Professional";"11500";"7860001"
"1142";"AlbinoLeffe";"Italie";"Série C/A";"Professional";"1791";"43127172"
"102495";"Los Andes";"Argentine";"2ème Division";"Professional";"36000";"102422"
"106817";"Jeju";"Corée du Sud";"K League 1";"Professional";"35657";"136407"
"135476";"Al-Karamah SC";"Syrie";"1ère Division";"Professional";"38000";"5635022"
"301302";"BRU";"Brésil";"3ème Division";"Professional";"6000";"107192"
"786559";"Nagasaki";"Japon";"J2 League";"Professional";"20000";"115424"
"1104149";"Al-Qadsiah";"Arabie saoudite";"1ère division saoudienne";"Professional";"15000";"7920263"
"1300671";"Hapoel Jerusalem";"Israël";"Première Ligue";"Professional";"8200";"7860000"
"3101520";"Tristán Suárez";"Argentine";"2ème Division";"Professional";"5000";"102422"
"5340080";"USM Alger";"Algérie";"League 1";"Professional";"17500";"12015290"
"5602973";"SK Sturm Graz II";"Autriche";"1ère Division";"Semi-Professional";"2000";"136544"
"5622898";"Karbala";"Irak";"Deuxième division";"Professional";"30000";"2000118640"
"5707530";"Suwon FC";"Corée du Sud";"K League 1";"Professional";"24670";"136407"
"14008993";"Dep. Maipú";"Argentine";"2ème Division";"Professional";"7500";"102422"
"14064697";"Agropecuario Argentino";"Argentine";"2ème Division";"Professional";"7000";"102422"
"16273047";"Young Violets Austria";"Autriche";"1ère Division";"Semi-Professional";"20404";"136544"
"19398655";"AFC";"Brésil";"2ème Division";"Professional";"11000";"107191"
"23038393";"Ratchaburi";"Thaïlande";"Ligue 1 de Thaïlande";"Professional";"10000";"5624920"
"59071370";"Saburtalo";"Géorgie";"-";"Professional";"24600";"-1"
"59145772";"Urartu";"Arménie";"Premier League";"Professional";"4860";"59006196"
"65025781";"Magesi FC";"Afrique du Sud";"Prem. d'afrique du Sud";"Professional";"15000";"131234"
"2000028043";"Kryvbas";"Ukraine";"Championnat d'Ukraine";"Professional";"3219";"5314301"
"2000166587";"Kolbotn";"Norvège";"Première Division";"Semi-Professional";"1080";"2000148543"
"2000183060";"AaFK Fortuna";"Norvège";"Première Division";"Semi-Professional";"10778";"2000178041"
"2000209856";"Slovácko";"Rép. tchèque";"Première Division";"Semi-Professional";"8000";"2000209811"
"2000217601";"Cúcuta Deportivo";"Colombie";"Colombian Lower Division";"Amateur";"40000";"2000356571"
"2000225301";"Haugesund";"Norvège";"Première Division";"Semi-Professional";"8983";"2000178041"
"2000242135";"UJ Kraków";"Pologne";"Première Division";"Semi-Professional";"330";"2000232705"
"2000242783";"AP Gdansk";"Pologne";"Première Division";"Professional";"11810";"2000232705"
"2000263050";"AZ";"Pays-Bas";"Première Division";"Semi-Professional";"675";"2000180030"
"307";"Neman Grodno";"Biélorussie";"Championnat Supérieur";"Professional";"8800";"7483354"
"459";"Omonoia Aradippou";"Chypre";"Division A";"Professional";"10230";"692430"
"502";"Esbjerg fB";"Danemark";"Betinia Liga";"Professional";"17442";"7"
"675";"Lincoln";"Angleterre";"Sky Bet League One";"Professional";"10669";"13"
"737";"Wigan";"Angleterre";"Sky Bet League One";"Professional";"25168";"13"
"1087";"H. Haifa";"Israël";"Première Ligue";"Professional";"30870";"7860000"
"1188";"Iwata";"Japon";"J2 League";"Professional";"16879";"115424"
"1392";"Sogndal";"Norvège";"1ère Division";"Professional";"5526";"1300398"
"2153";"GAIS";"Suède";"Première Ligue";"Professional";"18400";"50"
"2384";"Felgueiras";"Portugal";"Deuxième Ligue";"Professional";"7540";"61"
"2404";"Lusitânia Lourosa";"Portugal";"Deuxième Ligue";"Professional";"8000";"61"
"102464";"Gimnasia y Tiro";"Argentine";"2ème Division";"Professional";"24000";"102422"
"104361";"Deportes Concepción";"Chili";"1ère Division B";"Professional";"30448";"5250793"
"107285";"Sapporo";"Japon";"J2 League";"Professional";"38800";"115424"
"108574";"Chaco For Ever";"Argentine";"2ème Division";"Professional";"23000";"102422"
"130788";"Rangers";"Chili";"1ère Division B";"Professional";"4000";"5250793"
"130859";"Opava";"Rép. tchèque";"2ème Division";"Professional";"7727";"131288"
"136153";"Jihlava";"Rép. tchèque";"2ème Division";"Professional";"4172";"131288"
"477907";"Dinamo Samarqand";"Ouzbékistan";"Superleague d'Ouzbékistan";"Professional";"13800";"59135038"
"652657";"Posusje";"Bosnie";"Première Division";"Professional";"8000";"8401073"
"736258";"Mafra";"Portugal";"Troisième division - S";"Professional";"1257";"2000112233"
"879516";"Hallescher FC";"Allemagne";"Div. régionale Nord-est";"Professional";"15057";"91107110"
"1300113";"Dinamo Brest";"Biélorussie";"Championnat Supérieur";"Professional";"10060";"7483354"
"3101502";"Brown (Adrogué)";"Argentine";"Zone Métropolitaine";"Professional";"2360";"108508"
"3101514";"San Telmo";"Argentine";"2ème Division";"Professional";"5500";"102422"
"3102137";"Racing (Córdoba)";"Argentine";"2ème Division";"Professional";"14000";"102422"
"5747678";"Radnik";"Bosnie";"Première Division";"Professional";"4500";"8401073"
"7983734";"Monopoli";"Italie";"Série C/C";"Professional";"4057";"43127174"
"14004603";"Alvarado";"Argentine";"2ème Division";"Professional";"35500";"102422"
"14037231";"Mitre (SdE)";"Argentine";"2ème Division";"Professional";"11000";"102422"
"37087231";"Excelsior";"Pays-Bas";"Première Division";"Semi-Professional";"4400";"2000180030"
"37087232";"sc Heerenveen";"Pays-Bas";"Première Division";"Semi-Professional";"750";"2000180030"
"58046584";"Dinamo Makhachkala";"Russie";"Première Ligue";"Professional";"30000";"130486"
"58066512";"Yenisey";"Russie";"1ère Division";"Professional";"15000";"130487"
"2000075054";"Libertad F.C. (Loja)";"Équateur";"Serie A équatorienne";"Professional";"14935";"80000566"
"2000232565";"Motherwell";"Écosse";"PLFE";"Semi-Professional";"700";"2000132415"
"2000277544";"Puskás Akadémia";"Hongrie";"Première Division";"Semi-Professional";"3816";"2000232706"
"2000316802";"Deportivo Pasto";"Colombie";"Première Division";"Professional";"28400";"2000281280"
"2000316804";"Deportivo Pereira";"Colombie";"Colombian Lower Division";"Amateur";"30297";"2000356571"
"248";"Patro Eisden";"Belgique";"Challenger Pro League";"Professional";"5500";"2"
"341";"Beroe";"Bulgarie";"Championnat A";"Professional";"12128";"7500000"
"352";"Lokomotiv Sofia";"Bulgarie";"Championnat A";"Professional";"22000";"7500000"
"356";"Slavia Sofia";"Bulgarie";"Championnat A";"Professional";"23992";"7500000"
"596";"Shamrock Rovers";"Irlande";"Première Ligue";"Professional";"10500";"129372"
"616";"Bradford";"Angleterre";"Sky Bet League One";"Professional";"25136";"13"
"620";"Bristol Rovers";"Angleterre";"Sky Bet League Two";"Professional";"12565";"14"
"1005";"FC Den Bosch";"Pays-Bas";"Keuken Kampioen Divisie";"Professional";"7500";"30"
"1301";"Egersund";"Norvège";"1ère Division";"Semi-Professional";"1700";"1300398"
"1344";"Lyn";"Norvège";"1ère Division";"Semi-Professional";"16000";"1300398"
"1451";"GKS Katowice";"Pologne";"PKO BP Ekstraklasa";"Professional";"14896";"129558"
"1495";"Vit. Setúbal";"Portugal";"Première division Setúbal";"Amateur";"18642";"83141257"
"1542";"Ayr United";"Écosse";"William Hill Championship";"Professional";"10235";"46"
"1557";"Dunfermline Athletic";"Écosse";"William Hill Championship";"Professional";"11480";"46"
"1563";"Falkirk";"Écosse";"William Hill Premiership";"Professional";"7937";"45"
"1586";"Partick Thistle";"Écosse";"William Hill Championship";"Professional";"10399";"46"
"1592";"Raith Rovers";"Écosse";"William Hill Championship";"Professional";"8867";"46"
"1902";"Zoria";"Ukraine";"Championnat d'Ukraine";"Professional";"16873";"5314301"
"1951";"OFK Beograd";"Serbie";"Super League";"Professional";"8186";"132321"
"2416";"Oliveirense";"Portugal";"Deuxième Ligue";"Professional";"1625";"61"
"102364";"CSD Comunicaciones";"Guatemala";"Ligue Nationale";"Professional";"29950";"87000495"
"102859";"Al Arabi";"Qatar";"Première Division";"Professional";"44400";"5632126"
"104359";"Cobreloa";"Chili";"1ère Division B";"Professional";"16200";"5250793"
"106809";"Gimcheon";"Corée du Sud";"K League 1";"Professional";"30000";"136407"
"107283";"Sendai";"Japon";"J2 League";"Professional";"19526";"115424"
"108542";"Olimpo";"Argentine";"Zone Intérieure";"Professional";"15000";"108509"
"129580";"Arka";"Pologne";"PKO BP Ekstraklasa";"Professional";"15139";"129558"
"129667";"PAS Giannina";"Grèce";"Super League 2 Nord";"Professional";"7534";"36086001"
"129704";"Niki Volou";"Grèce";"Super League 2 Nord";"Professional";"2789";"36086001"
"130354";"Boluspor";"Turquie";"1. League";"Professional";"8456";"463479"
"130561";"SKA Khabarovsk";"Russie";"1ère Division";"Professional";"15200";"130487"
"135258";"Al-Wehdat";"Jordanie";"Première division";"Professional";"20000";"5635278"
"135426";"Al-Jabalain";"Arabie saoudite";"First Division League";"Professional";"12250";"7920264"
"135471";"Al-Wahda SC";"Syrie";"1ère Division";"Professional";"15000";"5635022"
"138180";"Doxa Katokopias";"Chypre";"Division B";"Professional";"3590";"692431"
"200373";"Seongnam";"Corée du Sud";"K League 2";"Professional";"16240";"66029602"
"308277";"FC Motagua";"Honduras";"Ligue Nationale";"Professional";"34000";"87000201"
"527945";"Royal Francs Borains";"Belgique";"Challenger Pro League";"Professional";"8500";"2"
"715911";"Stal Mielec";"Pologne";"D2";"Professional";"6864";"129559"
"1300612";"Ranheim";"Norvège";"1ère Division";"Professional";"2200";"1300398"
"3506513";"ASEC Mimosas";"Côte d'Ivoire";"1ère division";"Professional";"45000";"13109926"
"4200564";"Atlético Pamplona B";"Espagne";"D1A Fédération espagnole";"Professional";"4000";"2000048844"
"4202262";"Sevilla B";"Espagne";"D1B Fédération espagnole";"Professional";"5000";"2000048846"
"4300030";"KA";"Islande";"Símadeildin";"Semi-Professional";"1000";"7840132"
"5270358";"Manta";"Équateur";"Serie A équatorienne";"Professional";"22000";"80000566"
"5280337";"Nacional (PAR)";"Paraguay";"1ère division";"Professional";"5000";"79010950"
"5290560";"Atlético Grau";"Pérou";"1ère Division";"Professional";"25000";"5290551"
"5290629";"Mannucci";"Pérou";"2ème Division";"Professional";"25000";"5290553"
"5380012";"FUS Rabat";"Maroc";"Première division";"Professional";"12000";"12019395"
"5390013";"Stade Tunisien";"Tunisie";"Ligue 1";"Professional";"12000";"12019164"
"5410231";"Malavan";"Iran";"Premier League";"Professional";"8000";"1018789"
"5512195";"Saipa";"Iran";"Ligue Azadegan";"Professional";"8250";"1018790"
"5626507";"Al-Naft";"Irak";"Stars League";"Professional";"8000";"23038303"
"7004292";"Baniyas";"E.A.U.";"ADNOC Pro League";"Professional";"6994";"7880000"
"7560016";"Podbrezová";"Slovaquie";"1ère Division";"Professional";"4000";"7560276"
"7920353";"Abha";"Arabie saoudite";"First Division League";"Professional";"20000";"7920264"
"7920365";"Fayha";"Arabie saoudite";"1ère division saoudienne";"Professional";"6843";"7920263"
"12037923";"Smouha";"Égypte";"Premier Division";"Professional";"86000";"12015393"
"13100986";"Azam FC";"Tanzanie";"Première division";"Professional";"10000";"13211724"
"14002958";"Central Norte (Salta)";"Argentine";"2ème Division";"Professional";"20500";"102422"
"14046675";"Güemes (SdE)";"Argentine";"2ème Division";"Professional";"10000";"102422"
"16036182";"SV Lafnitz";"Autriche";"Division régionale centre";"Semi-Professional";"3000";"5607687"
"22034856";"Spartak Varna";"Bulgarie";"Championnat A";"Professional";"6500";"7500000"
"23021294";"Mes Rafsanjan";"Iran";"Premier League";"Professional";"0";"1018789"
"26030981";"Karmiotissa";"Chypre";"Division B";"Professional";"1500";"692431"
"38004842";"Mezokövesd";"Hongrie";"Division II";"Professional";"4183";"152045"
"55000307";"BRG B";"Portugal";"Troisième division - N";"Professional";"2800";"2000112232"
"55056835";"Sporting CP B";"Portugal";"Deuxième Ligue";"Professional";"1184";"61"
"55056925";"VTSC B";"Portugal";"Troisième division - N";"Professional";"2500";"2000112232"
"57086204";"FC Politehnica Iasi";"Roumanie";"D2 roumaine";"Professional";"11481";"150913"
"57110301";"FK Csikszereda";"Roumanie";"SuperLiga";"Professional";"2600";"7540024"
"57117818";"FC Petrocub";"Moldavie";"Super Liga de Moldavie";"Professional";"1000";"59007607"
"63035357";"FC Košice";"Slovaquie";"1ère Division";"Professional";"12555";"7560276"
"66029603";"Anyang";"Corée du Sud";"K League 1";"Professional";"20564";"136407"
"70042969";"Manisa FK";"Turquie";"1. League";"Professional";"14013";"463479"
"71016825";"FC LNZ";"Ukraine";"Championnat d'Ukraine";"Professional";"10340";"5314301"
"77004040";"Alianza Universidad";"Pérou";"1ère Division";"Professional";"20000";"5290551"
"77016717";"Unión Comercio";"Pérou";"2ème Division";"Professional";"15000";"5290553"
"80000716";"Guayaquil City";"Équateur";"Série B";"Professional";"10152";"80000567"
"2000149360";"Watford";"Angleterre";"National Premier South";"Professional";"4100";"2000163438"
"2000150769";"FH";"Islande";"Premier League";"Semi-Professional";"6450";"2000148997"
"2000166594";"Arna-Bjørnar";"Norvège";"Première Division";"Semi-Professional";"2000";"2000178041"
"2000167367";"Wolves";"Angleterre";"National Premier North";"Semi-Professional";"2000";"2000163439"
"2000167902";"Alavés";"Espagne";"Deuxième Division";"Professional";"2500";"2000180088"
"2000177193";"Aarau Frauen";"Suisse";"Super League";"Professional";"1000";"2000177190"
"2000209868";"Damaiense";"Portugal";"Championnat National";"Professional";"29834";"2000209806"
"2000209876";"Rapperswil-Jona";"Suisse";"Super League";"Professional";"4350";"2000177190"
"2000216288";"Apoll. Limassol";"Chypre";"Première Division";"Semi-Professional";"3000";"2000232693"
"2000228375";"JEF United Chiba";"Japon";"SOMPO WE League";"Professional";"19470";"2000225855"
"2000232563";"Partick Thistle";"Écosse";"PLFE";"Semi-Professional";"1500";"2000132415"
"2000238320";"Hashtag";"Angleterre";"National Premier South";"Semi-Professional";"3500";"2000163438"
"2000252639";"Trelleborgs FF";"Suède";"Elitettan";"Professional";"7357";"2000230565"
"2000255927";"Åsane";"Norvège";"Première Division";"Semi-Professional";"3700";"2000178041"
"2000276291";"Aqtóbe";"Kazakhstan";"Championnat";"Semi-Professional";"5000";"2000232680"
"2000278784";"Vojvodina";"Serbie";"Super League";"Professional";"1500";"2000232686"
"2000314937";"Atlético Mineiro";"Brésil";"Première division";"Professional";"1400";"2000314935"
"2000316788";"Atlético Bucaramanga";"Colombie";"Première Division";"Professional";"30000";"2000281280"
"2000342278";"Barcelona S.C.";"Équateur";"Première Division";"Professional";"57267";"2000338489"
"2000352573";"Beijing";"Chine";"SLFC";"Professional";"23074";"2000199497"
"2000361148";"Sevinch";"Ouzbékistan";"Ligue fém. d'Ouzbékistan";"Semi-Professional";"0";"2000338398"
"2000365298";"Univ. Católica";"Chili";"Première Division";"Professional";"250";"2000338390"
"2000372422";"Mainz 05";"Allemagne";"Deuxième Division";"Semi-Professional";"20300";"2000180116"
"2000430452";"Once Caldas";"Colombie";"Première Division";"Professional";"28678";"2000281280"
"510307";"Ilves";"Finlande";"Première Ligue";"Professional";"8000";"129120"
"194";"Eupen";"Belgique";"Challenger Pro League";"Professional";"8363";"2"
"216";"Seraing FC";"Belgique";"Challenger Pro League";"Professional";"14326";"2"
"504";"FC Fredericia";"Danemark";"3F Superliga";"Professional";"10000";"6"
"1675";"Sabadell";"Espagne";"D1B Fédération espagnole";"Professional";"11908";"2000048846"
"1809";"Kalmar FF";"Suède";"1ère Division Elite";"Professional";"12150";"52"
"1817";"Mjällby AIF";"Suède";"Première Ligue";"Professional";"7500";"50"
"2456";"Trofense";"Portugal";"Troisième division - N";"Professional";"5076";"2000112232"
"106781";"Al-Wahda (KSA)";"Arabie saoudite";"First Division League";"Professional";"33195";"7920264"
"107301";"Yamagata";"Japon";"J2 League";"Professional";"20315";"115424"
"107309";"Tosu";"Japon";"J2 League";"Professional";"24130";"115424"
"108547";"San Miguel";"Argentine";"2ème Division";"Professional";"9000";"102422"
"108569";"Villa Mitre";"Argentine";"Zone Intérieure";"Professional";"6000";"108509"
"120066";"Jorge Wilstermann";"Bolivie";"Division inférieure";"Semi-Professional";"32303";"19166141"
"120991";"Oriente Petrolero";"Bolivie";"Première Division";"Professional";"38180";"86000000"
"121201";"Borussia Dortmund II";"Allemagne";"Division Régionale Ouest";"Professional";"10000";"35010927"
"129179";"IFK Mariehamn";"Finlande";"Première Ligue";"Professional";"2635";"129120"
"130550";"Neftekhimik";"Russie";"1ère Division";"Professional";"3140";"130487"
"130790";"Dep. Antofagasta";"Chili";"1ère Division B";"Professional";"21176";"5250793"
"130820";"Wil";"Suisse";"Challenge League";"Professional";"6048";"137890"
"135478";"Al-Jaish SC";"Syrie";"1ère Division";"Professional";"45000";"5635022"
"958199";"Guillermo Brown (PM)";"Argentine";"Zone Intérieure";"Professional";"10000";"108509"
"1300376";"VPS";"Finlande";"Première Ligue";"Professional";"5453";"129120"
"7920356";"Al HazmAl-Hazm";"Arabie saoudite";"1ère division saoudienne";"Professional";"5100";"7920263"
"51008744";"Alebrijes";"Mexique";"Liga de Expansión";"Professional";"15200";"2000017067"
"51045865";"Mineros";"Mexique";"Liga de Expansión";"Professional";"20737";"2000017067"
"57065222";"FC Voluntari";"Roumanie";"D2 roumaine";"Professional";"4518";"150913"
"59001469";"Q?b?l? FK";"Azerbaïdjan";"Yuksak Liqa d'Azerbaïjan";"Professional";"4500";"59006943"
"59016973";"Jenis Astana";"Kazakhstan";"PL du Kazakhstan";"Professional";"30200";"59007527"
"71063212";"Kolos";"Ukraine";"Championnat d'Ukraine";"Professional";"5050";"5314301"
"75034130";"Deportes Limache";"Chili";"1ère Division";"Professional";"9000";"5250792"
"2000106823";"Omonoia 29 M";"Chypre";"Division B";"Professional";"3590";"692431"
"2000149874";"Lewes";"Angleterre";"National Premier South";"Semi-Professional";"3000";"2000163438"
"2000214533";"Gütersloh 2009";"Allemagne";"Regionalliga Ouest";"Semi-Professional";"4252";"2000469347"
"2000277949";"Wrexham";"Pays de Galles";"Adran Premier";"Semi-Professional";"3500";"2000169152"
"2000316794";"Boyacá Chicó";"Colombie";"Colombian Lower Division";"Amateur";"10000";"2000356571"
"2000316800";"Deportes Tolima";"Colombie";"Colombian Lower Division";"Amateur";"3000";"2000356571"
"2000316808";"Llaneros F.C.";"Colombie";"Première Division";"Professional";"2000";"2000281280"
"2000316863";"Alianza Valledupar F.C.";"Colombie";"Colombian Lower Division";"Amateur";"5000";"2000356571"
"2000324635";"Fortaleza F.C.";"Colombie";"Première Division";"Professional";"10000";"2000281280"
"2000328113";"Peng City";"Chine";"Super League";"Professional";"33000";"130931"
"2000328483";"Envigado F.C.";"Colombie";"Colombian Lower Division";"Amateur";"11000";"2000356571"
"524";"Hvidovre IF";"Danemark";"Betinia Liga";"Professional";"13000";"7"
"646";"Doncaster";"Angleterre";"Sky Bet League One";"Professional";"15231";"13"
"651";"Exeter";"Angleterre";"Sky Bet League One";"Professional";"8720";"13"
"919";"SV Meppen";"Allemagne";"Division Rég. Nord";"Professional";"14112";"26"
"958";"Unterhaching";"Allemagne";"Div. régionale Sud-ouest";"Professional";"15053";"91107111"
"965";"FSV Zwickau";"Allemagne";"Div. régionale Nord-est";"Professional";"10134";"91107110"
"1153";"Novara";"Italie";"Série C/A";"Professional";"17875";"43127172"
"1430";"Åsane";"Norvège";"1ère Division";"Semi-Professional";"3700";"1300398"
"1571";"Greenock Morton";"Écosse";"William Hill Championship";"Professional";"11841";"46"
"1581";"Livingston";"Écosse";"William Hill Premiership";"Professional";"9713";"45"
"1591";"Queen's Park";"Écosse";"William Hill Championship";"Professional";"2000";"46"
"1666";"A. Madrid B";"Espagne";"D1B Fédération espagnole";"Professional";"4165";"2000048846"
"105187";"Real España";"Honduras";"Ligue Nationale";"Professional";"21500";"87000201"
"106780";"Al-Tai";"Arabie saoudite";"First Division League";"Professional";"12250";"7920264"
"107216";"ITU";"Brésil";"3ème Division";"Professional";"19060";"107192"
"109106";"Sandnes";"Norvège";"2ème Division G1";"Professional";"6046";"1300603"
"116156";"Príbram";"Rép. tchèque";"2ème Division";"Professional";"9100";"131288"
"130304";"Bandirma Spor";"Turquie";"1. League";"Professional";"12708";"463479"
"130797";"Magallanes";"Chili";"1ère Division B";"Professional";"3516";"5250793"
"136016";"Tampico Madero";"Mexique";"Liga de Expansión";"Professional";"22500";"2000017067"
"137917";"Schaffhausen";"Suisse";"Ligue 1 Promotion";"Professional";"8200";"98027828"
"301266";"CAX";"Brésil";"3ème Division";"Professional";"18000";"107192"
"484434";"Sugdiyona";"Ouzbékistan";"Superleague d'Ouzbékistan";"Professional";"11650";"59135038"
"484460";"Oleksandriia";"Ukraine";"Championnat d'Ukraine";"Professional";"7000";"5314301"
"951312";"Colegiales";"Argentine";"2ème Division";"Professional";"6000";"102422"
"952724";"Villa Dálmine";"Argentine";"Zone Métropolitaine";"Professional";"7500";"108508"
"1101431";"Bellinzone";"Suisse";"Challenge League";"Semi-Professional";"5000";"137890"
"1200689";"Blooming";"Bolivie";"Première Division";"Professional";"38180";"86000000"
"1301372";"Cukaricki";"Serbie";"Super League";"Professional";"4070";"132321"
"4212228";"R. Majadahonda";"Espagne";"D2 Fédé espagnole Gr5";"Professional";"4165";"2000099907"
"5203872";"Airdrieonians";"Écosse";"William Hill Championship";"Professional";"10101";"46"
"5250434";"D. Copiapó";"Chili";"1ère Division B";"Professional";"8500";"5250793"
"5652987";"Artis";"Rép. tchèque";"2ème Division";"Professional";"10785";"131288"
"5780640";"Sloga (D)";"Bosnie";"Première Division";"Professional";"3000";"8401073"
"51051210";"Venados";"Mexique";"Liga de Expansión";"Professional";"18000";"2000017067"
"57153289";"Corvinul Hunedoara";"Roumanie";"D2 roumaine";"Professional";"16500";"150913"
"58126754";"Rodina";"Russie";"1ère Division";"Professional";"5100";"130487"
"59008270";"Sumqayit FK";"Azerbaïdjan";"Yuksak Liqa d'Azerbaïjan";"Professional";"15350";"59006943"
"67243415";"Unionistas";"Espagne";"D1A Fédération espagnole";"Professional";"4859";"2000048844"
"70016859";"Bodrum FK";"Turquie";"1. League";"Professional";"4563";"463479"
"2000150767";"Víkingur Reykjavík";"Islande";"Premier League";"Semi-Professional";"1449";"2000148997"
"2000262446";"Rekord B-B";"Pologne";"Première Division";"Professional";"620";"2000232705"
"2000276314";"SV Zulte Waregem";"Belgique";"Super League";"Professional";"1500";"2000158675"
"2000277908";"Shakhtar";"Ukraine";"Ligue féminine d'Ukraine";"Semi-Professional";"1000";"2000232688"
"2000319256";"Platense";"Argentine";"Ligue YPF";"Professional";"300";"2000315166"
"2000342280";"Ñañas";"Équateur";"Lower Division";"Professional";"35258";"2000518129"
"2000342800";"El Nacional";"Équateur";"Première Division";"Professional";"7233";"2000338489"
"674";"Leyton Orient";"Angleterre";"Sky Bet League One";"Professional";"9311";"13"
"681";"Mansfield";"Angleterre";"Sky Bet League One";"Professional";"9348";"13"
"698";"Port Vale";"Angleterre";"Sky Bet League One";"Professional";"19148";"13"
"1043";"Telstar";"Pays-Bas";"Eredivisie";"Professional";"5332";"29"
"1187";"Chiba";"Japon";"J2 League";"Professional";"19470";"115424"
"1796";"Halmstads BK";"Suède";"Première Ligue";"Professional";"15250";"50"
"1862";"Adanaspor";"Turquie";"2. League G2";"Professional";"33543";"463486"
"2164";"Sirius";"Suède";"Première Ligue";"Professional";"10522";"50"
"2395";"Sp. Covilhã";"Portugal";"Troisième division - S";"Professional";"2300";"2000112233"
"2410";"Fafe";"Portugal";"Troisième division - N";"Professional";"4000";"2000112232"
"2440";"Atlético CP";"Portugal";"Troisième division - S";"Professional";"4000";"2000112233"
"102483";"Douglas Haig";"Argentine";"Zone Intérieure";"Professional";"10000";"108509"
"104363";"Dep. Temuco";"Chili";"1ère Division B";"Professional";"18500";"5250793"
"107232";"STA";"Brésil";"D4";"Professional";"70000";"19127222"
"126302";"Vukovar";"Croatie";"1ère Division";"Professional";"3500";"129645"
"130775";"Busan";"Corée du Sud";"K League 2";"Professional";"12349";"66029602"
"135424";"Al-Raed";"Arabie saoudite";"First Division League";"Professional";"30180";"7920264"
"135481";"Tishreen SC";"Syrie";"1ère Division";"Professional";"35000";"5635022"
"136017";"Irapuato";"Mexique";"Liga de Expansión";"Professional";"25000";"2000017067"
"301323";"CON";"Brésil";"3ème Division";"Professional";"15575";"107192"
"454840";"A. Keçiörengücü";"Turquie";"1. League";"Professional";"5040";"463479"
"455675";"Amed Sportif";"Turquie";"1. League";"Professional";"30480";"463479"
"484474";"Qaisar Qyzylorda";"Kazakhstan";"PL du Kazakhstan";"Professional";"7300";"59007527"
"485665";"Torpedo-BelAZ";"Biélorussie";"Championnat Supérieur";"Professional";"6524";"7483354"
"810130";"A. Baleares";"Espagne";"D2 Fédé espagnole Gr3";"Professional";"6500";"2000099905"
"930210";"Hobro IK";"Danemark";"Betinia Liga";"Professional";"10700";"7"
"952702";"Comunicaciones (ARG)";"Argentine";"Zone Métropolitaine";"Professional";"2500";"108508"
"1300378";"FC Inter";"Finlande";"Première Ligue";"Professional";"8472";"129120"
"1300530";"Samgurali";"Géorgie";"Ligue Nationale Géorgie";"Professional";"6000";"59126495"
"3101518";"Talleres (RE)";"Argentine";"2ème Division";"Professional";"12500";"102422"
"4212272";"Reus";"Espagne";"-";"Professional";"4450";"-1"
"4212284";"Mérida";"Espagne";"D1A Fédération espagnole";"Professional";"14680";"2000048844"
"5290593";"Deportivo Garcilaso";"Pérou";"1ère Division";"Professional";"42000";"5290551"
"7860421";"Bnei Sakhnin";"Israël";"Première Ligue";"Professional";"600";"7860000"
"7920492";"Al-Batin";"Arabie saoudite";"First Division League";"Professional";"6000";"7920264"
"8628594";"Paradou AC";"Algérie";"League 1";"Professional";"7000";"12015290"
"8709077";"Würzburger Kickers";"Allemagne";"Div. régionale Sud-ouest";"Professional";"14500";"91107111"
"13190761";"Remo Stars";"Nigeria";"Premier League";"Professional";"35000";"12016011"
"16249945";"FC Juniors OÖ";"Autriche";"-";"Professional";"7870";"-1"
"18008817";"SK Lierse";"Belgique";"Challenger Pro League";"Professional";"14538";"2"
"20502985";"Forge";"Canada";"Canadian Premier League";"Professional";"23218";"20502998"
"23447397";"CD Rongcheng";"Chine";"Super League";"Professional";"60000";"130931"
"38017639";"Szeged-GA";"Hongrie";"Division II";"Professional";"8256";"152045"
"57066631";"Chindia Târgoviste";"Roumanie";"D2 roumaine";"Professional";"8400";"150913"
"59136074";"Ararat-Armenia";"Arménie";"Premier League";"Professional";"1428";"59006196"
"67089705";"Logroñés";"Espagne";"D2 Fédé espagnole Gr2";"Professional";"16000";"2000099904"
"76004125";"Deportivo Lara";"Venezuela";"Deuxième Division";"Professional";"47913";"86000002"
"96000060";"Bruk-Bet Termalica";"Pologne";"PKO BP Ekstraklasa";"Professional";"4666";"129558"
"2000149000";"Keflavík";"Islande";"Première Division";"Amateur";"2554";"2000150424"
"2000172513";"Samaxi FK";"Azerbaïdjan";"Yuksak Liqa d'Azerbaïjan";"Professional";"2200";"59006943"
"2000183178";"Zvezda Perm";"Russie";"Championnat";"Professional";"500";"2000183170"
"2000209853";"Slovan Liberec";"Rép. tchèque";"Première Division";"Semi-Professional";"9900";"2000209811"
"2000214517";"Borussia Mönchengladbach";"Allemagne";"Deuxième Division";"Semi-Professional";"10000";"2000180116"
"2000228338";"Chifure AS Elfen Saitama";"Japon";"SOMPO WE League";"Professional";"15392";"2000225855"
"2000232815";"Lugano";"Suisse";"Deuxième Division";"Semi-Professional";"14873";"2000276269"
"2000252606";"Barcelona B";"Espagne";"Deuxième Division";"Professional";"1400";"2000180088"
"2000276271";"Thun";"Suisse";"Super League";"Professional";"10014";"2000177190"
"2000276322";"KuPS";"Finlande";"Première division";"Semi-Professional";"8000";"2000173687"
"2000277531";"Ljubljana";"Slovénie";"Ligue féminine";"Semi-Professional";"1440";"2000232806"
"2000277532";"Olimpija";"Slovénie";"Ligue féminine";"Professional";"2308";"2000232806"
"2000277988";"Hakkarigücü";"Turquie";"Super League";"Semi-Professional";"2500";"2000232852"
"2000279727";"Dinamo";"Croatie";"Ligue 1";"Professional";"1045";"2000232723"
"2000314939";"Avaí Kindermann";"Brésil";"National Lower Division";"Professional";"6500";"2000338891"
"2000319259";"Independiente";"Argentine";"Ligue YPF";"Professional";"300";"2000315166"
"2000319263";"Huracán";"Argentine";"Ligue YPF";"Professional";"150";"2000315166"
"2000319264";"Ferro";"Argentine";"Ligue YPF";"Professional";"150";"2000315166"
"2000327916";"Estoril Praia";"Portugal";"Champ féminin Sud";"Semi-Professional";"8000";"2000367937"
"2000329312";"Patriotas Boyacá";"Colombie";"Colombian Lower Division";"Amateur";"30000";"2000356571"
"2000338866";"Leones F.C.";"Colombie";"Colombian Lower Division";"Amateur";"12000";"2000356571"
"2000340343";"Bogotá F.C.";"Colombie";"Colombian Lower Division";"Amateur";"3000";"2000356571"
"2000364397";"VTSC";"Portugal";"Championnat National";"Professional";"2500";"2000209806"
"693";"Notts Co";"Angleterre";"Sky Bet League Two";"Professional";"20211";"14"
"719";"Stevenage";"Angleterre";"Sky Bet League One";"Professional";"6861";"13"
"805";"HB";"Féroé";"Premiership";"Semi-Professional";"3350";"8300358"
"1089";"H. Petach-Tikva";"Israël";"Première Ligue";"Professional";"11500";"7860000"
"1374";"Raufoss";"Norvège";"1ère Division";"Semi-Professional";"2550";"1300398"
"1530";"Alania";"Russie";"Division 2 A Or";"Professional";"12600";"2000272298"
"130510";"Shinnik";"Russie";"1ère Division";"Professional";"22442";"130487"
"135411";"Al-Wakrah";"Qatar";"Première Division";"Professional";"44325";"5632126"
"301208";"BPB";"Brésil";"3ème Division";"Professional";"35000";"107192"
"319160";"YPI";"Brésil";"3ème Division";"Professional";"22000";"107192"
"453567";"Ümraniyespor";"Turquie";"1. League";"Professional";"3513";"463479"
"484436";"Surxon";"Ouzbékistan";"Superleague d'Ouzbékistan";"Professional";"10599";"59135038"
"484479";"Oqjetpes";"Kazakhstan";"PL du Kazakhstan";"Professional";"4158";"59007527"
"952734";"Defensores Unidos";"Argentine";"2ème Division";"Professional";"6500";"102422"
"4001706";"Burton";"Angleterre";"Sky Bet League One";"Professional";"6972";"13"
"4203012";"Ontinyent";"Espagne";"-";"Professional";"4000";"-1"
"5110769";"AFC Wimbledon";"Angleterre";"Sky Bet League One";"Professional";"9236";"13"
"5250433";"San Luis";"Chili";"1ère Division B";"Professional";"7680";"5250793"
"5340987";"Vita Club";"R.D. Congo";"Linafoot B";"Professional";"80000";"2000278441"
"7920502";"Damac";"Arabie saoudite";"1ère division saoudienne";"Professional";"20000";"7920263"
"20502988";"Cavalry";"Canada";"Canadian Premier League";"Professional";"6000";"20502998"
"57000252";"Concordia Chiajna";"Roumanie";"D2 roumaine";"Professional";"5123";"150913"
"78027478";"MC Torque";"Uruguay";"1ère Division";"Professional";"10300";"5512770"
"80000476";"Imbabura";"Équateur";"Série B";"Professional";"17260";"80000567"
"2000149005";"Tindastóll";"Islande";"Premier League";"Amateur";"1300";"2000148997"
"2000214955";"Santos";"Brésil";"Première division";"Professional";"16068";"2000314935"
"2000215249";"Botafogo";"Brésil";"Première division";"Professional";"800";"2000314935"
"2000228370";"AC Nagano Parceiro";"Japon";"SOMPO WE League";"Professional";"15515";"2000225855"
"2000232849";"FC Dinamo-BGU";"Biélorussie";"Premier League";"Semi-Professional";"150";"2000232682"
"2000242785";"Pogon Tczew";"Pologne";"Première Division";"Professional";"500";"2000232705"
"2000277516";"Emina Mostar";"Bosnie";"Premier League";"Semi-Professional";"6000";"2000209808"
"2000277909";"Dnepr-Mogilev";"Biélorussie";"Premier League";"Professional";"500";"2000232682"
"2000277915";"Zorka-BDU";"Biélorussie";"Premier League";"Professional";"1500";"2000232682"
"2000277916";"Dinamo Brest";"Biélorussie";"Premier League";"Professional";"100";"2000232682"
"2000277917";"Gomel";"Biélorussie";"Premier League";"Professional";"1000";"2000232682"
"2000277919";"ABFF WU-19";"Biélorussie";"Premier League";"Professional";"5200";"2000232682"
"2000277920";"Vitebsk";"Biélorussie";"Premier League";"Professional";"8144";"2000232682"
"2000277922";"PolesGU";"Biélorussie";"Premier League";"Professional";"500";"2000232682"
"2000288446";"SPG FC Lustenau/FC Dornb.";"Autriche";"Austrian Women's Lower";"Semi-Professional";"2000";"2000377821"
"2000313502";"Medimurje";"Croatie";"Ligue 1";"Amateur";"6000";"2000232723"
"2000341000";"Westerlo";"Belgique";"Super League";"Amateur";"500";"2000158675"
"2000460168";"Novopolotsk";"Biélorussie";"Premier League";"Semi-Professional";"0";"2000232682"
"2000460169";"Bobruisk";"Biélorussie";"Premier League";"Semi-Professional";"1508";"2000232682"
"86034571";"Deportivo La Guaira";"Venezuela";"Première Division du Véné";"Professional";"20900";"86000001"
"75";"1º Agosto";"Angola";"Girabola";"Professional";"20000";"12034515"
"689";"Northampton";"Angleterre";"Sky Bet League One";"Professional";"8203";"13"
"817";"FC Haka";"Finlande";"Première Ligue";"Professional";"3200";"129120"
"822";"TPS";"Finlande";"Champ. de D1";"Professional";"8472";"2000228209"
"855";"Châteauroux";"France";"National";"Semi-Professional";"17173";"18"
"874";"FC Rouen";"France";"National";"Semi-Professional";"12171";"18"
"900";"Alemannia Aachen";"Allemagne";"3. Liga";"Professional";"32960";"35010926"
"1001";"FC Dordrecht";"Pays-Bas";"Keuken Kampioen Divisie";"Professional";"4000";"30"
"1082";"Bnei Yehuda";"Israël";"Championnat Leumit";"Professional";"3980";"7860001"
"1165";"Reggina";"Italie";"Série D Grp.I";"Semi-Professional";"27543";"1400408"
"1328";"Hødd";"Norvège";"1ère Division";"Semi-Professional";"4006";"1300398"
"1351";"Mjøndalen";"Norvège";"1ère Division";"Professional";"4200";"1300398"
"1454";"LKS Lódz";"Pologne";"D2";"Professional";"18029";"129559"
"1484";"Beira-Mar";"Portugal";"Championnat National - B";"Semi-Professional";"30127";"55065659"
"1522";"KamAZ";"Russie";"1ère Division";"Professional";"6200";"130487"
"1572";"Hamilton";"Écosse";"William Hill League 1";"Professional";"8086";"47"
"1689";"Alcoyano";"Espagne";"D2 Fédé espagnole Gr3";"Professional";"4850";"2000099905"
"1699";"Numantia";"Espagne";"D2 Fédé espagnole Gr1";"Professional";"8727";"2000099903"
"1746";"Real Irún";"Espagne";"D2 Fédé espagnole Gr2";"Professional";"5000";"2000099904"
"1786";"Degerfors IF";"Suède";"Première Ligue";"Professional";"7500";"50"
"1798";"Helsingborgs IF";"Suède";"1ère Division Elite";"Professional";"16000";"52"
"1839";"Västerås SK";"Suède";"1ère Division Elite";"Professional";"7000";"52"
"1844";"Östers IF";"Suède";"Première Ligue";"Professional";"12000";"50"
"2157";"IF Brommapojkarna";"Suède";"Première Ligue";"Professional";"5000";"50"
"2206";"Livorno";"Italie";"Série C/B";"Professional";"14267";"43127173"
"102361";"CD Águila";"Salvador";"Première Division";"Professional";"10000";"87001116"
"102861";"Muharraq";"Bahreïn";"Première Ligue";"Professional";"20000";"1039313"
"106072";"Sportivo Luqueño";"Paraguay";"1ère division";"Professional";"26974";"79010950"
"106371";"Etoile-Carouge";"Suisse";"Challenge League";"Semi-Professional";"7200";"137890"
"106812";"Jeonnam";"Corée du Sud";"K League 2";"Professional";"13496";"66029602"
"106881";"Al-Ansar";"Liban";"1ère Division";"Professional";"18000";"5629952"
"107314";"Kofu";"Japon";"J2 League";"Professional";"17000";"115424"
"108524";"Cipolletti";"Argentine";"Zone Intérieure";"Professional";"8000";"108509"
"109042";"Amarante";"Portugal";"Troisième division - N";"Professional";"5000";"2000112232"
"109189";"Estudiantes de Mérida";"Venezuela";"Première Division du Véné";"Professional";"42200";"86000001"
"116164";"Herediano";"Costa Rica";"D1";"Professional";"12000";"80000563"
"116384";"Septemvri Sofia";"Bulgarie";"Championnat A";"Professional";"22000";"7500000"
"129658";"Anagennisi Karditsas";"Grèce";"Super League 2 Nord";"Professional";"5000";"36086001"
"129661";"Athens Kallithea";"Grèce";"Super League 2 Sud";"Professional";"6350";"36086002"
"130789";"U. de Concepción";"Chili";"1ère Division B";"Professional";"30448";"5250793"
"130872";"Trencín";"Slovaquie";"1ère Division";"Professional";"6366";"7560276"
"130879";"Slavia Mozyr";"Biélorussie";"Championnat Supérieur";"Professional";"5133";"7483354"
"131229";"Zhejiang";"Chine";"Super League";"Professional";"52672";"130931"
"135246";"Kuwait SC";"Koweït";"Première division koweïti";"Professional";"18500";"23063354"
"135470";"Homs Al-Fidaa SC";"Syrie";"1ère Division";"Professional";"38000";"5635022"
"144830";"Nassaji";"Iran";"Ligue Azadegan";"Professional";"15000";"1018790"
"149275";"Akritas";"Chypre";"Division A";"Professional";"9394";"692430"
"301306";"FIG";"Brésil";"3ème Division";"Professional";"19584";"107192"
"308276";"CD Marathón";"Honduras";"Ligue Nationale";"Professional";"12000";"87000201"
"484478";"Jetisu";"Kazakhstan";"PL du Kazakhstan";"Professional";"5555";"59007527"
"494161";"Atyrau";"Kazakhstan";"PL du Kazakhstan";"Professional";"8900";"59007527"
"521643";"AC Oulu";"Finlande";"Première Ligue";"Professional";"4392";"129120"
"1021550";"Al-Kahrabaa";"Irak";"Stars League";"Professional";"15443";"23038303"
"1300143";"Celik";"Bosnie";"L1 de BiH";"Professional";"13632";"8407370"
"1300565";"Panachaiki";"Grèce";"Division C Groupe 4";"Semi-Professional";"2500";"36087246"
"1300881";"Wisla Kraków";"Pologne";"D2";"Professional";"33130";"129559"
"4203033";"Algeciras";"Espagne";"D1B Fédération espagnole";"Professional";"7300";"2000048846"
"4203036";"Real Hispalis B";"Espagne";"D1B Fédération espagnole";"Professional";"1500";"2000048846"
"5250445";"Curicó Unido";"Chili";"1ère Division B";"Professional";"12000";"5250793"
"5290626";"ADT";"Pérou";"1ère Division";"Professional";"9000";"5290551"
"5340071";"CS Constantine";"Algérie";"League 1";"Professional";"30000";"12015290"
"5340761";"Enugu Rangers";"Nigeria";"Premier League";"Professional";"25000";"12016011"
"5340988";"Ahli Tripoli";"Libye";"Premier League";"Professional";"66000";"13208974"
"5341651";"Djoliba";"Mali";"Première division";"Professional";"45000";"13162593"
"5380025";"IR Tanger";"Maroc";"Première division";"Professional";"75600";"12019395"
"5603779";"FC Wacker Innsbruck";"Autriche";"Ligue régionale ouest";"Semi-Professional";"17400";"5607688"
"5691127";"Zesco United";"Zambie";"Premier League de Zambie";"Professional";"49800";"13135082"
"5710867";"Gyeongnam";"Corée du Sud";"K League 2";"Professional";"15000";"66029602"
"7524224";"Gyirmót";"Hongrie";"Division III - Nord-Ouest";"Professional";"5728";"2000270610"
"7563783";"Michalovce";"Slovaquie";"1ère Division";"Professional";"4440";"7560276"
"7880311";"Ajman";"E.A.U.";"ADNOC Pro League";"Professional";"5200";"7880000"
"7900547";"Lokomotiv Toshkent";"Ouzbékistan";"Pro League d'Ouzbékistan";"Professional";"8000";"59135039"
"8101334";"ENPPI";"Égypte";"Premier Division";"Professional";"25000";"12015393"
"8631278";"Al-Jaish (EGY)";"Égypte";"Premier Division";"Professional";"20000";"12015393"
"8826662";"Isidro Metapán";"Salvador";"Première Division";"Professional";"10000";"87001116"
"12012639";"Ahly Benghazi";"Libye";"Premier League";"Professional";"41000";"13208974"
"12031147";"JS Saoura";"Algérie";"League 1";"Professional";"20000";"12015290"
"13153620";"Pharco";"Égypte";"Premier Division";"Professional";"22500";"12015393"
"13167212";"National Bank";"Égypte";"Premier Division";"Professional";"74100";"12015393"
"13170097";"Union Tataouine";"Tunisie";"Ligue 2B";"Professional";"5000";"12065938"
"13183943";"Ceramica Cleopatra";"Égypte";"Premier Division";"Professional";"35000";"12015393"
"13185587";"Rivers Utd.";"Nigeria";"Premier League";"Professional";"38000";"12016011"
"14002964";"Santamarina";"Argentine";"Zone Intérieure";"Professional";"8000";"108509"
"14006366";"Boca Unidos";"Argentine";"Zone Intérieure";"Professional";"18000";"108509"
"14256018";"Ciudad de Bolívar";"Argentine";"Zone Intérieure";"Professional";"4500";"108509"
"20032876";"Louisville";"États-Unis";"Conférence Est";"Professional";"15304";"20033732"
"20044628";"Phoenix";"États-Unis";"Conférence Ouest";"Professional";"10500";"20033731"
"20503663";"Ottawa";"Canada";"Canadian Premier League";"Professional";"24000";"20502998"
"22003932";"Botev Vratsa";"Bulgarie";"Championnat A";"Professional";"28861";"7500000"
"23114195";"Aluminium Arak";"Iran";"Premier League";"Professional";"15000";"1018789"
"27035536";"HB Køge";"Danemark";"Betinia Liga";"Professional";"3000";"7"
"34053971";"DL Pro";"Chine";"-";"Professional";"63000";"-1"
"45005890";"Meiji Univ.";"Japon";"-";"Amateur";"800";"-1"
"57061123";"FC Metaloglobus";"Roumanie";"SuperLiga";"Professional";"4500";"7540024"
"57141891";"Steaua Bucuresti";"Roumanie";"D2 roumaine";"Professional";"31524";"150913"
"57189800";"FC Bihor Oradea";"Roumanie";"D2 roumaine";"Professional";"18000";"150913"
"65033935";"Orbit College";"Afrique du Sud";"Prem. d'afrique du Sud";"Professional";"30000";"131234"
"71045065";"Rukh";"Ukraine";"Championnat d'Ukraine";"Professional";"33400";"5314301"
"72018903";"Tampa Bay";"États-Unis";"Conférence Est";"Professional";"7500";"20033732"
"86047464";"Academia Puerto Cabello";"Venezuela";"Première Division du Véné";"Professional";"7500";"86000001"
"2000022413";"Club NXT";"Belgique";"Challenger Pro League";"Professional";"8950";"2"
"2000032966";"Aves SAD - EXT";"Portugal";"-";"Professional";"0";"-1"
"2000149001";"Fylkir";"Islande";"Première Division";"Amateur";"2500";"2000150424"
"2000173150";"RSCA Futures";"Belgique";"Challenger Pro League";"Professional";"7515";"2"
"2000206690";"Logroño";"Espagne";"Première Division";"Semi-Professional";"16000";"2000167898"
"2000210866";"OB Q";"Danemark";"A-Liga";"Semi-Professional";"15790";"2000168609"
"2000214741";"FC Ingolstadt 04";"Allemagne";"Deuxième Division";"Semi-Professional";"8000";"2000180116"
"2000228393";"Nojima Stella Sagamihara";"Japon";"SOMPO WE League";"Professional";"6259";"2000225855"
"2000252604";"F. Atlético Pamplona";"Espagne";"Deuxième Division";"Semi-Professional";"4000";"2000180088"
"2000252623";"IK Uppsala Fotboll";"Suède";"Elitettan";"Semi-Professional";"10522";"2000230565"
"2000252763";"Cesena";"Italie";"Deuxième Division";"Semi-Professional";"600";"2000184919"
"2000252810";"Arezzo";"Italie";"Deuxième Division";"Semi-Professional";"450";"2000184919"
"2000254308";"Cliftonville";"Irlande du Nord";"Premiership";"Semi-Professional";"3054";"2000210815"
"2000274502";"RU Tubize-Braine";"Belgique";"D1 nationale - ACFF";"Amateur";"8100";"2000370107"
"2000277981";"Fatih Vatan Spor";"Turquie";"Super League";"Semi-Professional";"4338";"2000232852"
"2000287077";"Arkadag";"Turkménistan";"Yokary Ligasy";"Professional";"10000";"5638083"
"2000294971";"Weinberg";"Allemagne";"Regionalliga Süd";"Semi-Professional";"2000";"2000469362"
"2000308288";"Gaziantep Asya Spor";"Turquie";"Ligue 1";"Semi-Professional";"1000";"2000277954"
"2000316784";"Formas Íntimas";"Colombie";"Colombian Lower Division";"Amateur";"2500";"2000356571"
"2000318939";"Atlético de Cali F.C.";"Colombie";"Colombian Lower Division";"Amateur";"2500";"2000356571"
"2000319787";"Hellas Verona";"Italie";"Deuxième Division";"Semi-Professional";"2900";"2000184919"
"2000338260";"Unión Magdalena";"Colombie";"Colombian Lower Division";"Amateur";"1500";"2000356571"
"2000338638";"Al-Hilal";"Arabie saoudite";"Premier League";"Professional";"15000";"2000338506"
"2000338640";"Al-Nassr";"Arabie saoudite";"Premier League";"Professional";"26004";"2000338506"
"2000339018";"Donna Roma";"Italie";"Deuxième Division";"Semi-Professional";"500";"2000184919"
"2000341479";"Deportes Quindío";"Colombie";"Colombian Lower Division";"Amateur";"21800";"2000356571"
"2000342799";"Guerreras Albas LDU";"Équateur";"Première Division";"Professional";"41305";"2000338489"
"2000352659";"Guangdong";"Chine";"SLFC";"Professional";"20000";"2000199497"
"2000352662";"Shanghai";"Chine";"-";"Semi-Professional";"300";"-1"
"2000352687";"Hangzhou";"Chine";"SLFC";"Professional";"10200";"2000199497"
"2000353754";"TP Mazembe";"R.D. Congo";"D1 de la RDC";"Professional";"18500";"2000343134"
"2000354498";"Honvéd";"Hongrie";"Première Division";"Semi-Professional";"8428";"2000232706"
"2000364387";"Rio Ave";"Portugal";"Championnat National";"Professional";"5244";"2000209806"
"2000365291";"Coquimbo";"Chili";"Première Division";"Professional";"150";"2000338390"
"2000382520";"Arminia Bielefeld";"Allemagne";"Regionalliga Ouest";"Semi-Professional";"2500";"2000469347"
"138163";"Shkëndija";"Macédoine du N.";"Ligue 1";"Professional";"12600";"8401070"
"5300223";"Monagas S.C.";"Venezuela";"Première Division du Véné";"Professional";"51796";"86000001"
"353";"Montana";"Bulgarie";"Championnat A";"Professional";"8000";"7500000"
"591";"Derry City";"Irlande du Nord";"Première Ligue";"Professional";"6242";"129372"
"942";"Carl Zeiss Jena";"Allemagne";"Div. régionale Nord-est";"Professional";"15416";"91107110"
"957";"SSV Ulm 1846";"Allemagne";"3. Liga";"Professional";"19500";"35010926"
"2191";"Casertana";"Italie";"Série C/C";"Professional";"6817";"43127174"
"130346";"Sakaryaspor";"Turquie";"1. League";"Professional";"28154";"463479"
"130784";"San Felipe";"Chili";"1ère Division B";"Professional";"12000";"5250793"
"136013";"Correcaminos";"Mexique";"Liga de Expansión";"Professional";"18000";"2000017067"
"137912";"Stade Nyonnais";"Suisse";"Challenge League";"Semi-Professional";"7200";"137890"
"485457";"Qyzylqum";"Ouzbékistan";"Superleague d'Ouzbékistan";"Professional";"12500";"59135038"
"658353";"Rudeš";"Croatie";"2ème Division";"Professional";"2000";"129646"
"801910";"Kotoko";"Ghana";"Premier League  du Ghana";"Professional";"20000";"13109924"
"814086";"Cornellà";"Espagne";"D3 Fédé espagnole Gr5";"Professional";"1500";"2000099915"
"952727";"Fénix (ARG)";"Argentine";"Zone Métropolitaine";"Professional";"5000";"108508"
"952751";"Sacachispas";"Argentine";"Zone Métropolitaine";"Professional";"4000";"108508"
"1301374";"Mladost (L)";"Serbie";"Super League";"Professional";"8050";"132321"
"1413274";"Renate";"Italie";"Série C/A";"Professional";"2520";"43127172"
"5270435";"9 de Octubre";"Équateur";"Série B";"Professional";"4000";"80000567"
"7920260";"Al-Khaleej";"Arabie saoudite";"1ère division saoudienne";"Professional";"17300";"7920263"
"14022190";"Sp. Belgrano";"Argentine";"Zone Intérieure";"Professional";"9000";"108509"
"22019542";"Dobrudzha";"Bulgarie";"Championnat A";"Professional";"6500";"7500000"
"42027989";"Bnei Reineh";"Israël";"Première Ligue";"Professional";"5200";"7860000"
"57131211";"ACSM Resita";"Roumanie";"D2 roumaine";"Professional";"6800";"150913"
"59008177";"K?p?z PFK";"Azerbaïdjan";"Yuksak Liqa d'Azerbaïjan";"Professional";"6800";"59006943"
"59121257";"Telavi";"Géorgie";"Ligue Nationale Géorgie";"Professional";"5000";"59126495"
"70028001";"Menemen FK";"Turquie";"2. League G2";"Professional";"5000";"463486"
"2000126093";"Turan";"Kazakhstan";"PL du Kazakhstan";"Professional";"7000";"59007527"
"2000214739";"Eintracht Frankfurt II";"Allemagne";"Deuxième Division";"Semi-Professional";"6675";"2000180116"
"2000382523";"Hertha BSC";"Allemagne";"Reg Nordost";"Semi-Professional";"4000";"2000469346"
"2000429108";"VfR Warbeyen";"Allemagne";"Deuxième Division";"Semi-Professional";"500";"2000180116"
"2000430699";"RB Leipzig II";"Allemagne";"Reg Nordost";"Semi-Professional";"2050";"2000469346"
"5300226";"Carabobo";"Venezuela";"Première Division du Véné";"Professional";"10400";"86000001"
"656";"Gillingham";"Angleterre";"Sky Bet League Two";"Professional";"11582";"14"
"658";"Grimsby";"Angleterre";"Sky Bet League Two";"Professional";"9052";"14"
"710";"Shrewsbury";"Angleterre";"Sky Bet League Two";"Professional";"9875";"14"
"811";"FC Lahti";"Finlande";"Champ. de D1";"Professional";"14500";"2000228209"
"941";"Chemnitz";"Allemagne";"Div. régionale Nord-est";"Professional";"15000";"91107110"
"1022";"MVV Maastricht";"Pays-Bas";"Keuken Kampioen Divisie";"Professional";"9000";"30"
"1073";"Keflavík";"Islande";"1ère Division";"Semi-Professional";"2554";"7840133"
"1387";"Skeid";"Norvège";"1ère Division";"Semi-Professional";"1400";"1300398"
"1486";"Salgueiros 08";"Portugal";"Championnat National - B";"Professional";"1140";"55065659"
"1527";"Rotor";"Russie";"1ère Division";"Professional";"45568";"130487"
"1716";"H. Alicante";"Espagne";"D1B Fédération espagnole";"Professional";"29500";"2000048846"
"1842";"Örebro";"Suède";"1ère Division Elite";"Professional";"12300";"52"
"1881";"Van Spor FK";"Turquie";"1. League";"Professional";"10500";"463479"
"1918";"Danubio";"Uruguay";"1ère Division";"Professional";"14401";"5512770"
"1954";"Radnicki";"Serbie";"Super League";"Professional";"18151";"132321"
"1980";"Bourg en B.";"France";"National";"Semi-Professional";"11400";"18"
"2083";"FC Versailles";"France";"National";"Semi-Professional";"750";"18"
"2085";"FC Villefranche";"France";"National";"Semi-Professional";"3500";"18"
"2121";"Kolding IF";"Danemark";"Betinia Liga";"Professional";"12000";"7"
"2185";"Arezzo";"Italie";"Série C/B";"Professional";"13128";"43127173"
"2216";"Pontedera";"Italie";"Série C/B";"Professional";"2718";"43127173"
"2240";"FC Energie Cottbus";"Allemagne";"3. Liga";"Professional";"22528";"35010926"
"2420";"Caldas";"Portugal";"Troisième division - S";"Professional";"6000";"2000112233"
"2428";"AD Sanjoanense";"Portugal";"Troisième division - N";"Professional";"15000";"2000112232"
"2588";"IFK Värnamo";"Suède";"Première Ligue";"Professional";"6300";"50"
"108576";"Huracán Mza.";"Argentine";"Zone Intérieure";"Professional";"8000";"108509"
"108578";"Dep. Armenio";"Argentine";"Zone Métropolitaine";"Professional";"4000";"108508"
"121196";"Sportclub Verl";"Allemagne";"3. Liga";"Professional";"5207";"35010926"
"121207";"1. FC Schweinfurt 05";"Allemagne";"3. Liga";"Professional";"12000";"35010926"
"130362";"Pendikspor";"Turquie";"1. League";"Professional";"4105";"463479"
"130779";"Stgo Morning";"Chili";"1ère Division B";"Professional";"6000";"5250793"
"130785";"SM de Arica";"Chili";"1ère Division B";"Professional";"9746";"5250793"
"131266";"Stade Malien";"Mali";"Première division";"Professional";"45000";"13162593"
"135245";"Al-Arabi";"Koweït";"Première division koweïti";"Professional";"23000";"23063354"
"135423";"Al-Riyadh";"Arabie saoudite";"1ère division saoudienne";"Professional";"22188";"7920263"
"135425";"Al-Najmah";"Arabie saoudite";"1ère division saoudienne";"Professional";"10000";"7920263"
"151027";"MK Dons";"Angleterre";"Sky Bet League Two";"Professional";"30500";"14"
"521105";"FC KTP";"Finlande";"Première Ligue";"Professional";"5026";"129120"
"536240";"Olympic Charleroi";"Belgique";"Challenger Pro League";"Professional";"8000";"2"
"700206";"Messina";"Italie";"Série D Grp.I";"Semi-Professional";"38722";"1400408"
"775166";"Yamaguchi";"Japon";"J2 League";"Professional";"15200";"115424"
"876844";"SC Freiburg II";"Allemagne";"Division Rég. Sud";"Professional";"24000";"27"
"880375";"SpVgg Bayreuth";"Allemagne";"Div. régionale Sud-ouest";"Professional";"21500";"91107111"
"952691";"Acassuso";"Argentine";"Zone Métropolitaine";"Professional";"1100";"108508"
"952737";"UAI Urquiza";"Argentine";"Zone Métropolitaine";"Professional";"700";"108508"
"1031631";"Al-Kholood";"Arabie saoudite";"1ère division saoudienne";"Professional";"5100";"7920263"
"1104147";"Hearts of Oak";"Ghana";"Premier League  du Ghana";"Professional";"40000";"13109924"
"1301254";"Sariyer";"Turquie";"1. League";"Professional";"4100";"463479"
"5290568";"Bolognesi";"Pérou";"Coupe du Pérou";"Professional";"20000";"5290552"
"5340749";"Enyimba F.C.";"Nigeria";"Premier League";"Professional";"16000";"12016011"
"5340981";"Horoya";"Guinée";"Ligue 1";"Professional";"5000";"13211636"
"5341592";"Al-Ittihad Tripoli";"Libye";"Premier League";"Professional";"66000";"13208974"
"5341594";"Asswehly";"Libye";"Premier League";"Professional";"15500";"13208974"
"5341596";"Al-Nasr Benghazi";"Libye";"Premier League";"Professional";"41000";"13208974"
"5341601";"Al-Hilal Benghazi";"Libye";"Premier League";"Professional";"41000";"13208974"
"5370001";"Arab Contractors";"Égypte";"Premier Division";"Professional";"35000";"12015393"
"5390016";"CA Bizerte";"Tunisie";"Ligue 1";"Professional";"26000";"12019164"
"5390058";"Sagrada Esperança";"Angola";"Girabola";"Professional";"8000";"12034515"
"5410642";"Aluminij";"Slovénie";"1ère Division";"Professional";"1200";"7580000"
"5688086";"Tuks";"Afrique du Sud";"1ère Division";"Professional";"15000";"131235"
"7000476";"Lusitano Évora";"Portugal";"Troisième division - S";"Professional";"10000";"2000112233"
"7920489";"Al-Okhdood";"Arabie saoudite";"1ère division saoudienne";"Professional";"12000";"7920263"
"8403750";"Igman";"Bosnie";"L1 de BiH";"Professional";"5000";"8407370"
"8478376";"Altinordu";"Turquie";"2. League G1";"Professional";"2000";"463485"
"13145304";"Abia Warriors";"Nigeria";"Premier League";"Professional";"16000";"12016011"
"13188906";"Katsina Utd.";"Nigeria";"Premier League";"Professional";"35000";"12016011"
"19145268";"MAF";"Brésil";"3ème Division";"Professional";"16000";"107192"
"20041486";"San Antonio";"États-Unis";"Conférence Ouest";"Professional";"8296";"20033731"
"20502997";"Pacific";"Canada";"Canadian Premier League";"Professional";"6100";"20502998"
"26035664";"Ypsonas";"Chypre";"Division A";"Professional";"5500";"692430"
"59007876";"Gagra";"Géorgie";"Ligue Nationale Géorgie";"Professional";"2130";"59126495"
"59017158";"Ulytau";"Kazakhstan";"PL du Kazakhstan";"Professional";"5000";"59007527"
"66010556";"Bucheon";"Corée du Sud";"K League 2";"Professional";"35455";"66029602"
"70055738";"Çorum FK";"Turquie";"1. League";"Professional";"15000";"463479"
"70081029";"Serik Spor";"Turquie";"1. League";"Professional";"3500";"463479"
"70095984";"Esenler Erokspor";"Turquie";"1. League";"Professional";"5296";"463479"
"70108557";"Igdir FK";"Turquie";"1. League";"Professional";"2700";"463479"
"77050930";"Los Chankas";"Pérou";"1ère Division";"Professional";"10000";"5290551"
"2000017845";"Cumbayá F.C.";"Équateur";"Série B";"Professional";"12000";"80000567"
"2000173149";"Jong Genk";"Belgique";"Challenger Pro League";"Professional";"10022";"2"
"2000193551";"At. La Paz";"Mexique";"Liga de Expansión";"Professional";"5209";"2000017067"
"2000204131";"Cheltenham";"Angleterre";"National Premier South";"Semi-Professional";"1500";"2000163438"
"2000209860";"Amora";"Portugal";"Champ féminin Sud";"Semi-Professional";"860";"2000367937"
"2000209881";"Thy";"Danemark";"Première Division";"Semi-Professional";"4000";"2000278359"
"2000213622";"Plymouth";"Angleterre";"National Premier South";"Semi-Professional";"2100";"2000163438"
"2000214743";"Bayern München II";"Allemagne";"Deuxième Division";"Semi-Professional";"3000";"2000180116"
"2000214746";"SC Freiburg II";"Allemagne";"Regionalliga Süd";"Semi-Professional";"3000";"2000469362"
"2000214747";"VfL Wolfsburg II";"Allemagne";"Deuxième Division";"Semi-Professional";"6600";"2000180116"
"2000224185";"Viking";"Norvège";"Première Division";"Semi-Professional";"16300";"2000178041"
"2000276622";"Krasnodar";"Russie";"Championnat";"Professional";"7428";"2000183170"
"2000276650";"FK Rostov";"Russie";"Championnat";"Professional";"15840";"2000183170"
"2000278774";"TSC";"Serbie";"Super League";"Professional";"582";"2000232686"
"2000326380";"Neom SC";"Arabie saoudite";"1ère division saoudienne";"Professional";"12000";"7920263"
"2000344570";"Deportivo Cuenca";"Équateur";"Lower Division";"Professional";"14500";"2000518129"
"2000383399";"Viktoria 1889";"Allemagne";"Deuxième Division";"Semi-Professional";"4300";"2000180116"
"1239";"Vardar";"Macédoine du N.";"Ligue 1";"Professional";"36460";"8401070"
"430";"Cibalia";"Croatie";"2ème Division";"Professional";"8600";"129646"
"624";"Cambridge";"Angleterre";"Sky Bet League Two";"Professional";"7953";"14"
"731";"Walsall";"Angleterre";"Sky Bet League Two";"Professional";"11300";"14"
"813";"Jaro";"Finlande";"Première Ligue";"Professional";"3600";"129120"
"959";"Lübeck";"Allemagne";"Division Rég. Nord";"Professional";"17849";"26"
"1002";"FC Eindhoven";"Pays-Bas";"Keuken Kampioen Divisie";"Professional";"4200";"30"
"1163";"Ravenne";"Italie";"Série C/B";"Professional";"12020";"43127173"
"1284";"Linfield";"Irlande du Nord";"NIFL Premiership";"Professional";"18434";"130023"
"107321";"Waseda Univ.";"Japon";"-";"Amateur";"600";"-1"
"114819";"Nejmeh";"Liban";"1ère Division";"Professional";"5100";"5629952"
"114951";"Ahed";"Liban";"1ère Division";"Professional";"18000";"5629952"
"120286";"Shooting Stars SC";"Nigeria";"Premier League";"Professional";"18000";"12016011"
"120974";"Deportivo Quito";"Équateur";"Segunda Categoría de Pich";"Semi-Professional";"35258";"2000101110"
"130837";"DSV Leoben";"Autriche";"Styrian LL";"Semi-Professional";"6000";"16000659"
"131252";"Insurance";"Nigeria";"Premier League";"Professional";"19000";"12016011"
"135469";"Hutteen SC";"Syrie";"1ère Division";"Professional";"35000";"5635022"
"136152";"Vitkovice";"Rép. tchèque";"3ème Division tchèque";"Professional";"15123";"136042"
"136158";"Prostejov";"Rép. tchèque";"2ème Division";"Professional";"4500";"131288"
"136237";"Táborsko";"Rép. tchèque";"2ème Division";"Professional";"1350";"131288"
"400984";"Lyon-Duchère AS";"France";"-";"Semi-Professional";"0";"-1"
"484477";"Shahter Qaragandy";"Kazakhstan";"D1 kazak";"Professional";"19500";"59010820"
"485461";"Khorezm";"Ouzbékistan";"Superleague d'Ouzbékistan";"Professional";"13500";"59135038"
"539814";"R Knokke FC";"Belgique";"D1 nationale - VV";"Amateur";"3000";"2000370106"
"952755";"Villa San Carlos";"Argentine";"Zone Métropolitaine";"Professional";"3000";"108508"
"955211";"Juv. Unida Universitario";"Argentine";"Zone Intérieure";"Professional";"7000";"108509"
"1301102";"Chernomorets";"Russie";"1ère Division";"Professional";"12500";"130487"
"4200575";"Valladolid B";"Espagne";"D2 Fédé espagnole Gr1";"Professional";"1500";"2000099903"
"4212406";"Sanluqueño";"Espagne";"D1B Fédération espagnole";"Professional";"5000";"2000048846"
"5250442";"Santa Cruz";"Chili";"1ère Division B";"Professional";"3000";"5250793"
"5410008";"Kwara Utd.";"Nigeria";"Premier League";"Professional";"18000";"12016011"
"5410014";"Kano Pillars";"Nigeria";"Premier League";"Professional";"25000";"12016011"
"5637855";"Chonburi";"Thaïlande";"Ligue 1 de Thaïlande";"Professional";"8680";"5624920"
"7521283";"Soroksár";"Hongrie";"Division II";"Professional";"5000";"152045"
"7900348";"Mash'al";"Ouzbékistan";"Superleague d'Ouzbékistan";"Professional";"7000";"59135038"
"8632213";"Nasarawa Utd";"Nigeria";"Premier League";"Professional";"10000";"12016011"
"14022187";"Crucero del Norte";"Argentine";"Zone Intérieure";"Semi-Professional";"10000";"108509"
"14064652";"Argentino (Monte Maíz)";"Argentine";"Zone Intérieure";"Professional";"3500";"108509"
"23159427";"Esteghlal Khuzestan";"Iran";"Premier League";"Professional";"50199";"1018789"
"38013493";"Budafok";"Hongrie";"Division II";"Professional";"4000";"152045"
"43210768";"Turris";"Italie";"-";"Semi-Professional";"3566";"-1"
"51052402";"Alteños Tepa";"Mexique";"Liga de Expansión";"Professional";"10000";"2000017067"
"58064627";"Ufa";"Russie";"1ère Division";"Professional";"15200";"130487"
"62159794";"Železnicar";"Serbie";"Super League";"Professional";"2300";"132321"
"67016725";"Ceuta";"Espagne";"2ème Division";"Professional";"6500";"68"
"67023731";"Inter de Madrid";"Espagne";"-";"Professional";"2000";"-1"
"67083594";"Llagostera";"Espagne";"-";"Semi-Professional";"1400";"-1"
"2000198509";"Glentoran";"Irlande du Nord";"Premiership";"Semi-Professional";"100";"2000210815"
"2000214737";"TSG Hoffenheim II";"Allemagne";"Regionalliga Süd";"Semi-Professional";"6100";"2000469362"
"2000233865";"Linfield";"Irlande du Nord";"Premiership";"Semi-Professional";"1000";"2000210815"
"2000315643";"Bournemouth";"Angleterre";"National Premier South";"Semi-Professional";"150";"2000163438"
"2000322839";"Gil Vicente";"Portugal";"Champ féminin Nord";"Semi-Professional";"350";"2000367936"
"2000337815";"Real Cartagena";"Colombie";"Colombian Lower Division";"Amateur";"20000";"2000356571"
"2000343237";"Leones del Norte";"Équateur";"Lower Division";"Professional";"2700";"2000518129"
"2000345320";"So'g'diyona";"Ouzbékistan";"Ligue fém. d'Ouzbékistan";"Semi-Professional";"0";"2000338398"
"2000364254";"Fut. Benfica";"Portugal";"Champ féminin Sud";"Semi-Professional";"1000";"2000367937"
"2000365295";"Palestino";"Chili";"Première Division";"Professional";"100";"2000338390"
"2000434092";"Bars";"Kirghizistan";"Division Supérieure";"Professional";"3380";"59005735"
"103";"Shirak";"Arménie";"Premier League";"Professional";"2844";"59006196"
"634";"Chesterfield";"Angleterre";"Sky Bet League Two";"Professional";"10504";"14"
"641";"Crewe";"Angleterre";"Sky Bet League Two";"Professional";"10153";"14"
"725";"Swindon";"Angleterre";"Sky Bet League Two";"Professional";"15728";"14"
"930";"FSV Frankfurt";"Allemagne";"Division Rég. Sud";"Professional";"12542";"27"
"932";"Offenbach";"Allemagne";"Division Rég. Sud";"Professional";"20700";"27"
"1071";"Fram";"Islande";"Símadeildin";"Semi-Professional";"2500";"7840132"
"1104";"Ancône";"Italie";"Série D Grp.F";"Semi-Professional";"21233";"1400405"
"1115";"Carpi";"Italie";"Série C/B";"Professional";"5510";"43127173"
"1159";"Piacenza";"Italie";"Série D Grp.D";"Semi-Professional";"21608";"1400403"
"1175";"Trapani";"Italie";"Série C/C";"Professional";"7601";"43127174"
"1482";"Leça";"Portugal";"Championnat National - B";"Professional";"12000";"55065659"
"1751";"Huelva";"Espagne";"D2 Fédé espagnole Gr4";"Professional";"21670";"2000099906"
"1811";"Landskrona";"Suède";"1ère Division Elite";"Professional";"11900";"52"
"2097";"Espanyol B";"Espagne";"D2 Fédé espagnole Gr3";"Professional";"1500";"2000099905"
"2219";"Rimini";"Italie";"-";"Semi-Professional";"9768";"-1"
"2222";"Torres";"Italie";"Série C/B";"Professional";"6145";"43127173"
"2257";"VfB Oldenburg";"Allemagne";"Division Rég. Nord";"Professional";"15200";"26"
"107210";"ALA";"Brésil";"3ème Division";"Professional";"19000";"107192"
"107289";"Mito";"Japon";"J2 League";"Professional";"12000";"115424"
"107303";"Oita";"Japon";"J2 League";"Professional";"40000";"115424"
"108985";"Gubbio";"Italie";"Série C/B";"Professional";"4939";"43127173"
"115940";"Chongqing";"Chine";"-";"Professional";"58680";"-1"
"131135";"Changchun";"Chine";"Super League";"Professional";"40000";"130931"
"135468";"Jableh SC";"Syrie";"1ère Division";"Professional";"10000";"5635022"
"136208";"Varnsdorf";"Rép. tchèque";"Troisième division CFL B";"Professional";"2500";"25060473"
"136249";"Ústí nad Labem";"Rép. tchèque";"2ème Division";"Professional";"4000";"131288"
"137897";"FC Baden";"Suisse";"1ère Ligue - Groupe 3";"Semi-Professional";"7000";"5724966"
"149279";"PAEEK";"Chypre";"Division B";"Professional";"2000";"692431"
"483765";"Bukhoro";"Ouzbékistan";"Superleague d'Ouzbékistan";"Professional";"22700";"59135038"
"1300641";"Fylkir";"Islande";"1ère Division";"Semi-Professional";"2500";"7840133"
"1301557";"Auckland City";"Nouvelle-Zélande";"Ligue du Nord";"Amateur";"1000";"432266"
"5321693";"Karvan FK";"Azerbaïdjan";"Yuksak Liqa d'Azerbaïjan";"Professional";"6000";"59006943"
"5624425";"Qatar SC";"Qatar";"Première Division";"Professional";"13000";"5632126"
"7581525";"Radomlje";"Slovénie";"1ère Division";"Professional";"3100";"7580000"
"7600575";"ASO Chlef";"Algérie";"League 1";"Professional";"18000";"12015290"
"7862785";"Ironi Tiberias";"Israël";"Première Ligue";"Professional";"4500";"7860000"
"13174363";"Ikorodu City";"Nigeria";"Premier League";"Professional";"10000";"12016011"
"14031216";"Sp. Las Parejas";"Argentine";"Zone Intérieure";"Professional";"3000";"108509"
"19270038";"FLC";"Brésil";"3ème Division";"Professional";"20000";"107192"
"20030374";"Sacramento";"États-Unis";"Conférence Ouest";"Professional";"11569";"20033731"
"25001307";"Vlasim";"Rép. tchèque";"2ème Division";"Professional";"1200";"131288"
"43204872";"Potenza";"Italie";"Série C/C";"Professional";"5300";"43127174"
"55001110";"1º Dezembro";"Portugal";"Troisième division - S";"Professional";"2000";"2000112233"
"57151105";"ACSM Ceahlaul";"Roumanie";"D2 roumaine";"Professional";"22000";"150913"
"59007886";"Samtredia";"Géorgie";"Ligue 2 nationale";"Professional";"5000";"59126496"
"62031842";"Spartak";"Serbie";"Super League";"Professional";"13000";"132321"
"67070379";"San Fernando";"Espagne";"-";"Professional";"6427";"-1"
"67174187";"Linares";"Espagne";"D2 Fédé espagnole Gr4";"Professional";"10000";"2000099906"
"2000167128";"Derby";"Angleterre";"National Premier North";"Semi-Professional";"1950";"2000163439"
"2000175678";"Aberdeen";"Écosse";"PLFE";"Semi-Professional";"2602";"2000132415"
"2000209847";"FC RB Salzburg";"Autriche";"Première division féminin";"Semi-Professional";"2000";"2000209813"
"2000252624";"Alingsås IF";"Suède";"OBOS Damallsvenskan";"Semi-Professional";"1500";"2000138349"
"2000314892";"Sion Féminin";"Suisse";"Deuxième Division";"Semi-Professional";"1500";"2000276269"
"2000315994";"R. Madrid B";"Espagne";"Deuxième Division";"Professional";"300";"2000180088"
"2000333931";"IFK Göteborg";"Suède";"Première division - Sud";"Semi-Professional";"4500";"2000327937"
"2000342797";"Macará";"Équateur";"Première Division";"Professional";"350";"2000338489"
"2000365293";"Dep. Iquique";"Chili";"Première Division";"Professional";"6450";"2000338390"
"2000440707";"Carl-Zeiss Jena II";"Allemagne";"Reg Nordost";"Semi-Professional";"2000";"2000469346"
"59007641";"FC Milsami";"Moldavie";"Super Liga de Moldavie";"Professional";"3023";"59007607"
"61";"KF Tirana";"Albanie";"Superligue";"Professional";"12724";"8350942"
"442";"Sibenik";"Croatie";"D4 Sud";"Semi-Professional";"3600";"661724"
"493";"B.93";"Danemark";"Betinia Liga";"Semi-Professional";"3704";"7"
"597";"Shelbourne";"Irlande";"Première Ligue";"Professional";"9680";"129372"
"851";"Bordeaux";"France";"National 2 - Groupe A";"Semi-Professional";"42115";"19"
"860";"Nîmes";"France";"National 2 - Groupe C";"Semi-Professional";"8033";"914523"
"922";"Fortuna Köln";"Allemagne";"Division Régionale Ouest";"Professional";"14944";"35010927"
"1049";"BVSC";"Hongrie";"Division II";"Professional";"6000";"152045"
"1050";"Békéscsaba";"Hongrie";"Division II";"Professional";"4742";"152045"
"1330";"Jerv";"Norvège";"2ème Division G1";"Professional";"3590";"1300603"
"1462";"Ruch";"Pologne";"D2";"Professional";"54378";"129559"
"1490";"Espinho";"Portugal";"Première division Aveiro";"Amateur";"500";"83141250"
"1577";"Inverness CT";"Écosse";"William Hill League 1";"Professional";"7750";"47"
"1615";"Banská Bystrica";"Slovaquie";"2ème Division";"Professional";"7381";"7560277"
"1624";"Prešov";"Slovaquie";"1ère Division";"Professional";"6500";"7560276"
"1843";"Örgryte IS";"Suède";"1ère Division Elite";"Professional";"18400";"52"
"2251";"Oberhausen";"Allemagne";"Division Régionale Ouest";"Professional";"17165";"35010927"
"2484";"Amora";"Portugal";"Troisième division - S";"Professional";"5000";"2000112233"
"103287";"FC Bayern II";"Allemagne";"Div. régionale Sud-ouest";"Professional";"15000";"91107111"
"107205";"ABF";"Brésil";"3ème Division";"Professional";"15082";"107192"
"108538";"Juv. Antoniana";"Argentine";"Zone Intérieure";"Professional";"20500";"108509"
"109037";"S. João Ver";"Portugal";"Troisième division - N";"Professional";"5000";"2000112232"
"109192";"Mineros de Guayana";"Venezuela";"Deuxième Division";"Professional";"42000";"86000002"
"129168";"Gnistan";"Finlande";"Première Ligue";"Professional";"3100";"129120"
"129657";"Aigaleo";"Grèce";"Super League 2 Sud";"Professional";"8217";"36086002"
"130781";"Puerto Montt";"Chili";"Deuxième division";"Professional";"10065";"75034137"
"131162";"Henan";"Chine";"Super League";"Professional";"29860";"130931"
"135247";"Qadsia";"Koweït";"Première division koweïti";"Professional";"25000";"23063354"
"135329";"Dhofar";"Oman";"Ligue O";"Professional";"12000";"23071760"
"136008";"Durango";"Mexique";"Série A Groupe I";"Professional";"18000";"51066838"
"136020";"Zacatepec";"Mexique";"Série A Groupe II";"Professional";"24443";"51066839"
"137943";"Rapperswil";"Suisse";"Challenge League";"Professional";"4350";"137890"
"145742";"Zakho SC";"Irak";"Stars League";"Professional";"25000";"23038303"
"485462";"Qo'qon 1912";"Ouzbékistan";"Superleague d'Ouzbékistan";"Professional";"10576";"59135038"
"514046";"EIF";"Finlande";"Champ. de D1";"Semi-Professional";"2600";"2000228209"
"529013";"MC Oran";"Algérie";"League 1";"Professional";"35000";"12015290"
"700060";"Latina";"Italie";"Série C/C";"Professional";"9310";"43127174"
"710017";"Miedz";"Pologne";"D2";"Professional";"6194";"129559"
"741496";"Real";"Portugal";"Pro-national Lisbon";"Amateur";"2000";"83141248"
"792248";"Iwaki";"Japon";"J2 League";"Professional";"8000";"115424"
"950231";"Dep. Merlo";"Argentine";"Zone Métropolitaine";"Professional";"7500";"108508"
"1200440";"CD L.A. Firpo";"Salvador";"Première Division";"Professional";"10000";"87001116"
"1301559";"Team Wellington";"Nouvelle-Zélande";"-";"Semi-Professional";"2000";"-1"
"4200483";"Sanse";"Espagne";"D2 Fédé espagnole Gr5";"Professional";"4000";"2000099907"
"5103842";"Salford";"Angleterre";"Sky Bet League Two";"Professional";"5108";"14"
"5300232";"Metropolitanos";"Venezuela";"Première Division du Véné";"Professional";"20900";"86000001"
"5341061";"Stade d'Abidjan";"Côte d'Ivoire";"1ère division";"Professional";"1800";"13109926"
"5341073";"Jaraaf";"Sénégal";"Première division";"Professional";"60000";"13191657"
"5380014";"HUS Agadir";"Maroc";"Première division";"Professional";"45840";"12019395"
"5410568";"Gomel";"Biélorussie";"Championnat Supérieur";"Professional";"14307";"7483354"
"5604963";"FC Dornbirn";"Autriche";"Ligue régionale ouest";"Semi-Professional";"12000";"5607688"
"5622727";"Paykan";"Iran";"Premier League";"Professional";"15000";"1018789"
"7485067";"Isloch";"Biélorussie";"Championnat Supérieur";"Professional";"4800";"7483354"
"7521338";"Szentlorinc";"Hongrie";"Division II";"Professional";"630";"152045"
"7860423";"H. Ramat-Gan";"Israël";"Championnat Leumit";"Professional";"42059";"7860001"
"8630098";"US Touarga";"Maroc";"Première division";"Professional";"8000";"12019395"
"8825687";"UCV";"Venezuela";"Première Division du Véné";"Professional";"20900";"86000001"
"12009820";"El Gouna";"Égypte";"Premier Division";"Professional";"12000";"12015393"
"12012774";"Maniema Union";"R.D. Congo";"Linafoot B";"Professional";"22000";"2000278441"
"12019347";"Ben Guerdane";"Tunisie";"Ligue 1";"Professional";"15000";"12019164"
"13106706";"FC San Pédro";"Côte d'Ivoire";"1ère division";"Professional";"20000";"13109926"
"14031203";"Defensores (VR)";"Argentine";"Zone Intérieure";"Professional";"2500";"108509"
"14046672";"Independiente (Chivilcoy)";"Argentine";"Zone Intérieure";"Professional";"4000";"108509"
"18021101";"Wadi Degla";"Égypte";"Premier Division";"Professional";"25000";"12015393"
"18042300";"RAEC Mons";"Belgique";"D1 nationale - ACFF";"Amateur";"13422";"2000370107"
"20032628";"Colorado Springs";"États-Unis";"Conférence Ouest";"Professional";"8000";"20033731"
"20502987";"York United";"Canada";"Canadian Premier League";"Professional";"5000";"20502998"
"23341952";"Thai All-Star";"Thaïlande";"-";"Professional";"49722";"-1"
"36043527";"Chania";"Grèce";"Super League 2 Sud";"Professional";"3700";"36086002"
"38019804";"Csákvár";"Hongrie";"Division II";"Professional";"2020";"152045"
"40026576";"Kolkata";"Inde";"Division nationale";"Professional";"85000";"40026565"
"51047275";"Tlaxcala";"Mexique";"Liga de Expansión";"Professional";"12000";"2000017067"
"57055056";"CSM Slatina";"Roumanie";"D2 roumaine";"Professional";"12000";"150913"
"59020471";"Gareji";"Géorgie";"Ligue Nationale Géorgie";"Professional";"2000";"59126495"
"59118778";"Kolkheti-1913";"Géorgie";"Ligue Nationale Géorgie";"Professional";"7500";"59126495"
"59144816";"FC Van";"Arménie";"Premier League";"Professional";"5000";"59006196"
"63025380";"Skalica";"Slovaquie";"1ère Division";"Professional";"3000";"7560276"
"63032360";"Komárno";"Slovaquie";"1ère Division";"Professional";"4006";"7560276"
"65010405";"Baroka";"Afrique du Sud";"1ère Division";"Professional";"4500";"131235"
"65028789";"JDR Stars";"Afrique du Sud";"-";"Semi-Professional";"18000";"-1"
"65028800";"Hungry Lions";"Afrique du Sud";"1ère Division";"Professional";"18000";"131235"
"66034891";"Seoul E-Land";"Corée du Sud";"K League 2";"Professional";"30000";"66029602"
"67083655";"S.D. Logroñés";"Espagne";"D2 Fédé espagnole Gr2";"Professional";"3500";"2000099904"
"71075348";"Obolon";"Ukraine";"Championnat d'Ukraine";"Professional";"5103";"5314301"
"71105155";"Veres";"Ukraine";"Championnat d'Ukraine";"Professional";"7122";"5314301"
"85010212";"Génération Foot";"Sénégal";"Première division";"Professional";"2500";"13191657"
"86005823";"Nacional Potosí";"Bolivie";"Première Division";"Professional";"32105";"86000000"
"96012813";"Puszcza";"Pologne";"D2";"Professional";"2118";"129559"
"2000074809";"Naft Al-Basra";"Irak";"Première division";"Professional";"10000";"2000099726"
"2000076131";"Leones F.C.";"Équateur";"Série B";"Professional";"10000";"80000567"
"2000105301";"CSC Selimbar";"Roumanie";"D2 roumaine";"Professional";"500";"150913"
"2000165958";"Stoke";"Angleterre";"National Premier North";"Semi-Professional";"1000";"2000163439"
"2000167371";"West Brom";"Angleterre";"National Premier North";"Semi-Professional";"17500";"2000163439"
"2000183172";"Chertanovo";"Russie";"Championnat";"Professional";"500";"2000183170"
"2000197676";"Casric Stars";"Afrique du Sud";"1ère Division";"Professional";"8000";"131235"
"2000211762";"SH Shengli";"Chine";"SLFC";"Professional";"30000";"2000199497"
"2000217512";"Al-Karma";"Irak";"Stars League";"Professional";"7000";"23038303"
"2000220693";"Minsk";"Biélorussie";"Premier League";"Professional";"3000";"2000232682"
"2000233749";"Åland United";"Finlande";"Première division";"Semi-Professional";"2635";"2000173687"
"2000233752";"Split";"Croatie";"Ligue 1";"Semi-Professional";"4043";"2000232723"
"2000233753";"Racing FC Luxembourg";"Luxembourg";"Ligue féminine";"Semi-Professional";"2740";"2000233754"
"2000237648";"Bayelsa Queens";"Nigeria";"Première Division B";"Semi-Professional";"0";"2000350537"
"2000252632";"Jitex BK";"Suède";"Elitettan";"Semi-Professional";"1500";"2000230565"
"2000252760";"San Marino Academy";"Saint-Marin";"Deuxième Division";"Semi-Professional";"750";"2000184919"
"2000258700";"Muras United";"Kirghizistan";"Division Supérieure";"Professional";"5000";"59005735"
"2000276329";"HPS";"Finlande";"Première division";"Semi-Professional";"600";"2000173687"
"2000277521";"Libero Goražde";"Bosnie";"Premier League";"Semi-Professional";"1500";"2000209808"
"2000277522";"Radnik Bumerang";"Bosnie";"Premier League";"Semi-Professional";"4500";"2000209808"
"2000277538";"Radomlje";"Slovénie";"Ligue féminine";"Semi-Professional";"700";"2000232806"
"2000277901";"Dynamo Kyiv";"Ukraine";"-";"Professional";"1000";"-1"
"2000277994";"Amed Sportif";"Turquie";"Super League";"Semi-Professional";"1530";"2000232852"
"2000278783";"Partizan - Sloga";"Serbie";"Super League";"Professional";"400";"2000232686"
"2000279119";"AS Tigresses";"Haïti";"Championnat National Fémi";"Amateur";"2000";"2000274213"
"2000279123";"B.93";"Danemark";"Première Division";"Semi-Professional";"1500";"2000278359"
"2000288453";"LASK";"Autriche";"Première division féminin";"Semi-Professional";"2000";"2000209813"
"2000315644";"Exeter";"Angleterre";"National Premier South";"Semi-Professional";"8720";"2000163438"
"2000329311";"U. Católica (Quito)";"Équateur";"Première Division";"Professional";"2000";"2000338489"
"2000337330";"Bahia";"Brésil";"Première division";"Professional";"31000";"2000314935"
"2000337993";"IF Elfsborg";"Suède";"Elitettan";"Semi-Professional";"14500";"2000230565"
"2000338637";"Al-Ahli (KSA)";"Arabie saoudite";"Premier League";"Professional";"10000";"2000338506"
"2000338905";"UWC";"Afrique du Sud";"Super League d'AS";"Professional";"2500";"2000338387"
"2000339022";"Freedom";"Italie";"Deuxième Division";"Semi-Professional";"2399";"2000184919"
"2000343725";"AS Monaco";"France";"D3 - Groupe B";"Semi-Professional";"17000";"2000278259"
"2000343888";"Anzoátegui F.C.";"Venezuela";"Première Division du Véné";"Professional";"37485";"86000001"
"2000352688";"JS Yinhao WX";"Chine";"SLFC";"Professional";"6375";"2000199497"
"2000364395";"Tirsense";"Portugal";"Champ féminin Nord";"Amateur";"1200";"2000367936"
"2000365103";"Juan Pablo II";"Pérou";"1ère Division";"Professional";"3000";"5290551"
"2000370749";"Gwalia";"Pays de Galles";"National Premier South";"Semi-Professional";"3000";"2000163438"
"2000372760";"Lumezzane";"Italie";"Deuxième Division";"Semi-Professional";"4004";"2000184919"
"2000390399";"Leotar";"Bosnie";"Premier League";"Semi-Professional";"8550";"2000209808"
"2000468724";"Hamburger SV II";"Allemagne";"Regionalliga Nord";"Semi-Professional";"500";"2000469344"
"2000477472";"Sant Adrià";"Espagne";"Troisième division - Gr 2";"Semi-Professional";"400";"2000302738"
"83";"Dep. Español";"Argentine";"4ème division AFA";"Professional";"32500";"14037258"
"99";"Ararat Erevan";"Arménie";"Premier League";"Professional";"14935";"59006196"
"588";"Bohemians";"Irlande";"Première Ligue";"Professional";"4500";"129372"
"599";"St. Pat's Athletic";"Irlande";"Première Ligue";"Professional";"5500";"129372"
"636";"Colchester";"Angleterre";"Sky Bet League Two";"Professional";"10105";"14"
"694";"Oldham";"Angleterre";"Sky Bet League Two";"Professional";"13612";"14"
"729";"Tranmere";"Angleterre";"Sky Bet League Two";"Professional";"16582";"14"
"1042";"TOP Oss";"Pays-Bas";"Keuken Kampioen Divisie";"Professional";"4700";"30"
"1074";"ÍBV";"Islande";"Símadeildin";"Semi-Professional";"3000";"7840132"
"1160";"Pistoiese";"Italie";"Série D Grp.D";"Semi-Professional";"13195";"1400403"
"1283";"Larne";"Irlande du Nord";"NIFL Premiership";"Professional";"3200";"130023"
"1409";"Tromsdalen";"Norvège";"2ème Division G2";"Semi-Professional";"3000";"1300604"
"1636";"Primorje";"Slovénie";"1ère Division";"Professional";"1630";"7580000"
"1723";"Pontevedra";"Espagne";"D1A Fédération espagnole";"Professional";"12000";"2000048844"
"1791";"GIF Sundsvall";"Suède";"1ère Division Elite";"Professional";"8500";"52"
"1807";"IK Brage";"Suède";"1ère Division Elite";"Professional";"6500";"52"
"2217";"Pro Patria";"Italie";"Série C/A";"Professional";"5867";"43127172"
"2231";"Vis Pesaro";"Italie";"Série C/B";"Professional";"4898";"43127173"
"102372";"Defence Force";"Trinité-et-Tobago";"Premier League";"Professional";"27000";"82000461"
"102479";"Italiano";"Argentine";"Zone Métropolitaine";"Professional";"5000";"108508"
"104979";"AAI";"Brésil";"D4";"Professional";"23475";"19127222"
"105611";"Kriens";"Suisse";"Ligue 1 Promotion";"Semi-Professional";"3500";"98027828"
"109210";"Accrington";"Angleterre";"Sky Bet League Two";"Professional";"5327";"14"
"116140";"Persib";"Indonésie";"Super League";"Professional";"38000";"41004312"
"121206";"VfB Stuttgart II";"Allemagne";"3. Liga";"Professional";"10001";"35010926"
"136157";"Trinec";"Rép. tchèque";"3ème Division tchèque";"Professional";"2200";"136042"
"484453";"Khujand";"Tadjikistan";"Division Supérieure";"Professional";"35000";"59007964"
"759312";"Arendal";"Norvège";"2ème Division G1";"Semi-Professional";"3238";"1300603"
"786558";"Kumamoto";"Japon";"J2 League";"Professional";"32000";"115424"
"879643";"FC Viktoria Köln";"Allemagne";"3. Liga";"Professional";"10000";"35010926"
"3101496";"Argentino (Quilmes)";"Argentine";"Zone Métropolitaine";"Professional";"3000";"108508"
"3400878";"Power Dynamos";"Zambie";"Premier League de Zambie";"Professional";"17000";"13135082"
"3600077";"Lok Leipzig";"Allemagne";"Div. régionale Nord-est";"Semi-Professional";"15600";"91107110"
"4212111";"Linense";"Espagne";"D3 Fédé espagnole Gr10";"Professional";"9000";"2000099920"
"4212243";"Zamora";"Espagne";"D1A Fédération espagnole";"Professional";"7813";"2000048844"
"5290187";"Deportivo Coopsol";"Pérou";"2ème Division";"Professional";"3000";"5290553"
"5290567";"José Gálvez";"Pérou";"Coupe du Pérou";"Professional";"25000";"5290552"
"5300359";"Portuguesa F.C. (VEN)";"Venezuela";"Première Division du Véné";"Professional";"18000";"86000001"
"5341711";"Zanaco";"Zambie";"Premier League de Zambie";"Professional";"20000";"13135082"
"7840140";"HK";"Islande";"1ère Division";"Semi-Professional";"1564";"7840133"
"7920361";"Al-Adalah";"Arabie saoudite";"First Division League";"Professional";"19550";"7920264"
"8700474";"Großaspach";"Allemagne";"Division Rég. Sud";"Semi-Professional";"10001";"27"
"23077991";"Chiangrai Utd";"Thaïlande";"Ligue 1 de Thaïlande";"Professional";"11350";"5624920"
"43156704";"Viterbese";"Italie";"Eccellenza Lazio Grp.A";"Semi-Professional";"300";"43064527"
"47075718";"Struga";"Macédoine du N.";"Ligue 1";"Professional";"2000";"8401070"
"58044880";"Chelyabinsk";"Russie";"1ère Division";"Professional";"15000";"130487"
"59006806";"Alashkert";"Arménie";"Premier League";"Professional";"3300";"59006196"
"67105977";"Tarazona";"Espagne";"D1B Fédération espagnole";"Professional";"4000";"2000048846"
"67173952";"Talavera";"Espagne";"D1A Fédération espagnole";"Professional";"4200";"2000048844"
"75035851";"Dep. Recoleta";"Chili";"1ère Division B";"Professional";"2000";"5250793"
"86032914";"Cuniburo";"Équateur";"-";"Professional";"35258";"-1"
"2000167374";"Middlesbrough";"Angleterre";"National Premier North";"Semi-Professional";"2200";"2000163439"
"2000206689";"F. Albacete";"Espagne";"Deuxième Division";"Semi-Professional";"4000";"2000180088"
"2000277903";"EMS Podillia";"Ukraine";"Ligue féminine d'Ukraine";"Semi-Professional";"3000";"2000232688"
"2000290827";"Barnsley FC";"Angleterre";"-";"Semi-Professional";"23287";"-1"
"2000361047";"Olmaliq";"Ouzbékistan";"Ligue fém. d'Ouzbékistan";"Semi-Professional";"0";"2000338398"
"2000365296";"Stgo Morning";"Chili";"Première Division";"Professional";"350";"2000338390"
"2000365301";"U. de Concepción";"Chili";"Première Division";"Professional";"500";"2000338390"
"2000439735";"Vinotinto F.C.";"Équateur";"Serie A équatorienne";"Professional";"35258";"80000566"
"69";"FK Partizani";"Albanie";"Superligue";"Professional";"4500";"8350942"
"157";"SK Vorwärts Steyr";"Autriche";"Oberösterreich";"Amateur";"9000";"16000663"
"261";"Union Rochefortoise FC";"Belgique";"D1 nationale - ACFF";"Amateur";"1500";"2000370107"
"416";"Tianjin";"Chine";"Super League";"Professional";"37540";"130931"
"478";"Viktoria Žižkov";"Rép. tchèque";"2ème Division";"Professional";"5337";"131288"
"640";"Crawley";"Angleterre";"Sky Bet League Two";"Professional";"5836";"14"
"1017";"Helmond Sport";"Pays-Bas";"Keuken Kampioen Divisie";"Professional";"3600";"30"
"1519";"Tyumen";"Russie";"Division 2 A Or";"Professional";"13057";"2000272298"
"1630";"Mura";"Slovénie";"1ère Division";"Professional";"4506";"7580000"
"1667";"Barakaldo";"Espagne";"D1A Fédération espagnole";"Professional";"7960";"2000048844"
"1776";"Valencia B";"Espagne";"D2 Fédé espagnole Gr3";"Professional";"3500";"2000099905"
"2299";"Charleston";"États-Unis";"Conférence Est";"Professional";"5000";"20033732"
"107328";"Akita";"Japon";"J2 League";"Professional";"20180";"115424"
"108545";"San Martín (M)";"Argentine";"Zone Intérieure";"Professional";"7000";"108509"
"121184";"BFC Dynamo";"Allemagne";"Div. régionale Nord-est";"Semi-Professional";"12400";"91107110"
"121219";"Aalen";"Allemagne";"Bade-Württemberg";"Semi-Professional";"14500";"8700002"
"129858";"Karlovac 1919";"Croatie";"2ème Division";"Professional";"7200";"129646"
"130515";"Volgar";"Russie";"Division 2 A Or";"Professional";"17712";"2000272298"
"477455";"Spartak Kostroma";"Russie";"1ère Division";"Professional";"18636";"130487"
"494164";"Kaspii";"Kazakhstan";"D1 kazak";"Professional";"3275";"59010820"
"775363";"Chukyo Univ.";"Japon";"-";"Amateur";"800";"-1"
"814590";"Antequera";"Espagne";"D1B Fédération espagnole";"Professional";"6000";"2000048846"
"876913";"Hannover 96 II";"Allemagne";"Division Rég. Nord";"Professional";"5001";"26"
"952710";"Midland";"Argentine";"Zone Métropolitaine";"Professional";"5000";"108508"
"1300147";"Sloboda";"Bosnie";"L1 de BiH";"Professional";"12000";"8407370"
"3101506";"Dock Sud";"Argentine";"Zone Métropolitaine";"Professional";"6000";"108508"
"5103834";"Fleetwood";"Angleterre";"Sky Bet League Two";"Professional";"5137";"14"
"5637854";"Suphanburi";"Thaïlande";"D3 Ouest";"Professional";"15000";"2000038394"
"5725175";"Cham";"Suisse";"Ligue 1 Promotion";"Semi-Professional";"1800";"98027828"
"6706369";"Sestao";"Espagne";"D2 Fédé espagnole Gr2";"Professional";"8900";"2000099904"
"7521304";"Ajka";"Hongrie";"Division II";"Professional";"5000";"152045"
"14028729";"Sol de Mayo (Viedma)";"Argentine";"Zone Intérieure";"Professional";"3000";"108509"
"14037347";"San Martín (Formosa)";"Argentine";"Zone Intérieure";"Professional";"2000";"108509"
"20016195";"Orange County";"États-Unis";"Conférence Ouest";"Professional";"5000";"20033731"
"20502986";"Valour";"Canada";"-";"Professional";"33000";"-1"
"20502989";"HFX Wanderers FC";"Canada";"Canadian Premier League";"Professional";"6200";"20502998"
"35116978";"Rödinghausen";"Allemagne";"Division Régionale Ouest";"Professional";"3140";"35010927"
"38004848";"Kozármisleny";"Hongrie";"Division II";"Professional";"2000";"152045"
"39048732";"Vestri";"Islande";"Símadeildin";"Semi-Professional";"1596";"7840132"
"41021352";"Borneo";"Indonésie";"Super League";"Professional";"20000";"41004312"
"43006436";"Virtus Verona";"Italie";"Série C/A";"Professional";"1306";"43127172"
"58117053";"Chaika Peschanokopskoe";"Russie";"1ère Division";"Professional";"3455";"130487"
"59030517";"Dordoy";"Kirghizistan";"Division Supérieure";"Professional";"800";"59005735"
"67040821";"Granada B";"Espagne";"D3 Fédé espagnole Gr9";"Professional";"2000";"2000099919"
"67152828";"U. Murcia";"Espagne";"D2 Fédé espagnole Gr4";"Professional";"6500";"2000099906"
"70054576";"Iskenderunspor";"Turquie";"2. League G1";"Professional";"9800";"463485"
"70078171";"Beykoz Anadolu";"Turquie";"2. League G1";"Professional";"2581";"463485"
"85012508";"Aubagne FC";"France";"-";"Semi-Professional";"0";"-1"
"98000411";"Breitenrain";"Suisse";"Ligue 1 Promotion";"Semi-Professional";"1450";"98027828"
"2000166645";"Oxford United";"Angleterre";"National Premier South";"Semi-Professional";"3100";"2000163438"
"2000167393";"Hull";"Angleterre";"National Premier North";"Semi-Professional";"2800";"2000163439"
"2000209855";"Viktoria Plzen";"Rép. tchèque";"Première Division";"Semi-Professional";"1000";"2000209811"
"2000229778";"Feds";"Angleterre";"National Premier North";"Semi-Professional";"2200";"2000163439"
"2000229849";"Boldmere";"Angleterre";"D1 nat. fém Midlands";"Semi-Professional";"1025";"2000168703"
"2000232564";"Hamilton";"Écosse";"PLFE";"Semi-Professional";"6007";"2000132415"
"2000277540";"Diósgyori";"Hongrie";"Première Division";"Semi-Professional";"14798";"2000232706"
"2000277543";"Viktoria FC";"Hongrie";"Première Division";"Semi-Professional";"800";"2000232706"
"2000292377";"Cambridge";"Angleterre";"D1 nat. fém SE";"Semi-Professional";"3500";"2000168704"
"2000340174";"Elversberg";"Allemagne";"Regionalliga Südwest";"Professional";"1500";"2000469371"
"2000468723";"Holstein Kiel";"Allemagne";"Regionalliga Nord";"Semi-Professional";"7000";"2000469344"
"2000468726";"1. FC Union Berlin II";"Allemagne";"Reg Nordost";"Semi-Professional";"3000";"2000469346"
"2000468729";"Borussia M'gladbach II";"Allemagne";"Regionalliga Ouest";"Semi-Professional";"10000";"2000469347"
"2000475359";"SC Aubagne Air Bel";"France";"National";"Semi-Professional";"3500";"18"
"130849";"Racing";"Uruguay";"1ère Division";"Professional";"5200";"5512770"
"72";"KF Vllaznia";"Albanie";"Superligue";"Professional";"17000";"8350942"
"206";"UR Namur";"Belgique";"D1 nationale - ACFF";"Amateur";"2000";"2000370107"
"520";"Hillerød";"Danemark";"Betinia Liga";"Semi-Professional";"4000";"7"
"521";"Vendsyssel FF";"Danemark";"CampoBet 2. Division";"Professional";"10000";"8"
"626";"Carlisle";"Angleterre";"Enterprise National";"Professional";"18046";"109201"
"1170";"Siena";"Italie";"Série D Grp.E";"Semi-Professional";"15373";"1400404"
"1268";"FC Zimbru";"Moldavie";"Super Liga de Moldavie";"Professional";"10500";"59007607"
"1294";"Brattvåg";"Norvège";"2ème Division G1";"Semi-Professional";"1300";"1300603"
"1332";"Kjelsås";"Norvège";"2ème Division G2";"Semi-Professional";"500";"1300604"
"1479";"Tirsense";"Portugal";"Championnat National - A";"Semi-Professional";"7500";"55065643"
"1541";"Arbroath";"Écosse";"William Hill Championship";"Semi-Professional";"6600";"46"
"1831";"Trelleborgs FF";"Suède";"1ère Division Elite";"Professional";"7357";"52"
"1926";"Wanderers";"Uruguay";"1ère Division";"Professional";"9064";"5512770"
"2677";"Varbergs BoIS";"Suède";"1ère Division Elite";"Professional";"5500";"52"
"101149";"Viktoria 1889";"Allemagne";"Nord-Est (N)";"Semi-Professional";"4300";"8700008"
"102360";"Alianza FC";"Salvador";"Première Division";"Professional";"32000";"87001116"
"103285";"SV Werder II";"Allemagne";"Division Rég. Nord";"Professional";"5000";"26"
"107342";"Toyama";"Japon";"J2 League";"Professional";"31200";"115424"
"109027";"Melilla";"Espagne";"D2 Fédé espagnole Gr4";"Professional";"6200";"2000099906"
"109179";"Liga de Portoviejo";"Équateur";"S.C. de Manabí";"Professional";"15691";"2000172952"
"130355";"Sincan Bld. Ankaraspor";"Turquie";"2. League G1";"Professional";"8000";"463485"
"130848";"Juventud";"Uruguay";"1ère Division";"Professional";"5503";"5512770"
"130877";"Vitebsk";"Biélorussie";"Championnat Supérieur";"Professional";"8144";"7483354"
"136197";"Chrudim";"Rép. tchèque";"2ème Division";"Professional";"1500";"131288"
"149276";"ASIL";"Chypre";"Division B";"Professional";"5500";"692431"
"301148";"AFC";"Brésil";"3ème Division";"Professional";"14400";"107192"
"301325";"AOI";"Brésil";"3ème Division";"Professional";"10000";"107192"
"700036";"Sambenedettese";"Italie";"Série C/B";"Professional";"13786";"43127173"
"788854";"Fujieda";"Japon";"J2 League";"Professional";"14000";"115424"
"788904";"Imabari";"Japon";"J2 League";"Professional";"6000";"115424"
"879282";"Mainz 05 II";"Allemagne";"Division Rég. Sud";"Professional";"20300";"27"
"925050";"Aarhus Fremad";"Danemark";"Betinia Liga";"Semi-Professional";"5000";"7"
"952693";"Argentino (M)";"Argentine";"Zone Métropolitaine";"Professional";"10000";"108508"
"952704";"Dep. Laferrere";"Argentine";"Zone Métropolitaine";"Professional";"10000";"108508"
"952708";"Excursionistas";"Argentine";"Zone Métropolitaine";"Professional";"6500";"108508"
"1032763";"Umm-Salal";"Qatar";"Première Division";"Professional";"21175";"5632126"
"1300342";"B36";"Féroé";"Premiership";"Semi-Professional";"3350";"8300358"
"3601820";"Homburg";"Allemagne";"Division Rég. Sud";"Professional";"16988";"27"
"4102502";"Paredes";"Portugal";"Troisième division - N";"Professional";"3000";"2000112232"
"4200572";"Calahorra";"Espagne";"D3 Fédé espagnole Gr16";"Professional";"4500";"2000099926"
"5270424";"América de Quito";"Équateur";"Segunda Categoría de Pich";"Semi-Professional";"2000";"2000101110"
"5280352";"Sportivo Ameliano";"Paraguay";"1ère division";"Professional";"6000";"79010950"
"5290594";"Alfonso Ugarte";"Pérou";"Coupe du Pérou";"Professional";"20000";"5290552"
"5380013";"MAS Fès";"Maroc";"Première division";"Professional";"45000";"12019395"
"5390018";"O Béja";"Tunisie";"Ligue 1";"Professional";"10000";"12019164"
"5390081";"FC Lupopo";"R.D. Congo";"Linafoot A";"Professional";"35000";"2000278442"
"5390089";"Hafia FC";"Guinée";"Ligue 1";"Professional";"6500";"13211636"
"5609646";"SV Horn";"Autriche";"Division régionale est";"Semi-Professional";"3600";"136546"
"5661013";"Tapatío";"Mexique";"Liga de Expansión";"Professional";"49850";"2000017067"
"7880107";"Al-Dhafra";"E.A.U.";"ADNOC Pro League";"Professional";"5000";"7880000"
"8067987";"Alga";"Kirghizistan";"Division Supérieure";"Professional";"300";"59005735"
"8826562";"Aurora";"Bolivie";"Première Division";"Professional";"32303";"86000000"
"12012510";"Kabuscorp";"Angola";"Girabola";"Professional";"12000";"12034515"
"14024658";"Camioneros";"Argentine";"4ème division AFA";"Professional";"4500";"14037258"
"14031213";"Juv. Unida (Gualeguaychú)";"Argentine";"4ème division non AFA";"Professional";"6500";"14037261"
"20040608";"Miami FC";"États-Unis";"Conférence Est";"Professional";"22682";"20033732"
"20047506";"New Mexico";"États-Unis";"Conférence Ouest";"Professional";"13500";"20033731"
"22040114";"Dunav";"Bulgarie";"Championnat B";"Professional";"12400";"7500118"
"23291618";"Naft Al-Wasat";"Irak";"Première division";"Professional";"30000";"2000099726"
"35130696";"TSV Steinbach";"Allemagne";"Division Rég. Sud";"Professional";"4000";"27"
"51029615";"Tecos";"Mexique";"Série A Groupe I";"Professional";"30015";"51066838"
"58148228";"Leningradets";"Russie";"Division 2 A Or";"Professional";"1534";"2000272298"
"59001468";"Gandzasar";"Arménie";"Premier League";"Professional";"1188";"59006196"
"59008318";"S?bail FK";"Azerbaïdjan";"D1 d'Azerbaïjan";"Professional";"5000";"59008101"
"59126511";"Spaeri";"Géorgie";"Ligue 2 nationale";"Professional";"500";"59126496"
"67180027";"Badajoz";"Espagne";"D3 Fédé espagnole Gr14";"Professional";"14175";"2000099924"
"2000067201";"Rhode Island";"États-Unis";"Conférence Est";"Professional";"10500";"20033732"
"2000214535";"1. FC Saarbrücken";"Allemagne";"Regionalliga Südwest";"Semi-Professional";"6000";"2000469371"
"2000252599";"Oviedo";"Espagne";"Deuxième Division";"Professional";"700";"2000180088"
"2000252644";"Tromsø";"Norvège";"Première Division";"Semi-Professional";"6859";"2000178041"
"2000252814";"Montrose";"Écosse";"PLFE";"Semi-Professional";"4936";"2000132415"
"2000261953";"Manhattan SC";"États-Unis";"USSL W League";"Semi-Professional";"0";"2000335881"
"2000278782";"Radnicki 1923";"Serbie";"Super League";"Professional";"1000";"2000232686"
"2000330416";"ADIFFEM";"Venezuela";"SLF du Venezuela";"Professional";"3500";"2000338486"
"2000365302";"Stgo Wanderers";"Chili";"Première Division";"Professional";"3000";"2000338390"
"2000366260";"Leixões";"Portugal";"Champ féminin Nord";"Amateur";"1600";"2000367936"
"2000367393";"Odd";"Norvège";"Première Division";"Semi-Professional";"12293";"2000178041"
"2000370425";"Start";"Norvège";"Première Division";"Semi-Professional";"14563";"2000178041"
"2000372912";"Henstedt-Ulzburg";"Allemagne";"Regionalliga Nord";"Semi-Professional";"2000";"2000469344"
"2000383410";"Wacker München";"Allemagne";"Regionalliga Süd";"Semi-Professional";"150";"2000469362"
"2000468730";"SGS Essen II";"Allemagne";"Regionalliga Ouest";"Semi-Professional";"2500";"2000469347"
"333";"POR";"Brésil";"D4";"Professional";"30000";"19127222"
"516";"FC Helsingør";"Danemark";"CampoBet 2. Division";"Professional";"4000";"8"
"581";"Newport";"Pays de Galles";"Sky Bet League Two";"Professional";"11676";"14"
"1079";"Þór";"Islande";"1ère Division";"Semi-Professional";"2984";"7840133"
"1094";"M. Herzliya";"Israël";"Championnat Leumit";"Professional";"13610";"7860001"
"1224";"Dudelange";"Luxembourg";"Division Nationale";"Semi-Professional";"2558";"5340000"
"1318";"Grorud";"Norvège";"2ème Division G2";"Semi-Professional";"1080";"1300604"
"2259";"Wuppertal";"Allemagne";"Division Régionale Ouest";"Professional";"23067";"35010927"
"116145";"Persebaya";"Indonésie";"Super League";"Professional";"55000";"41004312"
"121188";"Babelsberg";"Allemagne";"Div. régionale Nord-est";"Semi-Professional";"10787";"91107110"
"130300";"Balikesirspor";"Turquie";"3ème division Grp 4";"Professional";"13732";"70043165"
"130511";"Sokol";"Russie";"1ère Division";"Professional";"11359";"130487"
"485421";"Ravshan";"Tadjikistan";"Division Supérieure";"Professional";"20000";"59007964"
"700059";"Trento";"Italie";"Série C/A";"Professional";"3500";"43127172"
"776288";"Ehime FC";"Japon";"J2 League";"Professional";"21585";"115424"
"876841";"Nürnberg II";"Allemagne";"Div. régionale Sud-ouest";"Professional";"7000";"91107111"
"876858";"Borussia M'gladbach II";"Allemagne";"Division Régionale Ouest";"Professional";"10000";"35010927"
"952685";"Ituzaingó";"Argentine";"4ème division AFA";"Professional";"4000";"14037258"
"952697";"Cañuelas";"Argentine";"4ème division AFA";"Professional";"1500";"14037258"
"1300245";"Orijent";"Croatie";"2ème Division";"Professional";"2000";"129646"
"4212156";"Alavés B";"Espagne";"D2 Fédé espagnole Gr2";"Professional";"2500";"2000099904"
"4212419";"Tudelano";"Espagne";"D2 Fédé espagnole Gr2";"Professional";"7500";"2000099904"
"5341707";"Green Buffaloes";"Zambie";"Premier League de Zambie";"Professional";"6000";"13135082"
"5512793";"Bostón River";"Uruguay";"1ère Division";"Professional";"4285";"5512770"
"6002540";"Berliner AK";"Allemagne";"Nord-Est (N)";"Semi-Professional";"10000";"8700008"
"7500388";"Hebar";"Bulgarie";"Championnat B";"Professional";"13128";"7500118"
"7742801";"Bali United";"Indonésie";"Super League";"Professional";"18000";"41004312"
"20030083";"Indy Eleven";"États-Unis";"Conférence Est";"Professional";"10524";"20033732"
"23017476";"Akwa Utd.";"Nigeria";"Deuxième Division B";"Professional";"30000";"2000254982"
"23195015";"Johor DT";"Malaisie";"Super League";"Professional";"40000";"5624536"
"43065074";"Picerno";"Italie";"Série C/C";"Professional";"1600";"43127174"
"43076678";"Pro Piacenza";"Italie";"-";"Semi-Professional";"21608";"-1"
"53000361";"Sotra";"Norvège";"2ème Division G1";"Semi-Professional";"1000";"1300603"
"70061804";"Kastamonuspor";"Turquie";"2. League G1";"Professional";"4033";"463485"
"2000020415";"Paris 13 Atlético";"France";"National";"Semi-Professional";"995";"18"
"2000117848";"Gloria Bistrita";"Roumanie";"D2 roumaine";"Professional";"15000";"150913"
"2000167373";"Loughborough";"Angleterre";"National Premier North";"Semi-Professional";"3500";"2000163439"
"2000190275";"Sporting Lagos";"Nigeria";"Deuxième Division B";"Professional";"10000";"2000254982"
"2000276305";"Aris Limassol";"Chypre";"Première Division";"Semi-Professional";"750";"2000232693"
"2000276625";"Yenisey Krasnoyarsk";"Russie";"Championnat";"Professional";"15000";"2000183170"
"8825223";"Cerro Largo FC";"Uruguay";"1ère Division";"Professional";"5950";"5512770"
"71";"KF Teuta";"Albanie";"Superligue";"Professional";"12040";"8350942"
"188";"Dessel Sport";"Belgique";"D1 nationale - VV";"Amateur";"4154";"2000370106"
"234";"Sporting Hasselt";"Belgique";"D1 nationale - VV";"Amateur";"8800";"2000370106"
"292";"RE Virton";"Belgique";"D1 nationale - ACFF";"Amateur";"4087";"2000370107"
"354";"Pirin Blagoevgrad";"Bulgarie";"Championnat B";"Professional";"7500";"7500118"
"508";"Fremad Amager";"Danemark";"CampoBet 2. Division";"Semi-Professional";"3704";"8"
"590";"Cork City";"Irlande";"Première Ligue";"Professional";"7383";"129372"
"607";"Barrow";"Angleterre";"Sky Bet League Two";"Professional";"6309";"14"
"631";"Cheltenham";"Angleterre";"Sky Bet League Two";"Professional";"7036";"14"
"975";"Ionikos";"Grèce";"Division C Groupe 6";"Semi-Professional";"4999";"36087248"
"977";"Kavala";"Grèce";"Super League 2 Nord";"Professional";"7000";"36086001"
"1122";"Chievo";"Italie";"Série D Grp.B";"Semi-Professional";"286";"1400401"
"1128";"Fidelis Andria";"Italie";"Série D Grp.H";"Semi-Professional";"10600";"1400407"
"1130";"Fiorenzuola";"Italie";"Eccellenza Emilia-Romagna";"Semi-Professional";"4000";"43064524"
"1162";"Pro Sesto";"Italie";"Série D Grp.D";"Semi-Professional";"3523";"1400403"
"1206";"Balzers";"Liechtenstein";"Ligue 2 Inter Gr 5";"Semi-Professional";"828";"98005773"
"1551";"Cove Rangers";"Écosse";"William Hill League 1";"Professional";"2602";"47"
"1590";"Queen of the South";"Écosse";"William Hill League 1";"Professional";"8690";"47"
"1684";"Marbella";"Espagne";"D1B Fédération espagnole";"Professional";"1000";"2000048846"
"1740";"Oviedo B";"Espagne";"D2 Fédé espagnole Gr1";"Professional";"3000";"2000099903"
"1825";"Sandvikens IF";"Suède";"1ère Division Elite";"Professional";"7000";"52"
"1884";"Chornomorets";"Ukraine";"Première Ligue";"Professional";"34164";"5314302"
"1950";"Napredak";"Serbie";"Super League";"Professional";"10331";"132321"
"2212";"Olbia";"Italie";"Série D Grp.G";"Semi-Professional";"4500";"1400406"
"2405";"Vianense";"Portugal";"Championnat National - A";"Semi-Professional";"3000";"55065643"
"2409";"Freamunde";"Portugal";"Division d'élite 1 Porto";"Amateur";"3919";"83208755"
"2445";"Olhanense";"Portugal";"Première division Algarve";"Amateur";"5661";"83141265"
"2446";"Louletano";"Portugal";"Championnat National - D";"Professional";"29834";"55065661"
"2471";"U. Santarém";"Portugal";"Troisième division - S";"Professional";"5000";"2000112233"
"102366";"Cartaginés";"Costa Rica";"D1";"Professional";"13500";"80000563"
"102477";"Central Córdoba (R)";"Argentine";"4ème division AFA";"Professional";"10000";"14037258"
"105989";"Cavalier";"Jamaïque";"PL jamaïcaine";"Professional";"5000";"81001093"
"108567";"Gimnasia (CDU)";"Argentine";"Zone Intérieure";"Professional";"7000";"108509"
"116144";"Persija";"Indonésie";"Super League";"Professional";"82000";"41004312"
"121190";"Hertha II";"Allemagne";"Div. régionale Nord-est";"Professional";"5400";"91107110"
"121209";"Burghausen";"Allemagne";"Div. régionale Sud-ouest";"Semi-Professional";"10000";"91107111"
"129567";"Odra Opole";"Pologne";"D2";"Professional";"11600";"129559"
"129659";"Apollon Kalamarias";"Grèce";"Division C Groupe 2";"Semi-Professional";"7000";"36087244"
"129701";"Marko";"Grèce";"Super League 2 Sud";"Professional";"1300";"36086002"
"130637";"East Bengal";"Inde";"Division nationale";"Professional";"85000";"40026565"
"130786";"Deportes Melipilla";"Chili";"Deuxième division";"Amateur";"1137";"75034137"
"130824";"Tatabánya";"Hongrie";"Division III - Nord-Ouest";"Professional";"5021";"2000270610"
"130875";"BATE";"Biélorussie";"Championnat Supérieur";"Professional";"13126";"7483354"
"135249";"Kazma";"Koweït";"Première division koweïti";"Professional";"21000";"23063354"
"135251";"Al-Ahli";"Jordanie";"Première division";"Professional";"20000";"5635278"
"135254";"Al-Hussein";"Jordanie";"Première division";"Professional";"15000";"5635278"
"135257";"Al-Ramtha";"Jordanie";"Première division";"Professional";"15000";"5635278"
"135325";"Al-Seeb";"Oman";"Ligue O";"Professional";"14000";"23071760"
"135467";"Al-Fotuwa SC";"Syrie";"1ère Division";"Professional";"13000";"5635022"
"135494";"PSM";"Indonésie";"Super League";"Professional";"8500";"41004312"
"136423";"Chungnam Asan";"Corée du Sud";"K League 2";"Professional";"17376";"66029602"
"137924";"Bienne";"Suisse";"Ligue 1 Promotion";"Semi-Professional";"10964";"98027828"
"149278";"Agia Napa";"Chypre";"Division B";"Professional";"2000";"692431"
"149295";"Portmore Utd";"Jamaïque";"PL jamaïcaine";"Professional";"3000";"81001093"
"482956";"Dynamo-3 Kyiv";"Ukraine";"-";"Professional";"16873";"-1"
"484458";"Bukovyna";"Ukraine";"Première Ligue";"Professional";"8000";"5314302"
"616875";"Haras El Hodoud";"Égypte";"Premier Division";"Professional";"22500";"12015393"
"676958";"Makedonikos";"Grèce";"Super League 2 Nord";"Professional";"8100";"36086001"
"707648";"Cavese";"Italie";"Série C/C";"Professional";"4844";"43127174"
"725036";"Cova Piedade";"Portugal";"Première division Setúbal";"Amateur";"2230";"83141257"
"775187";"Tochigi SC";"Japon";"J3 League";"Professional";"15589";"791180"
"831366";"Sorrento";"Italie";"Série C/C";"Professional";"3300";"43127174"
"943835";"FC Roskilde";"Danemark";"CampoBet 2. Division";"Semi-Professional";"6000";"8"
"980449";"Puerto Rico Islanders";"Porto Rico";"-";"Professional";"0";"-1"
"981767";"Ottawa";"Canada";"-";"Professional";"0";"-1"
"1200249";"CD FAS";"Salvador";"Première Division";"Professional";"16000";"87001116"
"1300134";"Naftan";"Biélorussie";"Championnat Supérieur";"Professional";"4522";"7483354"
"3605862";"Aschaffenburg";"Allemagne";"Div. régionale Sud-ouest";"Semi-Professional";"8000";"91107111"
"3606389";"TSV Havelse";"Allemagne";"3. Liga";"Professional";"3500";"35010926"
"4212151";"R. Santander B";"Espagne";"D2 Fédé espagnole Gr1";"Professional";"3000";"2000099903"
"5312036";"FC Shakhtar-2 Donetsk";"Ukraine";"-";"Professional";"6000";"-1"
"5340754";"Heartland";"Nigeria";"Deuxième division A";"Professional";"3000";"2000254981"
"5341652";"Réal Bamako";"Mali";"Première division";"Professional";"25000";"13162593"
"5341704";"Red Arrows";"Zambie";"Premier League de Zambie";"Professional";"7500";"13135082"
"5370007";"Ghazl Al-Mehalla";"Égypte";"Premier Division";"Professional";"30000";"12015393"
"5370008";"El Qanah";"Égypte";"D2";"Professional";"10000";"12040323"
"5370009";"Tersana";"Égypte";"D2";"Professional";"15000";"12040323"
"5370014";"Aswan";"Égypte";"D2";"Professional";"20000";"12040323"
"5380023";"MA Tétouan";"Maroc";"Première division";"Professional";"15000";"12058772"
"5385107";"Santos (CRC)";"Costa Rica";"Costa Rica Lower Leagues";"Professional";"3300";"2000420311"
"5390014";"Espérance Zarzis";"Tunisie";"Ligue 1";"Professional";"10000";"12019164"
"5626087";"Riffa";"Bahreïn";"Première Ligue";"Professional";"35000";"1039313"
"5637857";"Nakhon Ratchasima";"Thaïlande";"Ligue 1 de Thaïlande";"Professional";"24641";"5624920"
"5680075";"Black Leopards";"Afrique du Sud";"1ère Division";"Professional";"10000";"131235"
"6002512";"1. FC Köln II";"Allemagne";"Division Régionale Ouest";"Professional";"5200";"35010927"
"6410547";"Jönköpings Södra IF";"Suède";"1ère Division Sud";"Professional";"7300";"8114887"
"6800073";"Pittsburgh";"États-Unis";"Conférence Est";"Professional";"6000";"20033732"
"7501927";"Etar 1924";"Bulgarie";"Championnat B";"Professional";"19400";"7500118"
"7560050";"Zlaté Moravce";"Slovaquie";"2ème Division";"Professional";"4006";"7560277"
"7840110";"Afturelding";"Islande";"Símadeildin";"Semi-Professional";"1200";"7840132"
"7840141";"Njarðvík";"Islande";"1ère Division";"Semi-Professional";"2880";"7840133"
"7983711";"Giana";"Italie";"Série C/A";"Professional";"3766";"43127172"
"8630097";"OC Safi";"Maroc";"Première division";"Professional";"15000";"12019395"
"8633863";"ES Hammam-Sousse";"Tunisie";"Ligue 2A";"Professional";"10000";"12065937"
"8700266";"BSV Schwarz-Weiß";"Allemagne";"Division de Saxe";"Semi-Professional";"4350";"35102297"
"12004628";"Petrojet";"Égypte";"Premier Division";"Professional";"45000";"12015393"
"12019354";"Étoile Métlaoui";"Tunisie";"Ligue 1";"Professional";"8000";"12019164"
"12034599";"CR Caála";"Angola";"Division inférieure";"Professional";"11000";"13109920"
"12040882";"El Dakhleya";"Égypte";"D2";"Professional";"12000";"12040323"
"12095298";"AFAD Plateau";"Côte d'Ivoire";"1ère division";"Professional";"20000";"13109926"
"13111492";"Medeama SC";"Ghana";"Premier League  du Ghana";"Professional";"12000";"13109924"
"13117834";"Al-Ahli Shendi";"Soudan";"Division inférieure du So";"Professional";"5000";"13220908"
"14031215";"Sarmiento (La Banda)";"Argentine";"Zone Intérieure";"Professional";"5000";"108509"
"16030369";"Wiener Sport-Club";"Autriche";"Division régionale est";"Semi-Professional";"500";"136546"
"17000059";"Minsk";"Biélorussie";"Championnat Supérieur";"Professional";"3000";"7483354"
"17004083";"Slutsk-2024";"Biélorussie";"Championnat Supérieur";"Professional";"1895";"7483354"
"17040498";"Arsenal Dz.";"Biélorussie";"Championnat Supérieur";"Professional";"1500";"7483354"
"17041311";"Dnepr-Mogilev";"Biélorussie";"1ère Division";"Professional";"7350";"7483366"
"20029590";"Detroit City";"États-Unis";"Conférence Est";"Professional";"7933";"20033732"
"20029882";"NY Cosmos";"États-Unis";"Division 2 de USSL";"Professional";"7500";"20047508"
"20041350";"Rio Grande Valley";"États-Unis";"-";"Professional";"9735";"-1"
"20044625";"North Carolina";"États-Unis";"-";"Professional";"10000";"-1"
"20046409";"Birmingham Legion";"États-Unis";"Conférence Est";"Professional";"47100";"20033732"
"20046412";"Memphis";"États-Unis";"-";"Professional";"12000";"-1"
"20047501";"Hartford";"États-Unis";"Conférence Est";"Professional";"15000";"20033732"
"20049734";"Oakland";"États-Unis";"Conférence Ouest";"Professional";"56784";"20033731"
"23268087";"Prachuap";"Thaïlande";"Ligue 1 de Thaïlande";"Professional";"5000";"5624920"
"23295563";"Nong Bua Pitchaya";"Thaïlande";"1ère division";"Professional";"6000";"5637986"
"24014012";"Sesvete";"Croatie";"2ème Division";"Professional";"1045";"129646"
"35016737";"Norderstedt";"Allemagne";"Division Rég. Nord";"Semi-Professional";"5068";"26"
"35024625";"Drochtersen";"Allemagne";"Division Rég. Nord";"Semi-Professional";"2500";"26"
"35117226";"Eichstätt";"Allemagne";"Div. régionale Sud-ouest";"Semi-Professional";"2100";"91107111"
"38037178";"Tiszakécske";"Hongrie";"Division II";"Professional";"4500";"152045"
"43079093";"Virtus Francavilla";"Italie";"Série D Grp.H";"Semi-Professional";"3360";"1400407"
"43124315";"Pergolettese";"Italie";"Série C/A";"Professional";"3279";"43127172"
"45032169";"Toin Yokohama Univ.";"Japon";"-";"Amateur";"500";"-1"
"51008732";"Celaya";"Mexique";"Serie A Groupe III";"Professional";"23300";"2000193550"
"54003060";"GKS Tychy";"Pologne";"D2";"Professional";"15150";"129559"
"57050239";"Metalul Buzau";"Roumanie";"D2 roumaine";"Professional";"1573";"150913"
"57053599";"CS Tunari";"Roumanie";"D2 roumaine";"Professional";"1500";"150913"
"58126756";"Veles";"Russie";"Division 2 A Or";"Professional";"11887";"2000272298"
"59144146";"West Armenia";"Arménie";"-";"Professional";"1188";"-1"
"65039591";"Pretoria Callies";"Afrique du Sud";"-";"Professional";"2500";"-1"
"65045804";"Venda FC";"Afrique du Sud";"1ère Division";"Professional";"10000";"131235"
"67060765";"Arenteiro";"Espagne";"D1A Fédération espagnole";"Professional";"4000";"2000048844"
"67148466";"Lleida";"Espagne";"D3 Fédé espagnole Gr5";"Professional";"13500";"2000099915"
"70061824";"1461 Trabzon FK";"Turquie";"2. League G2";"Professional";"1820";"463486"
"70078177";"Bucaspor 1928";"Turquie";"2. League G1";"Professional";"8810";"463485"
"71017165";"Epicentr";"Ukraine";"Championnat d'Ukraine";"Professional";"4700";"5314301"
"76003517";"Zamora F.C. (VEN)";"Venezuela";"Première Division du Véné";"Professional";"24234";"86000001"
"77060228";"Pirata FC";"Pérou";"2ème Division";"Professional";"7000";"5290553"
"81043972";"Mount Pleasant FC";"Jamaïque";"PL jamaïcaine";"Professional";"3000";"81001093"
"86047632";"Búhos ULVR";"Équateur";"Segunda Categoría de Guay";"Semi-Professional";"42000";"2000100872"
"86049071";"Royal Pari";"Bolivie";"Division inférieure";"Semi-Professional";"38180";"19166141"
"95068460";"Wiliete Benguela";"Angola";"Girabola";"Professional";"35000";"12034515"
"2000026351";"Omaha";"États-Unis";"Division 2 de USSL";"Professional";"9023";"20047508"
"2000030206";"Havadar";"Iran";"Ligue Azadegan";"Professional";"30122";"1018790"
"2000060926";"Al-Khaldiya";"Bahreïn";"Première Ligue";"Professional";"35000";"1039313"
"2000067559";"ZED";"Égypte";"Premier Division";"Professional";"74100";"12015393"
"2000091387";"Olimpik Toshkent";"Ouzbékistan";"Pro League d'Ouzbékistan";"Professional";"10000";"59135039"
"2000094449";"Rangers B";"Écosse";"-";"Professional";"2500";"-1"
"2000098842";"Rayo Zuliano";"Venezuela";"Première Division du Véné";"Professional";"40800";"86000001"
"2000108228";"Notts Co";"Angleterre";"D1 nat. fém Midlands";"Semi-Professional";"20211";"2000168703"
"2000112551";"Costa Brava";"Espagne";"-";"Professional";"5938";"-1"
"2000127078";"Upington City";"Afrique du Sud";"1ère Division";"Professional";"1000";"131235"
"2000132627";"ASA Tg-Mures";"Roumanie";"D2 roumaine";"Professional";"8200";"150913"
"2000142307";"Lexington SC";"États-Unis";"Conférence Ouest";"Professional";"7500";"20033731"
"2000167369";"Burnley";"Angleterre";"National Premier North";"Professional";"3000";"2000163439"
"2000167370";"Halifax";"Angleterre";"National Premier North";"Semi-Professional";"1000";"2000163439"
"2000200813";"Billericay";"Angleterre";"National Premier South";"Semi-Professional";"5500";"2000163438"
"2000216295";"Cacereño";"Espagne";"Deuxième Division";"Semi-Professional";"500";"2000180088"
"2000232566";"Dundee United";"Écosse";"Premier League 2";"Semi-Professional";"300";"2000252813"
"2000232802";"PAOK";"Grèce";"Première Division";"Semi-Professional";"28703";"2000232803"
"2000232850";"PK-35 Vantaa";"Finlande";"Première division";"Semi-Professional";"4600";"2000173687"
"2000254375";"AFC Wimbledon";"Angleterre";"National Premier South";"Semi-Professional";"1500";"2000163438"
"2000262470";"Skra Czestochowa";"Pologne";"-";"Semi-Professional";"100";"-1"
"2000276716";"MFA Žalgiris";"Lituanie";"Ligue A";"Semi-Professional";"500";"2000232685"
"2000277946";"Cardiff City";"Pays de Galles";"Adran Premier";"Semi-Professional";"4953";"2000169152"
"2000277995";"1207 Antalyaspor";"Turquie";"Super League";"Semi-Professional";"750";"2000232852"
"2000278781";"Mašinac";"Serbie";"Super League";"Professional";"1146";"2000232686"
"2000279749";"Caribbean Stars";"Porto Rico";"LPR Fem";"Amateur";"750";"2000274211"
"2000315645";"Swindon";"Angleterre";"D1 nat. fém SO";"Semi-Professional";"15728";"2000168705"
"2000316001";"Levante B";"Espagne";"Troisième division - Gr 2";"Semi-Professional";"200";"2000302738"
"2000321914";"Örebro SK";"Suède";"Elitettan";"Semi-Professional";"12300";"2000230565"
"2000334006";"Næstved HG";"Danemark";"Première Division";"Semi-Professional";"10000";"2000278359"
"2000337864";"LN Tieren";"Chine";"1ère Division";"Professional";"30000";"131126"
"2000338641";"Al-Qadsiah";"Arabie saoudite";"Premier League";"Professional";"15000";"2000338506"
"2000338913";"TS Galaxy Queens";"Afrique du Sud";"Super League d'AS";"Professional";"8000";"2000338387"
"2000345317";"Gokulam Kerala";"Inde";"Ligue féminine d'Inde";"Semi-Professional";"50000";"2000343111"
"2000355463";"Frazsier's Whip";"Jamaïque";"PLF de Jamaïque";"Amateur";"3000";"2000343082"
"2000358748";"Cibao FC";"Rép. Dominicaine";"Liga Femenina";"Amateur";"5000";"2000359528"
"2000365297";"U. Española";"Chili";"Première Division";"Professional";"120";"2000338390"
"2000369558";"Milutinac";"Serbie";"Super League";"Professional";"1200";"2000232686"
"2000389710";"Agile Brilliant";"Haïti";"Championnat National Fémi";"Amateur";"2000";"2000274213"
"2000398372";"Hannover";"Allemagne";"Regionalliga Nord";"Semi-Professional";"2000";"2000469344"
"2000425717";"FC Masar";"Égypte";"PLF d'Égypte";"Professional";"2000";"2000338481"
"2000471477";"Újpest";"Hongrie";"Première Division";"Semi-Professional";"800";"2000232706"
"2000475418";"Leicesterford City";"Afrique du Sud";"1ère Division";"Professional";"20000";"131235"
"2000488437";"Lio";"Croatie";"Ligue 2 Groupe B";"Professional";"0";"2000279738"
"2000238561";"Vancouver";"Canada";"Canadian Premier League";"Professional";"7500";"20502998"
"480";"AB";"Danemark";"CampoBet 2. Division";"Professional";"13507";"8"
"539";"Nykøbing FC";"Danemark";"CampoBet 3. Division";"Professional";"10000";"2000016262"
"542";"Næstved";"Danemark";"CampoBet 2. Division";"Professional";"10000";"8"
"593";"Galway Utd";"Irlande";"Première Ligue";"Professional";"5000";"129372"
"598";"Sligo Rovers";"Irlande";"Première Ligue";"Professional";"4200";"129372"
"1145";"Lumezzane";"Italie";"Série C/A";"Professional";"4004";"43127172"
"1282";"Glentoran";"Irlande du Nord";"NIFL Premiership";"Professional";"6054";"130023"
"1403";"Strømmen";"Norvège";"2ème Division G2";"Semi-Professional";"1850";"1300604"
"1767";"Langreo";"Espagne";"D2 Fédé espagnole Gr1";"Professional";"4024";"2000099903"
"2244";"Erfurt";"Allemagne";"Div. régionale Nord-est";"Semi-Professional";"18611";"91107110"
"102029";"A. Getxo";"Espagne";"D1A Fédération espagnole";"Professional";"2000";"2000048844"
"105998";"Harbour View";"Jamaïque";"PL jamaïcaine";"Professional";"7000";"81001093"
"106001";"Arnett Gardens";"Jamaïque";"PL jamaïcaine";"Professional";"3000";"81001093"
"129208";"KPV";"Finlande";"1ère Division";"Semi-Professional";"3000";"129131"
"129585";"Zaglebie Sosnowiec";"Pologne";"2ème division";"Professional";"11600";"162504"
"130380";"Sanliurfaspor";"Turquie";"2. League G1";"Professional";"21541";"463485"
"135410";"Al-Ahli";"Qatar";"Première Division";"Professional";"18000";"5632126"
"484440";"Regar-TadAZ";"Tadjikistan";"Division Supérieure";"Professional";"13770";"59007964"
"485674";"Smorgon";"Biélorussie";"Championnat Supérieur";"Professional";"3200";"7483354"
"814350";"Navalcarnero";"Espagne";"D2 Fédé espagnole Gr5";"Professional";"1500";"2000099907"
"814935";"Teruel";"Espagne";"D1B Fédération espagnole";"Professional";"5000";"2000048846"
"831361";"Paganese";"Italie";"Série D Grp.H";"Semi-Professional";"4915";"1400407"
"877202";"Kassel";"Allemagne";"Division Rég. Sud";"Semi-Professional";"18400";"27"
"879270";"Düsseldorf II";"Allemagne";"Division Régionale Ouest";"Professional";"7200";"35010927"
"930248";"Middelfart";"Danemark";"Betinia Liga";"Semi-Professional";"4000";"7"
"952721";"San Martín (Burzaco)";"Argentine";"Zone Métropolitaine";"Professional";"4000";"108508"
"1301257";"Eskisehirspor";"Turquie";"3ème division Grp 4";"Semi-Professional";"34930";"70043165"
"1301561";"Waitakere United";"Nouvelle-Zélande";"-";"Semi-Professional";"2000";"-1"
"3602620";"HSV II";"Allemagne";"Division Rég. Nord";"Professional";"1318";"26"
"3604375";"St. Pauli II";"Allemagne";"Division Rég. Nord";"Professional";"5068";"26"
"4203018";"Yeclano";"Espagne";"D2 Fédé espagnole Gr4";"Professional";"4500";"2000099906"
"4300007";"Oberwart";"Autriche";"Division régionale est";"Semi-Professional";"7000";"136546"
"5000207";"Ull/Kisa";"Norvège";"2ème Division G2";"Semi-Professional";"3500";"1300604"
"5290573";"CNI";"Pérou";"Coupe du Pérou";"Professional";"22000";"5290552"
"5341706";"Nkana";"Zambie";"Premier League de Zambie";"Professional";"17500";"13135082"
"5380038";"Interclube";"Angola";"Girabola";"Professional";"12000";"12034515"
"5652959";"Sokolov";"Rép. tchèque";"4ème Division B";"Professional";"5000";"136044"
"5779732";"Rudar (Pr)";"Bosnie";"Première Division";"Professional";"4500";"8401073"
"6600093";"KSV Oudenaarde";"Belgique";"Deuxième division VV A";"Amateur";"5000";"18097860"
"7500389";"Yantra Gabrovo";"Bulgarie";"Championnat B";"Professional";"12000";"7500118"
"7521319";"Karcag";"Hongrie";"Division II";"Professional";"2000";"152045"
"7862562";"Kfar Shalem";"Israël";"Championnat Leumit";"Professional";"3980";"7860001"
"8056959";"Alay";"Kirghizistan";"Division Supérieure";"Professional";"12500";"59005735"
"13228845";"Namungo";"Tanzanie";"Première division";"Professional";"2000";"13211724"
"16011781";"FCM Traiskirchen";"Autriche";"Division régionale est";"Semi-Professional";"3000";"136546"
"19213392";"BFC";"Brésil";"D4";"Professional";"5500";"19127222"
"20046407";"Las Vegas";"États-Unis";"Conférence Ouest";"Professional";"12500";"20033731"
"20046411";"El Paso";"États-Unis";"Conférence Ouest";"Professional";"7500";"20033731"
"32000519";"Víkingur G.";"Féroé";"Premiership";"Semi-Professional";"1600";"8300358"
"35024575";"Buchbach";"Allemagne";"Div. régionale Sud-ouest";"Semi-Professional";"2500";"91107111"
"40026653";"Mumbai";"Inde";"Division nationale";"Professional";"6600";"40026565"
"43018336";"Cerignola";"Italie";"Série C/C";"Professional";"4462";"43127174"
"43204869";"Campobasso";"Italie";"Série C/B";"Professional";"25000";"43127173"
"70042997";"Yeni Mersin I.Y.";"Turquie";"2. League G2";"Professional";"25497";"463486"
"86005819";"Atlético Venezuela";"Venezuela";"Lower Division";"Amateur";"9800";"2000467273"
"2000020059";"Tulsa";"États-Unis";"Conférence Ouest";"Professional";"7833";"20033731"
"2000090667";"Dewa United";"Indonésie";"Super League";"Professional";"30038";"41004312"
"2000183205";"Spartans";"Écosse";"Premier League 2";"Semi-Professional";"3612";"2000252813"
"2000290836";"Sporting Khalsa";"Angleterre";"National Premier North";"Semi-Professional";"3660";"2000163439"
"2000344564";"Deportivo Táchira";"Venezuela";"SLF du Venezuela";"Professional";"2000";"2000338486"
"2000383187";"Eibar B";"Espagne";"D2 Fédé espagnole Gr2";"Professional";"1000";"2000099904"
"2000383403";"Wacker Mecklenbeck";"Allemagne";"Regionalliga Ouest";"Semi-Professional";"500";"2000469347"
"2000383408";"St. Pauli";"Allemagne";"Regionalliga Nord";"Semi-Professional";"1000";"2000469344"
"2000396135";"Bayer 04 II";"Allemagne";"Regionalliga Ouest";"Semi-Professional";"2817";"2000469347"
"2000478016";"Ars et Labor";"Italie";"Eccellenza Emilia-Romagna";"Semi-Professional";"16134";"43064525"
"1228";"Differdange";"Luxembourg";"Division Nationale";"Semi-Professional";"3500";"5340000"
"592";"Dundalk";"Irlande";"1ère Division";"Professional";"4500";"129373"
"714";"Southend";"Angleterre";"Enterprise National";"Professional";"12392";"109201"
"902";"Uerdingen";"Allemagne";"Rhin bas";"Semi-Professional";"34500";"91109041"
"1343";"Hønefoss";"Norvège";"2ème Division G2";"Semi-Professional";"4373";"1300604"
"1399";"Stjørdals-Blink";"Norvège";"2ème Division G2";"Semi-Professional";"1000";"1300604"
"1676";"Cacereño";"Espagne";"D1A Fédération espagnole";"Professional";"9000";"2000048844"
"1750";"Zaragoza B";"Espagne";"D2 Fédé espagnole Gr2";"Professional";"2500";"2000099904"
"1925";"River Plate";"Uruguay";"1ère Division";"Professional";"6224";"5512770"
"2226";"Teramo";"Italie";"Série D Grp.F";"Semi-Professional";"7498";"1400405"
"2460";"Anadia";"Portugal";"Championnat National - B";"Semi-Professional";"7000";"55065659"
"2463";"Oliveira Hospital";"Portugal";"Championnat National - C";"Professional";"4000";"55065660"
"105612";"Delémont";"Suisse";"1ère Ligue - Groupe 2";"Semi-Professional";"5263";"5724965"
"105993";"Montego Bay Utd";"Jamaïque";"PL jamaïcaine";"Professional";"9000";"81001093"
"107203";"ARN";"Brésil";"D4";"Professional";"32000";"19127222"
"107319";"Juntendo Univ";"Japon";"-";"Amateur";"1000";"-1"
"108571";"El Porvenir";"Argentine";"4ème division AFA";"Professional";"11000";"14037258"
"108986";"Giugliano";"Italie";"Série C/C";"Professional";"7000";"43127174"
"128051";"Liaoning";"Chine";"-";"Professional";"30000";"-1"
"135413";"Al-Shamal";"Qatar";"Première Division";"Professional";"5000";"5632126"
"301171";"MAR";"Brésil";"D4";"Professional";"11429";"19127222"
"308103";"Guabirá";"Bolivie";"Première Division";"Professional";"13000";"86000000"
"450550";"Kirklarelispor";"Turquie";"2. League G2";"Professional";"3750";"463486"
"498464";"Abdysh-Ata";"Kirghizistan";"Division Supérieure";"Professional";"2000";"59005735"
"661680";"Croatia Zmijavci";"Croatie";"2ème Division";"Professional";"1000";"129646"
"750633";"Levanger";"Norvège";"2ème Division G2";"Semi-Professional";"5000";"1300604"
"775165";"Kanazawa";"Japon";"J3 League";"Professional";"10000";"791180"
"786400";"Matsumoto";"Japon";"J3 League";"Professional";"20400";"791180"
"790963";"Waterhouse";"Jamaïque";"PL jamaïcaine";"Professional";"5000";"81001093"
"879715";"Meuselwitz";"Allemagne";"Div. régionale Nord-est";"Semi-Professional";"5260";"91107110"
"879931";"Wiedenbrück";"Allemagne";"Division Régionale Ouest";"Semi-Professional";"5001";"35010927"
"955218";"9 de Julio (Rafaela)";"Argentine";"Zone Intérieure";"Professional";"7000";"108509"
"1300034";"KF Skënderbeu";"Albanie";"Kategoria 1";"Professional";"12343";"8351372"
"1301293";"Vorskla";"Ukraine";"Première Ligue";"Professional";"23842";"5314302"
"1503411";"Cádiz B";"Espagne";"D3 Fédé espagnole Gr10";"Professional";"2500";"2000099920"
"3101500";"Berazategui";"Argentine";"4ème division AFA";"Professional";"6000";"14037258"
"3609393";"Schalke 04 II";"Allemagne";"Division Régionale Ouest";"Professional";"2999";"35010927"
"3804424";"Grosseto";"Italie";"Série D Grp.E";"Semi-Professional";"9758";"1400404"
"5390020";"Jeunesse Kairouan";"Tunisie";"Ligue 1";"Professional";"6500";"12019164"
"5390080";"Motema Pembe";"R.D. Congo";"Linafoot B";"Professional";"80000";"2000278441"
"5512194";"Sanat Naft";"Iran";"Ligue Azadegan";"Professional";"10000";"1018790"
"5609584";"SV Leobendorf";"Autriche";"Division régionale est";"Semi-Professional";"2000";"136546"
"5727277";"SC Brühl SG";"Suisse";"Ligue 1 Promotion";"Semi-Professional";"3900";"98027828"
"7442930";"Guijuelo";"Espagne";"D3 Fédé espagnole Gr8";"Professional";"1500";"2000099918"
"7452056";"Coruxo";"Espagne";"D2 Fédé espagnole Gr1";"Professional";"2000";"2000099903"
"7841979";"Fjölnir";"Islande";"1ère Division";"Semi-Professional";"1300";"7840133"
"8723252";"FC Augsburg II";"Allemagne";"Div. régionale Sud-ouest";"Professional";"28000";"91107111"
"11009767";"KF Kukësi";"Albanie";"Kategoria 1";"Professional";"6322";"8351372"
"13100988";"Kagera Sugar";"Tanzanie";"Championnat de Tanzanie";"Professional";"5000";"2000113898"
"13212562";"Aigles du Congo";"R.D. Congo";"Linafoot B";"Professional";"80000";"2000278441"
"14031210";"Guaraní Antonio Franco";"Argentine";"4ème division non AFA";"Semi-Professional";"8000";"14037261"
"16001231";"FC Pinzgau Saalfelden";"Autriche";"Ligue régionale ouest";"Semi-Professional";"2000";"5607688"
"16032291";"SV Gloggnitz";"Autriche";"Division régionale est";"Semi-Professional";"2500";"136546"
"21028704";"Tuzla City";"Bosnie";"L1 de BiH";"Professional";"12000";"8407370"
"40026606";"Goa";"Inde";"Division nationale";"Professional";"19400";"40026565"
"43156731";"Arzignano";"Italie";"Série C/A";"Professional";"1699";"43127172"
"43269673";"Monterosi";"Italie";"-";"Semi-Professional";"550";"-1"
"52085341";"Waterford";"Irlande";"Première Ligue";"Professional";"5160";"129372"
"53189458";"FK Eik Tønsberg";"Norvège";"2ème Division G1";"Semi-Professional";"5000";"1300603"
"58052123";"Krasnodar-2";"Russie";"-";"Professional";"7428";"-1"
"59012342";"Altyn Asyr";"Turkménistan";"Yokary Ligasy";"Professional";"20000";"5638083"
"62030404";"IMT";"Serbie";"Super League";"Professional";"1150";"132321"
"71046355";"Kudrivka";"Ukraine";"Championnat d'Ukraine";"Professional";"7122";"5314301"
"82070448";"Cibao FC";"Rép. Dominicaine";"Liga Mayor";"Professional";"5000";"82061057"
"85060443";"Le Puy Foot 43";"France";"National";"Semi-Professional";"2800";"18"
"86061576";"Universitario de Vinto";"Bolivie";"Première Division";"Professional";"8000";"86000000"
"88000404";"Wellington Olympic";"Nouvelle-Zélande";"Ligue centrale NZ";"Amateur";"3375";"88006344"
"97208548";"Chiangmai Utd";"Thaïlande";"1ère division";"Professional";"2000";"5637986"
"97208556";"Uthai Thani";"Thaïlande";"Ligue 1 de Thaïlande";"Professional";"4477";"5624920"
"2000032124";"Livyi Bereh";"Ukraine";"Première Ligue";"Professional";"4700";"5314302"
"2000121604";"Blackburn";"Angleterre";"D1 nat. fém Nord";"Professional";"31363";"2000168702"
"2000149125";"Queen's Park";"Écosse";"Premier League 2";"Semi-Professional";"3076";"2000252813"
"2000169153";"Swansea City";"Pays de Galles";"Adran Premier";"Semi-Professional";"2000";"2000169152"
"2000216300";"Caracas";"Venezuela";"SLF du Venezuela";"Professional";"3500";"2000338486"
"2000252602";"Lleida";"Espagne";"Deuxième Division";"Semi-Professional";"13500";"2000180088"
"2000262065";"FC Olympia";"États-Unis";"USSL W League";"Semi-Professional";"0";"2000335881"
"2000272904";"Defence Force";"Trinité-et-Tobago";"LFF de TT";"Semi-Professional";"700";"2000274200"
"2000286704";"FC Bacau";"Roumanie";"D2 roumaine";"Professional";"1500";"150913"
"2000290828";"Leafield";"Angleterre";"D1 nat. fém Midlands";"Semi-Professional";"1500";"2000168703"
"2000293193";"Europa";"Espagne";"Deuxième Division";"Semi-Professional";"4000";"2000180088"
"2000315897";"Etoile Carouge";"Suisse";"Deuxième Division";"Semi-Professional";"3600";"2000276269"
"2000328121";"GD GuaZ Power";"Chine";"1ère Division";"Professional";"26000";"131126"
"2000336883";"Napredak";"Serbie";"Lower Division";"Professional";"10331";"2000343088"
"2000337750";"Bristol Rovers";"Angleterre";"D1 nat. fém SO";"Semi-Professional";"12565";"2000168705"
"2000338654";"Lech Poznan";"Pologne";"Première Division";"Professional";"650";"2000232705"
"2000340997";"Famkes Diksmuide Oostende";"Belgique";"Première Division";"Amateur";"9022";"2000338410"
"2000365290";"Cobresal";"Chili";"Ligues inf. du Chili";"Professional";"1900";"2000365507"
"2000367401";"Cheadle Town";"Angleterre";"D1 nat. fém Nord";"Semi-Professional";"2500";"2000168702"
"2000367411";"Bournemouth Sports";"Angleterre";"D1 nat. fém SO";"Semi-Professional";"3000";"2000168705"
"2000376559";"A. Villalonga";"Espagne";"Troisième division - Gr 1";"Semi-Professional";"1000";"2000302735"
"2000386153";"FC Polissya";"Ukraine";"Ligue féminine d'Ukraine";"Semi-Professional";"2000";"2000232688"
"2000434091";"Özgön";"Kirghizistan";"Division Supérieure";"Professional";"12500";"59005735"
"202";"KSK Heist";"Belgique";"Deuxième division BVV";"Amateur";"4349";"18097862"
"282";"KVK Tienen";"Belgique";"D1 nationale - VV";"Amateur";"7100";"2000370106"
"407";"DL Wanda";"Chine";"-";"Professional";"30872";"-1"
"605";"Barnet";"Angleterre";"Sky Bet League Two";"Professional";"5419";"14"
"703";"Rochdale";"Angleterre";"Enterprise National";"Professional";"10249";"109201"
"1230";"Swift Hesperange";"Luxembourg";"Division Nationale";"Semi-Professional";"4100";"5340000"
"1277";"Cliftonville";"Irlande du Nord";"NIFL Premiership";"Semi-Professional";"3054";"130023"
"102373";"Police (TRI)";"Trinité-et-Tobago";"Premier League";"Professional";"750";"82000461"
"105990";"Tivoli Gardens";"Jamaïque";"PL jamaïcaine";"Professional";"3000";"81001093"
"107330";"Fukushima";"Japon";"J3 League";"Professional";"21000";"791180"
"107341";"Kagoshima";"Japon";"J3 League";"Professional";"19934";"791180"
"107352";"FC Osaka";"Japon";"J3 League";"Professional";"26544";"791180"
"109009";"Gernika";"Espagne";"D2 Fédé espagnole Gr2";"Professional";"2500";"2000099904"
"116309";"Deportivo Maldonado";"Uruguay";"2ème division pro";"Professional";"16400";"5512771"
"130375";"Batman Petrol Spor";"Turquie";"2. League G1";"Professional";"15000";"463485"
"130377";"Elazigspor";"Turquie";"2. League G1";"Professional";"18423";"463485"
"130548";"Volga Uljanovsk";"Russie";"1ère Division";"Professional";"10000";"130487"
"130866";"ÍR";"Islande";"1ère Division";"Semi-Professional";"1200";"7840133"
"134636";"Jabloteh";"Trinité-et-Tobago";"Premier League";"Professional";"1000";"82000461"
"135497";"PSIS";"Indonésie";"Championnat Groupe 2";"Professional";"18000";"41042742"
"308094";"Real Potosí";"Bolivie";"Première Division";"Professional";"32105";"86000000"
"308102";"Independiente Petrolero";"Bolivie";"Première Division";"Professional";"32700";"86000000"
"318860";"TOM";"Brésil";"3ème Division";"Professional";"6555";"107192"
"484455";"Vakhsh";"Tadjikistan";"Division Supérieure";"Professional";"10000";"59007964"
"650441";"Dubrava";"Croatie";"2ème Division";"Professional";"1000";"129646"
"788933";"Numazu";"Japon";"J3 League";"Professional";"11000";"791180"
"814662";"Sta. Eulalia";"Espagne";"D3 Fédé espagnole Gr11";"Professional";"2000";"2000099921"
"879743";"Halberstadt";"Allemagne";"Nord-Est (S)";"Semi-Professional";"5000";"8700007"
"879921";"Lotte";"Allemagne";"Division Régionale Ouest";"Semi-Professional";"10059";"35010927"
"1300613";"Eidsvold Turn";"Norvège";"2ème Division G2";"Semi-Professional";"5775";"1300604"
"1300922";"Drogheda Utd";"Irlande";"Première Ligue";"Professional";"2500";"129372"
"1503308";"Getafe B";"Espagne";"D2 Fédé espagnole Gr5";"Professional";"5000";"2000099907"
"3101510";"Gral. Lamadrid";"Argentine";"4ème division AFA";"Professional";"1500";"14037258"
"4212400";"Segoviana";"Espagne";"D2 Fédé espagnole Gr1";"Professional";"2000";"2000099903"
"5100047";"Harrogate";"Angleterre";"Sky Bet League Two";"Professional";"5021";"14"
"5341699";"Kabwe Warriors";"Zambie";"Premier League de Zambie";"Professional";"10000";"13135082"
"5512203";"Fajr Sepasi";"Iran";"Premier League";"Professional";"20000";"1018789"
"5622736";"Arema";"Indonésie";"Super League";"Professional";"21603";"41004312"
"5627593";"Al-Khor";"Qatar";"D2 du Qatar";"Professional";"45032";"5632158"
"5748006";"Radnik Rosa";"Serbie";"Super League";"Professional";"3312";"132321"
"6100024";"Imolese";"Italie";"Série D Grp.D";"Semi-Professional";"1560";"1400403"
"6706364";"Villanovense";"Espagne";"D3 Fédé espagnole Gr14";"Professional";"2000";"2000099924"
"7840114";"Leiknir";"Islande";"1ère Division";"Semi-Professional";"1215";"7840133"
"7861698";"Hapoel Acre";"Israël";"Championnat Leumit";"Professional";"5000";"7860001"
"8700485";"FCA Walldorf";"Allemagne";"Division Rég. Sud";"Semi-Professional";"5000";"27"
"12004622";"Bravos Maquis";"Angola";"Girabola";"Professional";"4300";"12034515"
"13219657";"KMC";"Tanzanie";"Première division";"Professional";"2000";"13211724"
"20015751";"FC Edmonton";"Canada";"-";"Professional";"5100";"-1"
"23078012";"Muangthong Utd";"Thaïlande";"Ligue 1 de Thaïlande";"Professional";"15000";"5624920"
"23295560";"Khonkaen Utd";"Thaïlande";"1ère division";"Professional";"7000";"5637986"
"35022130";"Illertissen";"Allemagne";"Div. régionale Sud-ouest";"Semi-Professional";"3000";"91107111"
"35116398";"Jeddeloh";"Allemagne";"Division Rég. Nord";"Semi-Professional";"2000";"26"
"40024212";"Bengaluru";"Inde";"Division nationale";"Professional";"25810";"40026565"
"40026579";"Kerala";"Inde";"Division nationale";"Professional";"80000";"40026565"
"53000245";"Junkeren";"Norvège";"3ème division Groupe 1";"Semi-Professional";"1500";"53057341"
"57057243";"CS Afumati";"Roumanie";"D2 roumaine";"Professional";"3000";"150913"
"57065617";"CSC Dumbravita";"Roumanie";"D2 roumaine";"Professional";"624";"150913"
"57191025";"CSM Satu Mare";"Roumanie";"D2 roumaine";"Professional";"17200";"150913"
"58148224";"Kuban PFC";"Russie";"Division 2 A Argent";"Professional";"35200";"2000272300"
"66032900";"Gimpo";"Corée du Sud";"K League 2";"Professional";"10037";"66029602"
"67290895";"Intercity";"Espagne";"D2 Fédé espagnole Gr5";"Professional";"4000";"2000099907"
"70061796";"24Erzincanspor";"Turquie";"2. League G1";"Professional";"12981";"463485"
"71076802";"Inhulets";"Ukraine";"Première Ligue";"Professional";"1753";"5314302"
"78014931";"Albion";"Uruguay";"2ème division pro";"Professional";"10312";"5512771"
"98010085";"Paradiso";"Suisse";"Ligue 1 Promotion";"Semi-Professional";"1000";"98027828"
"2000022654";"Black Stars";"Tanzanie";"Première division";"Professional";"6000";"13211724"
"2000081586";"Monterey Bay";"États-Unis";"Conférence Ouest";"Professional";"6000";"20033731"
"2000186503";"Recklinghausen";"Allemagne";"Regionalliga Ouest";"Semi-Professional";"7000";"2000469347"
"2000214742";"1. FFC Turbine Potsdam II";"Allemagne";"Reg Nordost";"Semi-Professional";"1000";"2000469346"
"2000214744";"1. FC Köln II";"Allemagne";"Regionalliga Ouest";"Semi-Professional";"5200";"2000469347"
"2000215252";"Gintra";"Lituanie";"Ligue A";"Semi-Professional";"1500";"2000232685"
"2000253324";"Kilmarnock";"Écosse";"Premier League 2";"Semi-Professional";"18128";"2000252813"
"2000262397";"Resovia";"Pologne";"Première Division";"Semi-Professional";"121";"2000262380"
"2000276304";"Omonoia";"Chypre";"Première Division";"Semi-Professional";"1500";"2000232693"
"2000340181";"TuS Issel";"Allemagne";"Regionalliga Südwest";"Amateur";"150";"2000469371"
"2000343196";"Riegelsberg";"Allemagne";"Regionalliga Südwest";"Semi-Professional";"3000";"2000469371"
"2000357462";"Rayo Zuliano";"Venezuela";"Venezuelan Lower Division";"Amateur";"0";"2000419815"
"2000210685";"GV San José";"Bolivie";"Première Division";"Professional";"32595";"86000000"
"723";"Sutton Utd";"Angleterre";"Enterprise National";"Professional";"5049";"109201"
"744";"York";"Angleterre";"Enterprise National";"Professional";"8512";"109201"
"878";"Stade Briochin";"France";"National";"Semi-Professional";"5101";"18"
"1227";"Progrès";"Luxembourg";"Division Nationale";"Semi-Professional";"2800";"5340000"
"1237";"Sileks";"Macédoine du N.";"Ligue 1";"Professional";"2600";"8401070"
"1745";"S. Gijon B";"Espagne";"D3 Fédé espagnole Gr2";"Professional";"1600";"2000099912"
"1788";"Falkenberg";"Suède";"1ère Division Elite";"Semi-Professional";"5500";"52"
"1808";"IK Oddevold";"Suède";"1ère Division Elite";"Professional";"12500";"52"
"2008";"FC Sète 34";"France";"-";"Semi-Professional";"0";"-1"
"2094";"Coruña B";"Espagne";"D2 Fédé espagnole Gr1";"Professional";"3000";"2000099903"
"2407";"Marco 09";"Portugal";"Troisième division - N";"Professional";"10000";"2000112232"
"106190";"Soleure";"Suisse";"1ère Ligue - Groupe 2";"Semi-Professional";"6300";"5724965"
"107346";"FC Gifu";"Japon";"J3 League";"Professional";"26200";"791180"
"109023";"Terrassa";"Espagne";"D2 Fédé espagnole Gr3";"Professional";"11500";"2000099905"
"109206";"Forest Green";"Angleterre";"Enterprise National";"Professional";"5140";"109201"
"137915";"Concordia BS";"Suisse";"1ère Ligue - Groupe 2";"Semi-Professional";"5060";"5724965"
"137925";"Wohlen";"Suisse";"1ère Ligue - Groupe 2";"Semi-Professional";"3734";"5724965"
"137938";"Tuggen";"Suisse";"1ère Ligue - Groupe 3";"Semi-Professional";"4240";"5724966"
"301129";"FAC";"Brésil";"D4";"Professional";"63903";"19127222"
"457419";"Fethiyespor";"Turquie";"2. League G2";"Professional";"8372";"463486"
"485470";"Ahal";"Turkménistan";"Yokary Ligasy";"Professional";"3000";"5638083"
"755792";"Notodden";"Norvège";"2ème Division G1";"Semi-Professional";"4000";"1300603"
"780521";"Gunma";"Japon";"J3 League";"Professional";"18900";"791180"
"788847";"Kitakyushu";"Japon";"J3 League";"Professional";"15066";"791180"
"792387";"Tochigi-C";"Japon";"J3 League";"Professional";"5129";"791180"
"877106";"Memmingen";"Allemagne";"Div. régionale Sud-ouest";"Semi-Professional";"5100";"91107111"
"879209";"Bahlingen";"Allemagne";"Division Rég. Sud";"Semi-Professional";"4000";"27"
"880284";"Balingen";"Allemagne";"Division Rég. Sud";"Semi-Professional";"8000";"27"
"893061";"TSG 1899 Hoffenheim II";"Allemagne";"3. Liga";"Professional";"6100";"35010926"
"952716";"Liniers";"Argentine";"Zone Métropolitaine";"Professional";"1600";"108508"
"1032766";"Al-Shahaniya";"Qatar";"Première Division";"Professional";"13000";"5632126"
"3101448";"Ben Hur (Rafaela)";"Argentine";"Zone Intérieure";"Semi-Professional";"10000";"108509"
"3400446";"Þróttur";"Islande";"1ère Division";"Semi-Professional";"4500";"7840133"
"4212313";"Marino";"Espagne";"D2 Fédé espagnole Gr1";"Professional";"3500";"2000099903"
"5100153";"Bromley";"Angleterre";"Sky Bet League Two";"Professional";"3075";"14"
"5603845";"SC/ESV Parndorf";"Autriche";"Division régionale est";"Semi-Professional";"3500";"136546"
"5622746";"Persita";"Indonésie";"Super League";"Professional";"15000";"41004312"
"5622862";"Persis";"Indonésie";"Super League";"Professional";"20000";"41004312"
"5625051";"Rayong";"Thaïlande";"Ligue 1 de Thaïlande";"Professional";"7500";"5624920"
"6002501";"VfL Wolfsburg II";"Allemagne";"-";"Professional";"0";"-1"
"8626853";"Desportivo Huíla";"Angola";"Girabola";"Professional";"21040";"12034515"
"14031508";"Gutiérrez S.C.";"Argentine";"Zone Intérieure";"Semi-Professional";"5000";"108509"
"14188356";"Real Pilar";"Argentine";"Zone Métropolitaine";"Professional";"7000";"108508"
"16280059";"FC Marchfeld Donauauen";"Autriche";"Division régionale est";"Semi-Professional";"2000";"136546"
"24021028";"BSK Bijelo Brdo";"Croatie";"2ème Division";"Professional";"1000";"129646"
"35105533";"Chemie Leipzig";"Allemagne";"Div. régionale Nord-est";"Semi-Professional";"18000";"91107110"
"41051597";"Madura United";"Indonésie";"Super League";"Professional";"15000";"41004312"
"41053239";"Bhayangkara";"Indonésie";"Super League";"Professional";"25000";"41004312"
"43007150";"Pineto";"Italie";"Série C/B";"Professional";"1500";"43127173"
"53155030";"Rana";"Norvège";"2ème Division G2";"Semi-Professional";"2600";"1300604"
"58001661";"Sibir";"Russie";"Division 2 A Or";"Professional";"12500";"2000272298"
"59118819";"Asia";"Kirghizistan";"-";"Professional";"0";"-1"
"70061827";"Zonguldak SFK";"Turquie";"3ème division Grp 3";"Professional";"13795";"70043164"
"70080983";"Afyonspor";"Turquie";"3ème division Grp 4";"Professional";"14558";"70043165"
"2000038369";"KMVA";"Tadjikistan";"Division Supérieure";"Professional";"13770";"59007964"
"2000096081";"Deportivo Santo Domingo";"Équateur";"S.C. de Santo Domingo";"Professional";"10172";"2000172953"
"2000188262";"Achyronas - Onisilos";"Chypre";"Division B";"Professional";"1500";"692431"
"2000233853";"Cardiff Met";"Pays de Galles";"D2 Sud";"Semi-Professional";"1751";"2000314851"
"2000252626";"Bollstanäs SK";"Suède";"Elitettan";"Semi-Professional";"150";"2000230565"
"2000256309";"Sunnanå SK";"Suède";"Elitettan";"Semi-Professional";"1000";"2000230565"
"2000277907";"Pantery";"Ukraine";"Ligue féminine d'Ukraine";"Semi-Professional";"3000";"2000232688"
"2000278336";"Ljuboten";"Macédoine du N.";"Ligue 1";"Semi-Professional";"300";"2000233879"
"2000292378";"Actonians";"Angleterre";"D1 nat. fém SE";"Semi-Professional";"350";"2000168704"
"2000296669";"Rugby Boro";"Angleterre";"National Premier North";"Semi-Professional";"1000";"2000163439"
"2000313511";"ŽNK Gorica";"Croatie";"Ligue 1";"Semi-Professional";"200";"2000232723"
"2000314654";"Connah's Quay";"Pays de Galles";"D2 Nord";"Semi-Professional";"1000";"2000314847"
"2000315913";"Winterthur";"Suisse";"Deuxième Division";"Semi-Professional";"9464";"2000276269"
"2000319420";"Eibar B";"Espagne";"Troisième division - Gr 1";"Semi-Professional";"1000";"2000302735"
"2000342949";"Metropolitanos";"Venezuela";"SLF du Venezuela";"Professional";"20900";"2000338486"
"2000373534";"Kremser SC";"Autriche";"Division régionale est";"Semi-Professional";"10000";"136546"
"2000398345";"Magdeburg";"Allemagne";"Reg Nordost";"Semi-Professional";"4990";"2000469346"
"2000134819";"San Antonio Bulo Bulo";"Bolivie";"Première Division";"Professional";"17000";"86000000"
"2000288897";"Dinamo City";"Albanie";"Superligue";"Professional";"12724";"8350942"
"68";"KF Laçi";"Albanie";"Kategoria 1";"Professional";"8000";"8351372"
"224";"Hoogstraten";"Belgique";"D1 nationale - VV";"Amateur";"5000";"2000370106"
"412";"Qingdao";"Chine";"Super League";"Professional";"50000";"130931"
"507";"Frem";"Danemark";"CampoBet 3. Division";"Semi-Professional";"10000";"2000016262"
"512";"Hellerup IK";"Danemark";"CampoBet 2. Division";"Semi-Professional";"4000";"8"
"973";"Ethnikos";"Grèce";"Division C Groupe 6";"Semi-Professional";"200";"36087248"
"985";"Xanthi";"Grèce";"Division C Groupe 1";"Semi-Professional";"9500";"36087243"
"1117";"Casarano";"Italie";"Série C/C";"Professional";"4500";"43127174"
"1161";"Prato";"Italie";"Série D Grp.E";"Semi-Professional";"6750";"1400404"
"1218";"Žalgiris";"Lituanie";"TOPsport A lyga";"Professional";"5067";"2300046"
"1291";"Alta";"Norvège";"2ème Division G2";"Semi-Professional";"1250";"1300604"
"1583";"Montrose";"Écosse";"William Hill League 1";"Semi-Professional";"4936";"47"
"1752";"Compostela";"Espagne";"D3 Fédé espagnole Gr1";"Professional";"12000";"2000099911"
"2198";"Forlì";"Italie";"Série C/B";"Professional";"3385";"43127173"
"2224";"Taranto";"Italie";"Eccellenza Puglia";"Semi-Professional";"2000";"43064537"
"2313";"Richmond";"États-Unis";"Division 2 de USSL";"Professional";"22600";"20047508"
"2469";"Fátima";"Portugal";"Championnat National - C";"Semi-Professional";"1545";"55065660"
"2478";"Sintrense";"Portugal";"Championnat National - D";"Professional";"2800";"55065661"
"102371";"Robinhood";"Suriname";"Major League du Suriname";"Professional";"7100";"37040965"
"106052";"DH El Jadida";"Maroc";"Première division";"Professional";"10000";"12019395"
"107230";"SAM";"Brésil";"D4";"Professional";"40000";"19127222"
"107291";"Haneda";"Japon";"Nippon Soccer League";"Semi-Professional";"4000";"107256"
"107320";"Komazawa Univ.";"Japon";"-";"Amateur";"800";"-1"
"107339";"Nagano";"Japon";"J3 League";"Professional";"15515";"791180"
"120939";"Sol de América";"Paraguay";"2ème division";"Professional";"10000";"79010962"
"121197";"Ahlen";"Allemagne";"Westphalie";"Semi-Professional";"13500";"8700005"
"123004";"South Melbourne";"Australie";"NPL Victoria";"Semi-Professional";"15000";"130188"
"128273";"La Sagesse";"Liban";"1ère Division";"Professional";"5000";"5629952"
"129565";"Górnik Leczna";"Pologne";"D2";"Professional";"7200";"129559"
"129653";"Trikala";"Grèce";"Division C Groupe 3";"Semi-Professional";"14500";"36087245"
"129664";"Panaigialeios";"Grèce";"Division C Groupe 4";"Semi-Professional";"5500";"36087246"
"129682";"Doxa Dramas";"Grèce";"Division C Groupe 1";"Semi-Professional";"7000";"36087243"
"129847";"Opatija";"Croatie";"2ème Division";"Professional";"14438";"129646"
"130783";"Provincial Osorno";"Chili";"Deuxième division";"Professional";"10800";"75034137"
"130856";"Belasitsa";"Bulgarie";"Championnat B";"Professional";"12000";"7500118"
"135250";"Salimiya";"Koweït";"Première division koweïti";"Professional";"14000";"23063354"
"135255";"Jazeera";"Jordanie";"Première division";"Professional";"5000";"5635278"
"135331";"Al-Nasr";"Oman";"Ligue O";"Professional";"12000";"23071760"
"135500";"PSIM";"Indonésie";"Super League";"Professional";"30000";"41004312"
"135534";"Semen Padang";"Indonésie";"Super League";"Professional";"15000";"41004312"
"136210";"Vyšehrad";"Rép. tchèque";"Division inférieure";"Professional";"500";"136048"
"138447";"Marek";"Bulgarie";"Championnat B";"Professional";"16050";"7500118"
"308093";"Real Santa Cruz";"Bolivie";"Division inférieure";"Semi-Professional";"13000";"19166141"
"308279";"Platense FC";"Honduras";"Ligue Nationale";"Professional";"13500";"87000201"
"309347";"Total Soccer F.C.";"Colombie";"Division 1 U20";"Amateur";"3000";"76050811"
"453682";"Inegölspor";"Turquie";"2. League G1";"Professional";"8000";"463485"
"490410";"Dinamo Tirana";"Albanie";"-";"Professional";"3400";"-1"
"659403";"Inter Zaprešic";"Croatie";"-";"Professional";"0";"-1"
"677316";"Panargeiakos";"Grèce";"Super League 2 Sud";"Professional";"5000";"36086002"
"678209";"Nestos";"Grèce";"Super League 2 Nord";"Professional";"7000";"36086001"
"687626";"Kabaniakos";"Grèce";"Super League 2 Nord";"Professional";"8100";"36086001"
"687633";"Nea Artaki";"Grèce";"Division C Groupe 5";"Semi-Professional";"556";"36087247"
"687641";"Panthrakikos";"Grèce";"Division C Groupe 1";"Semi-Professional";"6198";"36087243"
"700173";"Varese";"Italie";"Série D Grp.A";"Semi-Professional";"9926";"1400400"
"714200";"Podbeskidzie";"Pologne";"2ème division";"Professional";"15316";"162504"
"783801";"Ryukyu";"Japon";"J3 League";"Professional";"12180";"791180"
"788856";"Sagamihara";"Japon";"J3 League";"Professional";"6259";"791180"
"788910";"Nara";"Japon";"J3 League";"Professional";"35600";"791180"
"792316";"Miyazaki";"Japon";"J3 League";"Professional";"5360";"791180"
"832154";"Vibonese";"Italie";"Série D Grp.I";"Semi-Professional";"6000";"1400408"
"879677";"Auerbach";"Allemagne";"Nord-Est (S)";"Semi-Professional";"5000";"8700007"
"956889";"Unión (Sunchales)";"Argentine";"4ème division non AFA";"Semi-Professional";"5000";"14037261"
"1000546";"Al-Sailiya";"Qatar";"Première Division";"Professional";"45032";"5632126"
"1101813";"Östersunds FK";"Suède";"1ère Division Elite";"Professional";"8466";"52"
"1102443";"Buducnost";"Monténégro";"Premiership";"Professional";"11080";"5745020"
"1300111";"Belshina Bobruisk";"Biélorussie";"1ère Division";"Professional";"3709";"7483366"
"1300119";"Molodechno-2018";"Biélorussie";"Championnat Supérieur";"Professional";"4800";"7483354"
"1300559";"Veroia";"Grèce";"Division C Groupe 2";"Semi-Professional";"6350";"36087244"
"1300879";"Polonia Varsovie";"Pologne";"D2";"Professional";"7152";"129559"
"3200589";"RFC Meux";"Belgique";"D1 nationale - ACFF";"Amateur";"1500";"2000370107"
"3804379";"Siracusa";"Italie";"Série C/C";"Professional";"5946";"43127174"
"4212275";"Izarra";"Espagne";"D3 Fédé espagnole Gr15";"Professional";"3500";"2000099925"
"5280214";"2 de Mayo (PJC)";"Paraguay";"1ère division";"Professional";"25000";"79010950"
"5280216";"Sportivo Trinidense";"Paraguay";"1ère division";"Professional";"3000";"79010950"
"5280339";"Tacuary";"Paraguay";"2ème division";"Professional";"6000";"79010962"
"5340779";"Cotonsport";"Cameroun";"Élite One";"Professional";"30000";"13172336"
"5341084";"Casa Sport";"Sénégal";"Première division";"Professional";"10000";"13191657"
"5341595";"Al-Madina Tripoli SC";"Libye";"Premier League";"Professional";"10000";"13208974"
"5395180";"CD Marquense";"Guatemala";"Ligue Nationale";"Professional";"9380";"87000495"
"5512110";"Al-Ahli SC";"Bahreïn";"Première Ligue";"Professional";"10000";"1039313"
"5622879";"Persik";"Indonésie";"Super League";"Professional";"20000";"41004312"
"5622895";"Deyala";"Irak";"Stars League";"Professional";"10000";"23038303"
"5623956";"Shabab Sahel";"Liban";"1ère Division";"Professional";"18000";"5629952"
"7000097";"MRT B";"Portugal";"D2 Madeira";"Amateur";"200";"2000016771"
"7601275";"Stella";"Côte d'Ivoire";"1ère division";"Professional";"8000";"13109926"
"7862560";"S.C. Kfar Kasem";"Israël";"Championnat Leumit";"Professional";"500";"7860001"
"8160007";"KVV Thes Sport";"Belgique";"D1 nationale - VV";"Amateur";"4000";"2000370106"
"12004630";"Tanta";"Égypte";"D2";"Professional";"20000";"12040323"
"13106397";"Aduana FC";"Ghana";"Premier League  du Ghana";"Professional";"7000";"13109924"
"13117239";"Bechem Utd";"Ghana";"Premier League  du Ghana";"Professional";"5000";"13109924"
"13117250";"FC Samartex";"Ghana";"Premier League  du Ghana";"Professional";"7000";"13109924"
"13170342";"Avenir Soliman";"Tunisie";"Ligue 1";"Professional";"2500";"12019164"
"13205625";"Al-Ahli Merowe";"Soudan";"Premier League";"Professional";"0";"36513629"
"13220724";"Abu Salim SC";"Libye";"Premier League";"Professional";"10000";"13208974"
"14020248";"El Linqueño";"Argentine";"Zone Intérieure";"Professional";"5000";"108509"
"14031194";"Atl. Paraná";"Argentine";"4ème division non AFA";"Semi-Professional";"5000";"14037261"
"16001274";"SC Schwaz";"Autriche";"Ligue régionale ouest";"Semi-Professional";"3000";"5607688"
"16075073";"ASKÖ Oedt";"Autriche";"Division régionale centre";"Semi-Professional";"1500";"5607687"
"18104897";"R Stockay S-G s/m";"Belgique";"D1 nationale - ACFF";"Amateur";"1500";"2000370107"
"19382040";"RFC";"Brésil";"3ème Division";"Professional";"46154";"107192"
"20032630";"Saint Louis FC";"États-Unis";"-";"Professional";"6200";"-1"
"20032631";"Tulsa Roughnecks";"États-Unis";"-";"Professional";"7833";"-1"
"20032874";"Charlotte Independence";"États-Unis";"Division 2 de USSL";"Professional";"10500";"20047508"
"20044630";"Reno 1868";"États-Unis";"-";"Professional";"9013";"-1"
"20047503";"Loudoun United";"États-Unis";"Conférence Est";"Professional";"5000";"20033732"
"20047512";"Greenville";"États-Unis";"Division 2 de USSL";"Professional";"16000";"20047508"
"20049710";"San Diego";"États-Unis";"-";"Professional";"6000";"-1"
"23134767";"Lamphun";"Thaïlande";"Ligue 1 de Thaïlande";"Professional";"5169";"5624920"
"23159203";"Shabab Al-Ordon";"Jordanie";"Première division";"Professional";"25000";"5635278"
"23386483";"Newroz";"Irak";"Stars League";"Professional";"12000";"23038303"
"23487243";"WH Three Towns";"Chine";"Super League";"Professional";"60000";"130931"
"34039025";"QD West Coast";"Chine";"Super League";"Professional";"20000";"130931"
"36000499";"Ilioupoli";"Grèce";"Super League 2 Sud";"Professional";"3500";"36086002"
"43076616";"Pianese";"Italie";"Série C/B";"Professional";"1535";"43127173"
"43106513";"Alcione";"Italie";"Série C/A";"Professional";"3523";"43127172"
"43204866";"Biancoscudati Padova";"Italie";"-";"Amateur";"18326";"-1"
"43267658";"Altamura";"Italie";"Série C/C";"Professional";"2468";"43127174"
"45082612";"Central (TRI)";"Trinité-et-Tobago";"Premier League";"Professional";"10000";"82000461"
"47053664";"Riga";"Lettonie";"Tonybet Virsliga";"Professional";"6747";"8403697"
"50039209";"FC Fleury 91";"France";"National";"Semi-Professional";"20770";"18"
"54200130";"Khorfakkan";"E.A.U.";"ADNOC Pro League";"Professional";"6000";"7880000"
"57099588";"Politehnica Timisoara";"Roumanie";"D3 roumaine groupe 7";"Professional";"3000";"57015313"
"57175414";"Minaur Baia Mare";"Roumanie";"D3 roumaine groupe 8";"Professional";"15500";"57015314"
"59036309";"BKMA";"Arménie";"Premier League";"Professional";"1428";"59006196"
"63000893";"Liptovský Mikuláš";"Slovaquie";"2ème Division";"Professional";"2300";"7560277"
"65025773";"City Rovers";"Afrique du Sud";"Div. inférieure NO";"Semi-Professional";"22000";"65010782"
"65034030";"Milford FC";"Afrique du Sud";"1ère Division";"Professional";"14000";"131235"
"67034790";"U. Adarve";"Espagne";"D3 Fédé espagnole Gr7";"Professional";"2000";"2000099917"
"77044579";"Defensor La Bocana";"Pérou";"Coupe du Pérou";"Semi-Professional";"10000";"5290552"
"77044601";"Sport Chavelines";"Pérou";"Coupe du Pérou";"Professional";"8000";"5290552"
"79030602";"General Caballero (JLM)";"Paraguay";"1ère division";"Professional";"10120";"79010950"
"80029240";"Sporting FC (CRC)";"Costa Rica";"D1";"Professional";"1200";"80000563"
"82061133";"Universidad O&M";"Rép. Dominicaine";"Liga Mayor";"Professional";"35000";"82061057"
"82088381";"TLH Rangers";"Trinité-et-Tobago";"Premier League";"Professional";"1500";"82000461"
"82089281";"AC PoS";"Trinité-et-Tobago";"Premier League";"Professional";"27000";"82000461"
"86005820";"Yaracuyanos";"Venezuela";"Deuxième Division";"Professional";"12000";"86000002"
"88000396";"Eastern Suburbs";"Nouvelle-Zélande";"Ligue du Nord";"Amateur";"1000";"432266"
"98003437";"Bavois";"Suisse";"Ligue 1 Promotion";"Semi-Professional";"659";"98027828"
"2000003468";"Ellas Syrou";"Grèce";"Super League 2 Sud";"Professional";"3500";"36086002"
"2000023574";"Colima FC";"Mexique";"Série A Groupe I";"Professional";"15000";"51066838"
"2000032127";"Poltava";"Ukraine";"Championnat d'Ukraine";"Professional";"13305";"5314301"
"2000093060";"TWL Elektra";"Autriche";"Division régionale est";"Semi-Professional";"2500";"136546"
"2000099704";"La Viena";"Égypte";"D2";"Professional";"1000";"12040323"
"2000099734";"Caledonia AIA";"Trinité-et-Tobago";"Premier League";"Professional";"2000";"82000461"
"2000121091";"CS Dinamo Bucuresti";"Roumanie";"D2 roumaine";"Professional";"1600";"150913"
"2000123662";"Equipo Azul F.C.";"Colombie";"3ème Division";"Amateur";"2000";"5260949"
"2000142133";"Makkasa";"Égypte";"D2 B - Groupe 2";"Professional";"20000";"2000468281"
"2000173154";"SL16 FC";"Belgique";"D1 nationale - ACFF";"Professional";"27670";"2000370107"
"2000179563";"Alhama";"Espagne";"Première Division";"Professional";"500";"2000167898"
"2000202851";"PR Sol";"Porto Rico";"-";"Amateur";"11925";"-1"
"2000206712";"Zaragoza";"Espagne";"Troisième division - Gr 2";"Semi-Professional";"1500";"2000302738"
"2000232888";"Wexford";"Irlande";"Premier Division";"Amateur";"2500";"2000232910"
"2000233746";"Peamount Utd";"Irlande";"Premier Division";"Amateur";"400";"2000232910"
"2000233852";"Shelbourne";"Irlande";"Premier Division";"Amateur";"9680";"2000232910"
"2000233861";"S.C. Kiryat-Gat";"Israël";"Premier League";"Semi-Professional";"5625";"2000233862"
"2000252585";"Clermont";"France";"D3 - Groupe B";"Semi-Professional";"17000";"2000278259"
"2000252595";"J. Grande";"Espagne";"D3 - Groupe 3";"Semi-Professional";"400";"2000473694"
"2000252597";"A. Bilbao B";"Espagne";"Troisième division - Gr 1";"Semi-Professional";"400";"2000302735"
"2000252643";"Fyllingsdalen";"Norvège";"Première Division";"Semi-Professional";"3500";"2000178041"
"2000263993";"SC Fortuna Wr. Neustadt";"Autriche";"Niederösterreich";"Semi-Professional";"4500";"16000662"
"2000272895";"Club Sando";"Trinité-et-Tobago";"LFF de TT";"Amateur";"4000";"2000274200"
"2000276282";"Athlone Town";"Irlande";"Premier Division";"Amateur";"5000";"2000232910"
"2000276323";"Ilves";"Finlande";"D1 de Finlande";"Semi-Professional";"8000";"2000338263"
"2000277517";"Fortuna Zivinice";"Bosnie";"Premier League";"Semi-Professional";"6000";"2000209808"
"2000277519";"Iskra (B)";"Bosnie";"Premier League";"Amateur";"11000";"2000209808"
"2000277528";"Primorje";"Slovénie";"Ligue féminine";"Semi-Professional";"700";"2000232806"
"2000277535";"Astra Hungary";"Hongrie";"Lower Division";"Semi-Professional";"2000";"2000343095"
"2000277597";"TNS";"Angleterre";"Adran Premier";"Semi-Professional";"1804";"2000169152"
"2000278555";"CSM Alexandria";"Roumanie";"D2 Série 1";"Amateur";"5500";"2000351337"
"2000280226";"Differdange";"Luxembourg";"Ligue féminine";"Semi-Professional";"6500";"2000233754"
"2000290298";"ShaaX Union";"Chine";"1ère Division";"Professional";"32000";"131126"
"2000293192";"A. Madrid B";"Espagne";"Deuxième Division";"Semi-Professional";"1000";"2000180088"
"2000315993";"Balears";"Espagne";"Troisième division - Gr 2";"Semi-Professional";"1200";"2000302738"
"2000334004";"Østerbro";"Danemark";"Première Division";"Semi-Professional";"400";"2000278359"
"2000338644";"Al-Ittihad";"Arabie saoudite";"Premier League";"Professional";"30180";"2000338506"
"2000338655";"Legia Ladies";"Pologne";"Première Division";"Professional";"500";"2000262380"
"2000339004";"Tacoma Galaxy";"États-Unis";"USSL W League";"Semi-Professional";"0";"2000335881"
"2000339017";"ASEC Mimosas";"Côte d'Ivoire";"D1 de Côte d'Ivoire";"Semi-Professional";"1000";"2000338494"
"2000339419";"EBK";"Finlande";"D1 de Finlande";"Amateur";"800";"2000338263"
"2000339421";"KTP";"Finlande";"D1 de Finlande";"Amateur";"5026";"2000338263"
"2000339425";"HJK Akatemia";"Finlande";"D1 de Finlande";"Semi-Professional";"10770";"2000338263"
"2000339432";"VIFK";"Finlande";"Première division";"Semi-Professional";"5453";"2000173687"
"2000342940";"Carabobo";"Venezuela";"SLF du Venezuela";"Professional";"10400";"2000338486"
"2000344565";"Academia Puerto Cabello";"Venezuela";"SLF du Venezuela";"Professional";"7500";"2000338486"
"2000347896";"Santiago de Cuba";"Cuba";"Liga Nacional";"Amateur";"0";"2000274188"
"2000355469";"Cavalier";"Jamaïque";"PLF de Jamaïque";"Amateur";"5000";"2000343082"
"2000358377";"Odisha";"Inde";"India Lower Division";"Semi-Professional";"15000";"2000464829"
"2000359315";"Edo Queens";"Nigeria";"Première Division B";"Semi-Professional";"19000";"2000350537"
"2000359718";"Royal Queens";"Nigeria";"Première Division A";"Semi-Professional";"20000";"2000350536"
"2000361147";"Lokomotiv T.";"Ouzbékistan";"Ligue fém. d'Ouzbékistan";"Semi-Professional";"0";"2000338398"
"2000365286";"Audax";"Chili";"Première Division";"Professional";"150";"2000338390"
"2000365294";"Everton";"Chili";"Première Division";"Professional";"19173";"2000338390"
"2000367409";"Real Bedford";"Angleterre";"National Premier South";"Semi-Professional";"1000";"2000163438"
"2000373231";"Obolon";"Ukraine";"Deuxième division";"Semi-Professional";"0";"2000277894"
"2000383185";"FC Midtjylland";"Danemark";"A-Liga";"Semi-Professional";"12152";"2000168609"
"2000383409";"Buntentor";"Allemagne";"Regionalliga Nord";"Semi-Professional";"2000";"2000469344"
"2000392115";"Spoho Köln";"Allemagne";"Regionalliga Ouest";"Semi-Professional";"1000";"2000469347"
"2000434513";"Evita";"Suriname";"Vrouwen Divisie du Surina";"Amateur";"750";"2000274179"
"2000434698";"Bishkek City";"Kirghizistan";"Division Supérieure";"Professional";"300";"59005735"
"2000471298";"Venezia";"Italie";"Deuxième Division";"Semi-Professional";"500";"2000184919"
"2000471301";"Trastevere";"Italie";"Deuxième Division";"Semi-Professional";"1213";"2000184919"
"2000471473";"FCK";"Danemark";"Première Division";"Semi-Professional";"10000";"2000278359"
"2000474931";"Frosinone";"Italie";"Deuxième Division";"Semi-Professional";"3000";"2000184919"
"2000477988";"Vicenza";"Italie";"Deuxième Division";"Semi-Professional";"500";"2000184919"
"2000491864";"PAS Pyrgos";"Grèce";"Division C Groupe 4";"Semi-Professional";"6750";"36087246"
"189";"Diegem Sport";"Belgique";"D1 nationale - VV";"Amateur";"4000";"2000370106"
"552";"Skive IK";"Danemark";"CampoBet 2. Division";"Semi-Professional";"10000";"8"
"661";"Hartlepool Utd";"Angleterre";"Enterprise National";"Professional";"7856";"109201"
"707";"Scunthorpe";"Angleterre";"Enterprise National";"Professional";"9187";"109201"
"1144";"Lucchese";"Italie";"Eccellenza Toscana Grp.A";"Semi-Professional";"12800";"43064541"
"1169";"Savoia";"Italie";"Série D Grp.I";"Semi-Professional";"10750";"1400408"
"1279";"Crusaders";"Irlande du Nord";"NIFL Premiership";"Semi-Professional";"3208";"130023"
"1370";"Pors Grenland";"Norvège";"2ème Division G1";"Semi-Professional";"3750";"1300603"
"1416";"Vard-Haugesund";"Norvège";"2ème Division G1";"Semi-Professional";"1500";"1300603"
"1792";"Gefle IF";"Suède";"1ère Division Nord";"Professional";"6400";"8114888"
"2213";"Ospitaletto";"Italie";"Série C/A";"Professional";"3000";"43127172"
"107354";"Tottori";"Japon";"J3 League";"Professional";"16033";"791180"
"115039";"Rentistas";"Uruguay";"2ème division pro";"Professional";"6272";"5512771"
"121205";"Pirmasens";"Allemagne";"Sud-Est";"Semi-Professional";"10000";"8700004"
"126423";"Solin";"Croatie";"3ème Division";"Semi-Professional";"2500";"145436"
"130041";"Hawke's Bay";"Nouvelle-Zélande";"-";"Semi-Professional";"3000";"-1"
"135435";"Emirates";"E.A.U.";"1ère Division A";"Professional";"4830";"7880028"
"135531";"Barito Putera";"Indonésie";"Championnat Groupe 2";"Professional";"10000";"41042742"
"311107";"Nova Iguaçu";"Brésil";"D4";"Professional";"4000";"19127222"
"432316";"Birkenhead";"Nouvelle-Zélande";"Ligue du Nord";"Amateur";"1000";"432266"
"477540";"Textilschik Ivanovo";"Russie";"Division 2 A Or";"Professional";"9565";"2000272298"
"514129";"JäPS";"Finlande";"Champ. de D1";"Semi-Professional";"2000";"2000228209"
"661027";"Dugopolje";"Croatie";"2ème Division";"Professional";"5200";"129646"
"775154";"Hachinohe";"Japon";"J3 League";"Professional";"5200";"791180"
"814907";"Ebro";"Espagne";"D2 Fédé espagnole Gr2";"Professional";"400";"2000099904"
"831114";"Bra";"Italie";"Série C/B";"Professional";"830";"43127173"
"831168";"Seregno";"Italie";"Eccellenza Lombardia 2";"Semi-Professional";"5000";"43064531"
"831197";"Legnago";"Italie";"Série D Grp.C";"Semi-Professional";"2152";"1400402"
"879398";"Kiel II";"Allemagne";"Schleswig-Holstein";"Professional";"1000";"35024476"
"879459";"VfV 06 Hildesheim";"Allemagne";"Division de Saxe";"Semi-Professional";"10000";"35102297"
"879594";"Lichtenberg";"Allemagne";"Nord-Est (N)";"Semi-Professional";"9900";"8700008"
"879629";"Luckenwalde";"Allemagne";"Div. régionale Nord-est";"Semi-Professional";"3000";"91107110"
"880371";"Aubstadt";"Allemagne";"Div. régionale Sud-ouest";"Semi-Professional";"3000";"91107111"
"880425";"Schalding";"Allemagne";"Bavière sud";"Semi-Professional";"2500";"91109040"
"880465";"Rain/Lech";"Allemagne";"Div inf. d'Allemagne";"Semi-Professional";"3000";"8700660"
"1300345";"NSÍ";"Féroé";"Premiership";"Semi-Professional";"1230";"8300358"
"1301256";"Karsiyaka";"Turquie";"3ème division Grp 4";"Professional";"12285";"70043165"
"3101512";"L.N. Alem";"Argentine";"4ème division AFA";"Professional";"2000";"14037258"
"4212261";"Las Palmas B";"Espagne";"D2 Fédé espagnole Gr5";"Professional";"1600";"2000099907"
"5512779";"Plaza Colonia";"Uruguay";"1ère Division";"Professional";"2096";"5512770"
"5603912";"SC Kalsdorf";"Autriche";"Division régionale centre";"Semi-Professional";"3000";"5607687"
"5606540";"FC Gleisdorf 09";"Autriche";"Division régionale centre";"Semi-Professional";"2000";"5607687"
"5610004";"SR Donaufeld";"Autriche";"Division régionale est";"Semi-Professional";"4000";"136546"
"5637856";"Chiangmai";"Thaïlande";"D3 Nord";"Professional";"1500";"2000038391"
"5660005";"La Piedad";"Mexique";"Série A Groupe I";"Professional";"17000";"51066838"
"5725060";"Köniz";"Suisse";"Ligue 2 Inter Gr 2";"Semi-Professional";"2150";"98005770"
"5742987";"Javor";"Serbie";"Super League";"Professional";"2057";"132321"
"7500917";"Vihren";"Bulgarie";"Championnat B";"Professional";"6000";"7500118"
"7880052";"Dibba FC";"E.A.U.";"ADNOC Pro League";"Professional";"7000";"7880000"
"8150356";"SV Belisia Bilzen";"Belgique";"D1 nationale - VV";"Amateur";"2500";"2000370106"
"16008951";"SK Bischofshofen";"Autriche";"Ligue régionale ouest";"Semi-Professional";"2000";"5607688"
"16009247";"Union Mauer";"Autriche";"Division régionale est";"Semi-Professional";"1500";"136546"
"22033716";"Spartak Pleven";"Bulgarie";"Championnat B";"Professional";"21000";"7500118"
"22085455";"CSKA 1948 II";"Bulgarie";"-";"Professional";"1500";"-1"
"23383537";"Amanat Baghdad";"Irak";"Stars League";"Professional";"5000";"23038303"
"40026654";"Chennai";"Inde";"Division nationale";"Professional";"40000";"40026565"
"40038102";"Odisha";"Inde";"Division nationale";"Professional";"15000";"40026565"
"43065077";"Matera";"Italie";"-";"Semi-Professional";"7490";"-1"
"43204832";"Montevarchi";"Italie";"Série D Grp.E";"Semi-Professional";"3200";"1400404"
"53090075";"Lysekloster";"Norvège";"2ème Division G1";"Semi-Professional";"1000";"1300603"
"57170885";"SCM Râmnicu Vâlcea";"Roumanie";"D3 roumaine groupe 6";"Semi-Professional";"12000";"57015182"
"66039783";"Ansan";"Corée du Sud";"K League 2";"Professional";"35008";"66029602"
"67041048";"La Nucía";"Espagne";"D3 Fédé espagnole Gr6";"Professional";"2100";"2000099916"
"67121454";"Lorca F.C.";"Espagne";"-";"Semi-Professional";"8120";"-1"
"70002930";"Karacabey Bld.";"Turquie";"2. League G1";"Professional";"1500";"463485"
"70078180";"Karaman FK";"Turquie";"2. League G1";"Professional";"12586";"463485"
"86013260";"A.B.B.";"Bolivie";"Première Division";"Professional";"25000";"86000000"
"2000012567";"Auckland United";"Nouvelle-Zélande";"Ligue du Nord";"Amateur";"3675";"432266"
"2000111884";"Dolomiti Bellunesi";"Italie";"Série C/A";"Professional";"1747";"43127172"
"2000158764";"Leeds";"Angleterre";"D1 nat. fém Nord";"Semi-Professional";"3000";"2000168702"
"2000195268";"AFC Câmpulung - Muscel";"Roumanie";"D2 roumaine";"Professional";"10000";"150913"
"2000252629";"Gamla Upsala SK";"Suède";"Elitettan";"Semi-Professional";"1000";"2000230565"
"2000267295";"OShMU";"Kirghizistan";"Division Supérieure";"Professional";"12500";"59005735"
"2000273450";"Fratria";"Bulgarie";"Championnat B";"Professional";"3500";"7500118"
"2000292983";"Madrid FC B";"Espagne";"Troisième division - Gr 1";"Semi-Professional";"2500";"2000302735"
"2000315648";"Abingdon Utd";"Angleterre";"D1 nat. fém SO";"Amateur";"2000";"2000168705"
"2000317233";"La Guaira";"Venezuela";"SLF du Venezuela";"Professional";"1875";"2000338486"
"2000339295";"Fortaleza";"Brésil";"National Lower Division";"Professional";"500";"2000338891"
"2000358738";"Žalgiris";"Lituanie";"Ligue A";"Semi-Professional";"500";"2000232685"
"2000358747";"Bob SS";"Rép. Dominicaine";"Liga Femenina";"Amateur";"3200";"2000359528"
"2000384267";"Guidonia Montecelio";"Italie";"Série C/B";"Professional";"2900";"43127173"
"178";"Berchem Sport";"Belgique";"Deuxième division BVV";"Amateur";"13607";"18097862"
"687";"Morecambe";"Angleterre";"Enterprise National";"Professional";"6476";"109201"
"743";"Yeovil";"Angleterre";"Enterprise National";"Professional";"9565";"109201"
"1088";"Hapoel Rishon LeZion";"Israël";"Championnat Leumit";"Professional";"6000";"7860001"
"1151";"Nocerina";"Italie";"Série D Grp.G";"Semi-Professional";"15000";"1400406"
"1176";"Treviso";"Italie";"Série D Grp.C";"Semi-Professional";"9996";"1400402"
"1210";"Eschen/Mauren";"Liechtenstein";"1ère Ligue - Groupe 3";"Semi-Professional";"2050";"5724966"
"1278";"Coleraine";"Irlande du Nord";"NIFL Premiership";"Professional";"4843";"130023"
"1924";"Rampla Juniors";"Uruguay";"2ème division pro";"Professional";"6929";"5512771"
"1949";"Zemun";"Serbie";"D1 serbe";"Professional";"10000";"5776050"
"2098";"Mallorca B";"Espagne";"D3 Fédé espagnole Gr11";"Professional";"2000";"2000099921"
"2423";"Gondomar";"Portugal";"Première division Porto d";"Professional";"2500";"83141244"
"105613";"Bulle";"Suisse";"Ligue 1 Promotion";"Semi-Professional";"5150";"98027828"
"109005";"Avilés";"Espagne";"D1A Fédération espagnole";"Professional";"5200";"2000048844"
"123007";"Sydney Utd";"Australie";"NPL NSW";"Semi-Professional";"12000";"130185"
"135434";"Hatta";"E.A.U.";"1ère Division A";"Professional";"5141";"7880028"
"135512";"Persiraja";"Indonésie";"Championnat Groupe 1";"Professional";"7000";"41042741"
"137974";"FC Kufstein";"Autriche";"Ligue régionale ouest";"Semi-Professional";"5000";"5607688"
"137981";"VfB Hohenems";"Autriche";"Ligue régionale ouest";"Semi-Professional";"2800";"5607688"
"301284";"ECS";"Brésil";"D4";"Professional";"16000";"19127222"
"476286";"Mashuk";"Russie";"Division 2 A Or";"Professional";"10300";"2000272298"
"755788";"Follo";"Norvège";"2ème Division G2";"Semi-Professional";"4100";"1300604"
"766164";"Fløy";"Norvège";"2ème Division G1";"Semi-Professional";"4000";"1300603"
"775160";"Sanuki";"Japon";"J3 League";"Professional";"30099";"791180"
"775364";"Hosei Univ.";"Japon";"-";"Amateur";"1000";"-1"
"877165";"Greuther Fürth II";"Allemagne";"Div. régionale Sud-ouest";"Professional";"3000";"91107111"
"877206";"Lippstadt";"Allemagne";"Westphalie";"Semi-Professional";"3500";"8700005"
"1300271";"Deryneia";"Chypre";"Division 3";"Semi-Professional";"1850";"26031734"
"1300665";"H. Kfar-Saba";"Israël";"Championnat Leumit";"Professional";"5800";"7860001"
"1413262";"Sestri Levante";"Italie";"Série D Grp.A";"Semi-Professional";"1614";"1400400"
"3602398";"Bonn";"Allemagne";"Division Régionale Ouest";"Semi-Professional";"10164";"35010927"
"4212118";"Sant Andreu";"Espagne";"D2 Fédé espagnole Gr3";"Professional";"6563";"2000099905"
"4212292";"Ourense";"Espagne";"D1A Fédération espagnole";"Professional";"5659";"2000048844"
"4212395";"Europa";"Espagne";"D1B Fédération espagnole";"Professional";"4000";"2000048846"
"5410637";"Nafta";"Slovénie";"2ème Division";"Professional";"2000";"7580001"
"5512337";"Fénix";"Uruguay";"2ème division pro";"Professional";"5100";"5512771"
"5606746";"SV Allerheiligen";"Autriche";"Styrian LL";"Semi-Professional";"2500";"16000659"
"5607680";"SC Neusiedl/See";"Autriche";"Division régionale est";"Semi-Professional";"3000";"136546"
"6002590";"Nordhausen";"Allemagne";"Div inf. d'Allemagne";"Semi-Professional";"8088";"8700660"
"7741454";"Persela";"Indonésie";"Championnat Groupe 2";"Professional";"12097";"41042742"
"7983747";"Recanatese";"Italie";"Série D Grp.F";"Semi-Professional";"1500";"1400405"
"8056961";"Neftchi";"Kirghizistan";"Division Supérieure";"Professional";"5000";"59005735"
"8704659";"Wegberg-Beeck";"Allemagne";"Rhin moyen";"Semi-Professional";"5000";"91109042"
"12025691";"Berekum Chelsea";"Ghana";"Premier League  du Ghana";"Professional";"5000";"13109924"
"12081263";"AS Douanes (BFA)";"Burkina Faso";"Première division";"Professional";"15000";"13211662"
"13132453";"Don Bosco";"R.D. Congo";"Linafoot A";"Professional";"18500";"2000278442"
"14064721";"San Lorenzo de Alem";"Argentine";"4ème division non AFA";"Semi-Professional";"27000";"14037261"
"16001172";"Union Vöcklamarkt";"Autriche";"Oberösterreich";"Semi-Professional";"2700";"16000663"
"16001238";"USK Anif";"Autriche";"Ligue de Salzbourg";"Semi-Professional";"2500";"16057919"
"16009248";"SC Wiener Viktoria";"Autriche";"Division régionale est";"Semi-Professional";"1500";"136546"
"16325687";"SPG Wallern/St.Marienkir.";"Autriche";"Division régionale centre";"Semi-Professional";"1500";"5607687"
"18023010";"RSC Habay-La-Neuve";"Belgique";"D1 nationale - ACFF";"Amateur";"1000";"2000370107"
"23000082";"Sepidroud";"Iran";"D2 groupe 1";"Semi-Professional";"30000";"23090671"
"23210148";"Western Springs";"Nouvelle-Zélande";"Ligue du Nord";"Amateur";"2000";"432266"
"24059190";"Jarun";"Croatie";"2ème Division";"Professional";"800";"129646"
"40026578";"Guwahati";"Inde";"Division nationale";"Professional";"25000";"40026565"
"45021696";"Club Sando";"Trinité-et-Tobago";"Premier League";"Semi-Professional";"10000";"82000461"
"47024031";"RFS";"Lettonie";"Tonybet Virsliga";"Professional";"1700";"8403697"
"47045688";"Shkupi";"Macédoine du N.";"Ligue 1";"Professional";"6000";"8401070"
"49038573";"Accra Lions FC";"Ghana";"Division 1 - Zone 3";"Professional";"40000";"13219625"
"50060578";"FC Bastia-Borgo";"France";"-";"Semi-Professional";"2000";"-1"
"59074490";"Eskhata";"Tadjikistan";"Division Supérieure";"Professional";"35000";"59007964"
"67128589";"Olot";"Espagne";"D2 Fédé espagnole Gr3";"Professional";"4000";"2000099905"
"67248767";"At. Madrileño";"Espagne";"-";"Semi-Professional";"2700";"-1"
"70061794";"Diyarbekir Spor";"Turquie";"3ème division Grp 2";"Professional";"30480";"70043163"
"85066817";"FC Chambly";"France";"National 2 - Groupe B";"Semi-Professional";"4550";"914522"
"97208564";"Kanchanaburi Power";"Thaïlande";"Ligue 1 de Thaïlande";"Professional";"600";"5624920"
"2000032541";"Rodina-2";"Russie";"Division 2 A Argent";"Professional";"5100";"2000272300"
"2000118431";"HNK Tomislav";"Bosnie";"L1 de BiH";"Professional";"2000";"8407370"
"2000208932";"CQ TL Loong";"Chine";"1ère Division";"Professional";"20400";"131126"
"2000274140";"SK Roeselare";"Belgique";"D1 nationale - VV";"Amateur";"8950";"2000370106"
"2000277948";"Pontypridd Utd";"Pays de Galles";"Adran Premier";"Semi-Professional";"3000";"2000169152"
"2000314938";"Sport";"Brésil";"D2 nationale";"Professional";"31520";"2000314936"
"2000319258";"Solution F.C";"Nigeria";"Deuxième Division B";"Semi-Professional";"3000";"2000254982"
"2000319417";"YN Yukun";"Chine";"Super League";"Professional";"15000";"130931"
"2000339584";"Itacoatiara";"Brésil";"D2 nationale";"Professional";"2710";"2000314936"
"2000440690";"SV Werder Bremen II";"Allemagne";"Regionalliga Nord";"Semi-Professional";"5000";"2000469344"
"2000468864";"SC Sand II";"Allemagne";"Regionalliga Süd";"Semi-Professional";"2000";"2000469362"
"204";"R Cappellen FC";"Belgique";"Deuxième division BVV";"Amateur";"3506";"18097862"
"255";"KRC Gent";"Belgique";"Deuxième division VV A";"Amateur";"4000";"18097860"
"562";"Thisted FC";"Danemark";"CampoBet 2. Division";"Semi-Professional";"4000";"8"
"739";"Woking";"Angleterre";"Enterprise National";"Professional";"6036";"109201"
"1274";"Ballymena United";"Irlande du Nord";"NIFL Premiership";"Semi-Professional";"3824";"130023"
"1401";"Strindheim";"Norvège";"2ème Division G2";"Semi-Professional";"2500";"1300604"
"1917";"Cerro";"Uruguay";"1ère Division";"Professional";"18850";"5512770"
"1923";"Progreso";"Uruguay";"1ère Division";"Professional";"5675";"5512770"
"2180";"Skövde AIK";"Suède";"1ère Division Sud";"Professional";"4000";"8114887"
"2479";"O Elvas";"Portugal";"Championnat National - D";"Professional";"15000";"55065661"
"107220";"MAD";"Brésil";"Division inférieure";"Professional";"5000";"19102111"
"108981";"Sanremese";"Italie";"Série D Grp.A";"Semi-Professional";"4000";"1400400"
"109011";"G. Torrelavega";"Espagne";"D3 Fédé espagnole Gr3";"Professional";"6007";"2000099913"
"122994";"Melbourne Knights";"Australie";"NPL Victoria";"Semi-Professional";"15000";"130188"
"123005";"Sydney Olympic";"Australie";"NPL NSW";"Semi-Professional";"25000";"130185"
"129185";"SalPa";"Finlande";"Champ. de D1";"Semi-Professional";"1400";"2000228209"
"129190";"JIPPO";"Finlande";"Champ. de D1";"Semi-Professional";"3000";"2000228209"
"130340";"Düzcespor";"Turquie";"3ème division Grp 3";"Professional";"5050";"70043164"
"130351";"Nazillispor";"Turquie";"3ème division Grp 4";"Professional";"5000";"70043165"
"130836";"SV Wörgl";"Autriche";"Ligue régionale Tyrol d'A";"Semi-Professional";"3500";"16302524"
"137905";"Vevey-Sports";"Suisse";"Ligue 1 Promotion";"Semi-Professional";"550";"98027828"
"137918";"YF Juventus";"Suisse";"1ère Ligue - Groupe 3";"Semi-Professional";"800";"5724966"
"137968";"ASK Voitsberg";"Autriche";"Division régionale centre";"Professional";"2700";"5607687"
"144839";"Mes Kerman";"Iran";"Ligue Azadegan";"Professional";"30000";"1018790"
"401748";"Sutjeska";"Monténégro";"Premiership";"Professional";"5214";"5745020"
"454194";"Ankara D.S.";"Turquie";"2. League G2";"Professional";"1500";"463486"
"510222";"MP";"Finlande";"1ère Division";"Semi-Professional";"7000";"129131"
"702170";"Fasano";"Italie";"Série D Grp.H";"Semi-Professional";"4900";"1400407"
"729461";"Fabril Barreiro";"Portugal";"Première division Setúbal";"Semi-Professional";"22500";"83141257"
"792341";"Kochi";"Japon";"J3 League";"Professional";"29031";"791180"
"801870";"Kvik Halden";"Norvège";"3ème division Groupe 6";"Semi-Professional";"4000";"53057346"
"814092";"Levante B";"Espagne";"D3 Fédé espagnole Gr6";"Professional";"2500";"2000099916"
"814968";"Guadalajara";"Espagne";"D1A Fédération espagnole";"Professional";"6000";"2000048844"
"832138";"Brindisi";"Italie";"Eccellenza Puglia";"Semi-Professional";"7370";"43064537"
"879625";"Fürstenwalde";"Allemagne";"Div inf. d'Allemagne";"Semi-Professional";"8000";"8700660"
"930105";"Brabrand IF";"Danemark";"CampoBet 2. Division";"Semi-Professional";"1500";"8"
"955216";"Talleres (Perico)";"Argentine";"4ème division non AFA";"Semi-Professional";"6000";"14037261"
"1300027";"KS Kastrioti";"Albanie";"Kategoria 1";"Professional";"3000";"8351372"
"1300640";"Grindavík";"Islande";"1ère Division";"Semi-Professional";"1750";"7840133"
"1503260";"Real San Sebastián C";"Espagne";"D3 Fédé espagnole Gr4";"Professional";"2500";"2000099914"
"5290630";"Atlético Torino";"Pérou";"Coupe du Pérou";"Professional";"8000";"5290552"
"5340982";"Al-Ahli Khartoum";"Soudan";"Premier League";"Professional";"23000";"36513629"
"5341597";"Al-Akhdar SC";"Libye";"Premier League";"Professional";"5000";"13208974"
"5605768";"FC Lauterach";"Autriche";"Ligue régionale ouest";"Semi-Professional";"1000";"5607688"
"5606749";"SC Weiz";"Autriche";"Division régionale centre";"Semi-Professional";"3000";"5607687"
"5622747";"PSS";"Indonésie";"Championnat Groupe 2";"Professional";"20594";"41042742"
"5661085";"Autlán";"Mexique";"Série A Groupe I";"Semi-Professional";"0";"51066838"
"5747925";"Leotar";"Bosnie";"D1 RS";"Professional";"8550";"8407360"
"6703397";"Utebo";"Espagne";"D2 Fédé espagnole Gr2";"Professional";"5000";"2000099904"
"7842686";"Víkingur Ó.";"Islande";"Deuxième division";"Semi-Professional";"1300";"39030708"
"8152546";"RES Acrenoise Lessines";"Belgique";"Deuxième division ACFF";"Amateur";"2300";"18097863"
"8350953";"KF Egnatia";"Albanie";"Superligue";"Professional";"4000";"8350942"
"8627126";"Al-Olympic SC";"Libye";"Premier League";"Professional";"1000";"13208974"
"13130400";"Vipers SC";"Ouganda";"Premier League";"Professional";"2000";"39037297"
"13201698";"Abia Comets";"Nigeria";"Deuxième division A";"Semi-Professional";"5000";"2000254981"
"15006665";"Lions FC";"Australie";"NPL Queensland";"Semi-Professional";"3000";"15041771"
"16000158";"SV Grödig";"Autriche";"Ligue de Salzbourg";"Semi-Professional";"4330";"16057919"
"16001071";"Deutschlandsberger SC";"Autriche";"Division régionale centre";"Semi-Professional";"3500";"5607687"
"16001277";"SV Telfs";"Autriche";"Ligue régionale Tyrol d'A";"Semi-Professional";"1500";"16302524"
"16010448";"Union Gurten";"Autriche";"Division régionale centre";"Semi-Professional";"2000";"5607687"
"16010470";"SV Wals-Grünau";"Autriche";"Ligue régionale ouest";"Semi-Professional";"3000";"5607688"
"16275157";"FC Mauerwerk";"Autriche";"-";"Semi-Professional";"2000";"-1"
"23007412";"Pantoja";"Rép. Dominicaine";"Liga Mayor";"Professional";"35000";"82061057"
"24005249";"Kustošija";"Croatie";"3ème Division";"Semi-Professional";"2550";"145436"
"24059986";"Zrinski Osjecko 1664";"Croatie";"Comté croate de Osijek (1";"Semi-Professional";"300";"24000271"
"35116217";"Altglienicke";"Allemagne";"Div. régionale Nord-est";"Semi-Professional";"8000";"91107110"
"39001207";"Grótta";"Islande";"Deuxième division";"Semi-Professional";"1275";"39030708"
"40035484";"Jamshedpur";"Inde";"Division nationale";"Professional";"40000";"40026565"
"41001022";"PSBS";"Indonésie";"Super League";"Professional";"20594";"41004312"
"43012492";"Gelbison";"Italie";"Série D Grp.I";"Semi-Professional";"2500";"1400408"
"43092865";"Clodiense";"Italie";"Série D Grp.C";"Semi-Professional";"3622";"1400402"
"57142845";"Unirea Alba Iulia";"Roumanie";"D3 roumaine groupe 7";"Professional";"18000";"57015313"
"57207780";"SCM Zalau";"Roumanie";"D3 roumaine groupe 8";"Professional";"3000";"57015314"
"59125870";"Barqchi";"Tadjikistan";"Division Supérieure";"Professional";"20000";"59007964"
"67182750";"El Ejido";"Espagne";"-";"Professional";"7870";"-1"
"70043025";"Usak Spor";"Turquie";"3ème division Grp 4";"Professional";"6094";"70043165"
"70081711";"Erbaaspor";"Turquie";"2. League G1";"Professional";"8000";"463485"
"84107058";"Valadares Gaia";"Portugal";"Division d'élite 2 Porto";"Amateur";"1000";"83208756"
"91016562";"Weiche";"Allemagne";"Division Rég. Nord";"Professional";"4000";"26"
"98000289";"Black Stars";"Suisse";"1ère Ligue - Groupe 2";"Semi-Professional";"1200";"5724965"
"2000022955";"SG Traiskirchen/Tribusw.";"Autriche";"-";"Semi-Professional";"3000";"-1"
"2000038191";"Talant";"Kirghizistan";"Division Supérieure";"Professional";"2563";"59005735"
"2000178535";"Naranja Mekánica";"Équateur";"Segunda Categoría de Guay";"Semi-Professional";"3500";"2000100872"
"2000198662";"Solothurn";"Suisse";"Deuxième Division";"Semi-Professional";"6300";"2000276269"
"2000211215";"S. Gijón";"Espagne";"Troisième division - Gr 1";"Semi-Professional";"1000";"2000302735"
"2000230776";"Honka";"Finlande";"D1 de Finlande";"Amateur";"4500";"2000338263"
"2000276330";"TPS";"Finlande";"D1 de Finlande";"Amateur";"8472";"2000338263"
"2000281022";"Livingston";"Écosse";"Premier League 2";"Semi-Professional";"9713";"2000252813"
"2000314664";"Briton Ferry";"Pays de Galles";"Adran Premier";"Semi-Professional";"2300";"2000169152"
"2000314890";"Wil";"Suisse";"Deuxième Division";"Semi-Professional";"6048";"2000276269"
"2000315915";"Biel-Bienne";"Suisse";"Lower Division";"Amateur";"5200";"2000345088"
"2000315992";"Real San Sebastián B";"Espagne";"Troisième division - Gr 1";"Semi-Professional";"300";"2000302735"
"2000333828";"Sandvikens IF";"Suède";"Première division - Nord";"Amateur";"7000";"2000327935"
"2000337832";"Enskede IK";"Suède";"Première div. - Centre";"Semi-Professional";"2000";"2000327938"
"2000338023";"Helsingborgs IF";"Suède";"Première division - Sud";"Amateur";"16000";"2000327937"
"2000339423";"FC Lahti";"Finlande";"D1 de Finlande";"Amateur";"3200";"2000338263"
"2000339591";"Mixto";"Brésil";"Première division";"Professional";"4500";"2000314935"
"2000378891";"Always Ready";"Bolivie";"Champ. féminin de Bolivie";"Amateur";"0";"2000338490"
"2000378897";"Deportivo Ita";"Bolivie";"Champ. féminin de Bolivie";"Amateur";"0";"2000338490"
"350";"Loko Gorna";"Bulgarie";"Championnat B";"Professional";"11300";"7500118"
"1063";"Pécs";"Hongrie";"Division III - Sud-Ouest";"Professional";"7000";"2000270611"
"1102";"Alessandria";"Italie";"Eccellenza Piemonte 2";"Semi-Professional";"5769";"43064536"
"1226";"Jeunesse Esch";"Luxembourg";"Division Nationale";"Semi-Professional";"4000";"5340000"
"1235";"Pelister";"Macédoine du N.";"Ligue 1";"Professional";"10000";"8401070"
"121173";"Lüneburg";"Allemagne";"Division de Saxe";"Semi-Professional";"4000";"35102297"
"130378";"Yeni Malatyaspor";"Turquie";"2. League G2";"Professional";"25745";"463486"
"135328";"Al-Suwaiq";"Oman";"Deuxième division";"Professional";"19000";"64043172"
"135432";"Al-Fujairah";"E.A.U.";"1ère Division A";"Professional";"5000";"7880028"
"135491";"PSMS";"Indonésie";"Championnat Groupe 1";"Professional";"20000";"41042741"
"137908";"Naters Oberwallis";"Suisse";"1ère Ligue - Groupe 1";"Semi-Professional";"3000";"5724964"
"137911";"Echallens";"Suisse";"1ère Ligue - Groupe 1";"Semi-Professional";"1750";"5724964"
"137922";"Münsingen";"Suisse";"1ère Ligue - Groupe 2";"Semi-Professional";"2200";"5724965"
"301251";"Portuguesa (RJ)";"Brésil";"Division inférieure";"Professional";"16000";"19102111"
"483870";"Valmiera";"Lettonie";"Ligue 2 Groupe A";"Professional";"1232";"2000182611"
"814834";"C.D. Coria";"Espagne";"D2 Fédé espagnole Gr5";"Professional";"1200";"2000099907"
"814909";"Ejea";"Espagne";"D2 Fédé espagnole Gr2";"Professional";"2249";"2000099904"
"877240";"Altona 93";"Allemagne";"Division Rég. Nord";"Semi-Professional";"8000";"26"
"880467";"Rosenheim";"Allemagne";"Div inf. d'Allemagne";"Semi-Professional";"6000";"8700660"
"1032764";"Al-Markhiya";"Qatar";"D2 du Qatar";"Professional";"13000";"5632158"
"1300203";"Minyor Pernik";"Bulgarie";"Championnat B";"Professional";"8000";"7500118"
"1300241";"Hr. Dragovoljac";"Croatie";"3ème Division";"Semi-Professional";"4500";"145436"
"4212115";"Orihuela";"Espagne";"D2 Fédé espagnole Gr5";"Professional";"3200";"2000099907"
"5410013";"Ranchers Bees";"Nigeria";"Deuxième division D";"Semi-Professional";"16000";"2000254984"
"5602987";"Seekirchen";"Autriche";"Ligue régionale ouest";"Semi-Professional";"2000";"5607688"
"5602990";"Salzburger AK 1914";"Autriche";"Ligue de Salzbourg";"Semi-Professional";"3000";"16057919"
"5603776";"SC Retz";"Autriche";"Division régionale est";"Semi-Professional";"2000";"136546"
"5604939";"SV Donau";"Autriche";"Division régionale est";"Semi-Professional";"2000";"136546"
"5606074";"FavAC";"Autriche";"Division régionale est";"Semi-Professional";"3500";"136546"
"7446373";"Almería B";"Espagne";"D2 Fédé espagnole Gr4";"Professional";"450";"2000099906"
"7446432";"Mutilvera";"Espagne";"D2 Fédé espagnole Gr2";"Professional";"2500";"2000099904"
"7580709";"Brinje Grosuplje";"Slovénie";"2ème Division";"Professional";"692";"7580001"
"7860424";"H. Ra'anana";"Israël";"Championnat Leumit";"Professional";"42059";"7860001"
"7983718";"Rende";"Italie";"Promozione Calabria Grp.A";"Amateur";"4500";"43104617"
"8700455";"Alzenau";"Allemagne";"Division Rég. Sud";"Semi-Professional";"3500";"27"
"14037344";"Kimberley";"Argentine";"Zone Intérieure";"Professional";"1500";"108509"
"16001270";"FC Kitzbühel";"Autriche";"Ligue régionale ouest";"Semi-Professional";"2500";"5607688"
"16008946";"SC Röthis";"Autriche";"Eliteleague Vorarlberg d'";"Semi-Professional";"2000";"16302523"
"16008954";"SV Wildon";"Autriche";"Styrian LL";"Semi-Professional";"2500";"16000659"
"16057138";"SVG Reichenau";"Autriche";"Ligue régionale ouest";"Semi-Professional";"2000";"5607688"
"18080603";"RUS Rebecq";"Belgique";"Provinciale Brabant (Wal)";"Amateur";"500";"8154769"
"22067423";"Chernomorets Burgas";"Bulgarie";"Championnat B";"Professional";"8000";"7500118"
"23340823";"Nantong";"Chine";"1ère Division";"Professional";"20000";"131126"
"25004990";"Blansko";"Rép. tchèque";"3ème Division tchèque";"Semi-Professional";"3500";"136042"
"27155310";"Ishøj IF";"Danemark";"CampoBet 2. Division";"Semi-Professional";"1000";"8"
"42102908";"Hapoel Nof HaGalil";"Israël";"Championnat Leumit";"Professional";"5200";"7860001"
"43157306";"Sicula Leonzio";"Italie";"-";"Semi-Professional";"3500";"-1"
"58098003";"Spartak M-2";"Russie";"Division 2 B - Groupe 2";"Professional";"3077";"2000272303"
"67179923";"Minera";"Espagne";"D2 Fédé espagnole Gr4";"Professional";"2000";"2000099906"
"69002643";"Old Boys";"Suisse";"1ère Ligue - Groupe 2";"Semi-Professional";"12000";"5724965"
"70078189";"Orduspor 1967";"Turquie";"3ème division Grp 3";"Professional";"16768";"70043164"
"70081334";"Beyoglu Yeni Çarsi";"Turquie";"2. League G1";"Professional";"3200";"463485"
"70081535";"Somaspor";"Turquie";"2. League G2";"Professional";"3500";"463486"
"70081625";"52 Orduspor FK";"Turquie";"3ème division Grp 3";"Professional";"16768";"70043164"
"98008808";"Wettswil-Bonstetten";"Suisse";"1ère Ligue - Groupe 3";"Semi-Professional";"800";"5724966"
"2000034642";"C.D. Estepona";"Espagne";"D2 Fédé espagnole Gr4";"Professional";"5000";"2000099906"
"2000233750";"Lanchkhuti";"Géorgie";"Ligue féminine de Géorgie";"Semi-Professional";"1000";"2000233751"
"2000262783";"AP Brera";"Macédoine du N.";"Ligue 1";"Professional";"9500";"8401070"
"2000277547";"Szent Mihaly";"Hongrie";"Première Division";"Semi-Professional";"8256";"2000232706"
"2000278617";"Kvartali";"Géorgie";"Ligue féminine de Géorgie";"Semi-Professional";"500";"2000233751"
"2000287056";"Andranik FC";"Arménie";"Première division arménie";"Professional";"500";"59006197"
"2000288152";"Apodaca";"Mexique";"Série A Groupe II";"Professional";"4000";"51066839"
"2000315988";"F. Atlético Pamplona B";"Espagne";"D4 - Groupe 15";"Semi-Professional";"200";"2000488686"
"2000374416";"DV Bilzen United";"Belgique";"Première Division";"Amateur";"2000";"2000338410"
"2000376856";"R. Santander";"Espagne";"Troisième division - Gr 1";"Semi-Professional";"1000";"2000302735"
"2000434093";"AsiaGoal";"Kirghizistan";"Division Supérieure";"Professional";"300";"59005735"
"2000468725";"SV Meppen II";"Allemagne";"Regionalliga Nord";"Semi-Professional";"1000";"2000469344"
"2000468919";"Andernach II";"Allemagne";"Regionalliga Südwest";"Semi-Professional";"2500";"2000469371"
"601";"Altrincham";"Angleterre";"Enterprise National";"Professional";"6085";"109201"
"655";"Gateshead";"Angleterre";"Enterprise National";"Professional";"11800";"109201"
"727";"Torquay";"Angleterre";"Enterprise South";"Professional";"6200";"5123055"
"746";"Flora";"Estonie";"Première Ligue";"Professional";"14336";"7681558"
"809";"Tampere Utd";"Finlande";"1ère Division";"Semi-Professional";"1200";"129131"
"825";"AS Cannes";"France";"National 2 - Groupe C";"Semi-Professional";"10000";"914523"
"881";"SAS Epinal";"France";"National 2 - Groupe B";"Semi-Professional";"7200";"914522"
"954";"Stuttgarter Kickers";"Allemagne";"Division Rég. Sud";"Semi-Professional";"11408";"27"
"1061";"Nagykanizsa";"Hongrie";"Division III - Sud-Ouest";"Professional";"10000";"2000270611"
"1101";"Acireale";"Italie";"Série D Grp.I";"Semi-Professional";"14500";"1400408"
"1281";"Glenavon";"Irlande du Nord";"NIFL Premiership";"Semi-Professional";"4160";"130023"
"1298";"Bærum";"Norvège";"3ème division Groupe 1";"Semi-Professional";"3000";"53057341"
"1316";"Gjøvik-Lyn";"Norvège";"3ème division Groupe 3";"Semi-Professional";"4500";"53057343"
"1432";"Ørn-Horten";"Norvège";"3ème division Groupe 6";"Semi-Professional";"1620";"53057346"
"1539";"Alloa";"Écosse";"William Hill League 1";"Semi-Professional";"3100";"47"
"1540";"Annan Athletic";"Écosse";"William Hill League 2";"Semi-Professional";"2504";"48"
"1554";"Dumbarton";"Écosse";"William Hill League 2";"Semi-Professional";"2020";"48"
"1558";"East Fife";"Écosse";"William Hill League 1";"Semi-Professional";"1980";"47"
"1588";"Peterhead";"Écosse";"William Hill League 1";"Semi-Professional";"3150";"47"
"1598";"Stenhousemuir";"Écosse";"William Hill League 1";"Semi-Professional";"3076";"47"
"1599";"Stirling";"Écosse";"William Hill League 2";"Semi-Professional";"3808";"48"
"1916";"Central Español";"Uruguay";"2ème division pro";"Professional";"4500";"5512771"
"2068";"US Avranches";"France";"National 2 - Groupe A";"Semi-Professional";"2000";"19"
"2069";"US Créteil-Lusitanos";"France";"National 2 - Groupe C";"Semi-Professional";"11650";"914523"
"2306";"Milwaukee Wave";"États-Unis";"Division amateur US";"Professional";"5000";"981781"
"2392";"U. Lamas";"Portugal";"Championnat National - B";"Semi-Professional";"12000";"55065659"
"2413";"Montalegre";"Portugal";"Div d'honneur Vila";"Amateur";"2000";"83141258"
"2427";"Benfica C. Branco";"Portugal";"Championnat National - C";"Semi-Professional";"12000";"55065660"
"2444";"Oriental";"Portugal";"Championnat National - D";"Semi-Professional";"4000";"55065661"
"2447";"Juventude Évora";"Portugal";"Championnat National - D";"Semi-Professional";"650";"55065661"
"2450";"Imortal";"Portugal";"Première division Algarve";"Amateur";"3500";"83141265"
"2466";"Marinhense";"Portugal";"Championnat National - C";"Semi-Professional";"6000";"55065660"
"2477";"Sacavenense";"Portugal";"Pro-national Lisbon";"Amateur";"3100";"83141248"
"2487";"Praiense";"Portugal";"Ligue des Açores";"Amateur";"1500";"83141252"
"109212";"Boreham Wood";"Angleterre";"Enterprise National";"Professional";"4500";"109201"
"114821";"Safa";"Liban";"1ère Division";"Professional";"4000";"5629952"
"115942";"Shenzhen";"Chine";"-";"Professional";"40000";"-1"
"122993";"Marconi Stallions";"Australie";"NPL NSW";"Semi-Professional";"6500";"130185"
"128000";"Rabotnicki";"Macédoine du N.";"Ligue 1";"Professional";"36460";"8401070"
"129191";"JJK";"Finlande";"1ère Division";"Semi-Professional";"1500";"129131"
"129211";"TP-47";"Finlande";"2e Division Groupe C";"Semi-Professional";"3000";"33000120"
"129380";"Limerick";"Irlande";"-";"Semi-Professional";"0";"-1"
"129668";"Pierikos";"Grèce";"Division C Groupe 2";"Semi-Professional";"4956";"36087244"
"129691";"Aris Petr.";"Grèce";"Division C Groupe 5";"Semi-Professional";"500";"36087247"
"129873";"Jadran LP";"Croatie";"3ème Division";"Semi-Professional";"1000";"145436"
"129887";"Mladost (Z)";"Croatie";"3ème Division";"Semi-Professional";"900";"145436"
"130127";"Stal Rz.";"Pologne";"D2";"Professional";"12699";"129559"
"130871";"Dubnica";"Slovaquie";"Division inférieure";"Professional";"6500";"7560278"
"134919";"BEC";"Thaïlande";"-";"Professional";"0";"-1"
"135303";"Fehaiheel";"Koweït";"Première division koweïti";"Professional";"12000";"23063354"
"135326";"Sohar";"Oman";"Ligue O";"Professional";"19000";"23071760"
"135414";"Al-Ittihad (QAT)";"Qatar";"-";"Professional";"0";"-1"
"135515";"Persipura";"Indonésie";"Championnat Groupe 2";"Professional";"17407";"41042742"
"136270";"Olympia";"Rép. tchèque";"Division inférieure";"Amateur";"1500";"136048"
"136281";"Kromeríž";"Rép. tchèque";"2ème Division";"Semi-Professional";"1529";"131288"
"303817";"Unión Minas";"Pérou";"Coupe du Pérou";"Professional";"10200";"5290552"
"308281";"CDS Vida";"Honduras";"Liga de Ascenso";"Professional";"17000";"87000202"
"426850";"Bentleigh Greens";"Australie";"PV1";"Semi-Professional";"3000";"15020175"
"432278";"Christchurch United";"Nouvelle-Zélande";"Southern League";"Amateur";"350";"2000095538"
"456063";"Muglaspor";"Turquie";"2. League G1";"Professional";"7755";"463485"
"457415";"Kepez Spor";"Turquie";"2. League G1";"Professional";"1000";"463485"
"459181";"Etimesgut SK";"Turquie";"3ème division Grp 1";"Professional";"3000";"70043162"
"484465";"Merv";"Turkménistan";"Yokary Ligasy";"Professional";"10000";"5638083"
"485430";"Kesla";"Azerbaïdjan";"-";"Professional";"8132";"-1"
"485459";"Metallurg";"Ouzbékistan";"Ligue Ikkinchi";"Professional";"16000";"7900423"
"510218";"PK-35";"Finlande";"Champ. de D1";"Semi-Professional";"3100";"2000228209"
"515312";"TPV";"Finlande";"2e Division Groupe B";"Semi-Professional";"1200";"33000117"
"663045";"Hrvace";"Croatie";"2ème Division";"Professional";"2000";"129646"
"676645";"Korinthos";"Grèce";"Division C Groupe 4";"Semi-Professional";"7000";"36087246"
"677514";"Ilysiakos";"Grèce";"Division C Groupe 6";"Semi-Professional";"2716";"36087248"
"677547";"Anagennisi Artas";"Grèce";"Division C Groupe 3";"Semi-Professional";"1961";"36087245"
"678102";"Diagoras";"Grèce";"Division C Groupe 5";"Semi-Professional";"3700";"36087247"
"682130";"Lamia";"Grèce";"Division C Groupe 3";"Semi-Professional";"5500";"36087245"
"686640";"Zakynthos";"Grèce";"Division C Groupe 4";"Semi-Professional";"2000";"36087246"
"717313";"Chrobry";"Pologne";"D2";"Professional";"2817";"129559"
"725010";"Bragança";"Portugal";"Championnat National - A";"Semi-Professional";"8393";"55065643"
"729472";"Cinfães";"Portugal";"Championnat National - B";"Semi-Professional";"5000";"55065659"
"729707";"Limianos";"Portugal";"Championnat National - A";"Semi-Professional";"2500";"55065643"
"729749";"Pinhalnovense";"Portugal";"D2 Setúbal";"Amateur";"1000";"2000004595"
"734125";"Rebordosa";"Portugal";"Championnat National - B";"Semi-Professional";"12000";"55065659"
"734132";"Loures";"Portugal";"Pro-national Lisbon";"Amateur";"800";"83141248"
"786525";"YSCC Yokohama";"Japon";"Nippon Soccer League";"Professional";"15440";"107256"
"855873";"Veszprém";"Hongrie";"Division III - Nord-Ouest";"Professional";"4000";"2000270610"
"1016231";"Al-Nahda";"Oman";"Ligue O";"Professional";"15000";"23071760"
"1023074";"Kheybar";"Iran";"Premier League";"Professional";"10000";"1018789"
"1300042";"KF Bylis";"Albanie";"Superligue";"Professional";"5200";"8350942"
"1300125";"Shakhter Soligorsk";"Biélorussie";"-";"Professional";"4200";"-1"
"1300918";"Finn Harps";"Irlande";"1ère Division";"Semi-Professional";"6000";"129373"
"1301169";"Petržalka";"Slovaquie";"2ème Division";"Professional";"1500";"7560277"
"4212102";"Alzira";"Espagne";"D3 Fédé espagnole Gr6";"Professional";"5604";"2000099916"
"5201786";"Kelty Hearts";"Écosse";"William Hill League 1";"Semi-Professional";"2181";"47"
"5250432";"Trasandino de Los Andes";"Chili";"Deuxième division";"Professional";"3300";"75034137"
"5250436";"San Antonio Unido";"Chili";"Deuxième division";"Amateur";"6000";"75034137"
"5250437";"Barnechea";"Chili";"-";"Professional";"2500";"-1"
"5340057";"Fola Esch";"Luxembourg";"Division d'honeur";"Semi-Professional";"7826";"5340022"
"5340545";"UNA Strassen";"Luxembourg";"Division Nationale";"Semi-Professional";"1500";"5340000"
"5340770";"US Forces Armées";"Burkina Faso";"Première division";"Professional";"15000";"13211662"
"5340913";"Gor Mahia";"Kenya";"Première division";"Professional";"15000";"13211639"
"5340983";"APR FC";"Rwanda";"Première division";"Professional";"21000";"13211703"
"5370005";"El Mansoura";"Égypte";"D2";"Professional";"20000";"12040323"
"5370577";"El Baladeya";"Égypte";"D2";"Professional";"30000";"12040323"
"5385104";"San Carlos";"Costa Rica";"D1";"Professional";"6500";"80000563"
"5390094";"CI Kamsar";"Guinée";"Ligue 1";"Professional";"5000";"13211636"
"5395076";"CSD Xelajú";"Guatemala";"Ligue Nationale";"Professional";"11200";"87000495"
"5395170";"CSD Suchitepéquez";"Guatemala";"Primera División A";"Professional";"10000";"87000505"
"5430416";"Inter Moengotapoe";"Suriname";"Major League du Suriname";"Professional";"3000";"37040965"
"5512118";"East Riffa";"Bahreïn";"D1";"Professional";"35000";"1039314"
"5512183";"MHDN SC";"Inde";"Division nationale";"Professional";"12000";"40026565"
"5512559";"Miramar Misiones";"Uruguay";"1ère Division";"Professional";"4500";"5512770"
"5602985";"SV Hall";"Autriche";"Tirol";"Semi-Professional";"2000";"16000665"
"5622732";"PSPS";"Indonésie";"Championnat Groupe 1";"Professional";"25000";"41042741"
"5622744";"Sriwijaya FC";"Indonésie";"Championnat Groupe 1";"Professional";"23000";"41042741"
"5625310";"W Connection";"Trinité-et-Tobago";"-";"Professional";"10000";"-1"
"5626491";"Manama";"Bahreïn";"D1";"Professional";"10000";"1039314"
"5666518";"Zitácuaro";"Mexique";"Série A Groupe II";"Professional";"4000";"51066839"
"5740640";"Macva";"Serbie";"D1 serbe";"Professional";"5494";"5776050"
"5744631";"Vozdovac";"Serbie";"D1 serbe";"Professional";"5175";"5776050"
"6002544";"Rathenow";"Allemagne";"Nord-Est (N)";"Semi-Professional";"5000";"8700008"
"6706375";"Don Benito";"Espagne";"D3 Fédé espagnole Gr14";"Professional";"2700";"2000099924"
"6706380";"Badalona";"Espagne";"D3 Fédé espagnole Gr5";"Professional";"4170";"2000099915"
"7500915";"Sportist Svoge";"Bulgarie";"Championnat B";"Professional";"4500";"7500118"
"7520467";"Kaposvár";"Hongrie";"Division III - Sud-Ouest";"Professional";"6116";"2000270611"
"7521258";"Siófok";"Hongrie";"Division III - Sud-Ouest";"Professional";"6500";"2000270611"
"7521262";"Dorog";"Hongrie";"Division III - Nord-Ouest";"Professional";"5000";"2000270610"
"7521273";"Mosonmagyaróvár";"Hongrie";"Division III - Nord-Ouest";"Professional";"4000";"2000270610"
"7522639";"III. Kerület";"Hongrie";"Division III - Sud-Est";"Professional";"914";"2000270609"
"7840005";"Selfoss";"Islande";"1ère Division";"Semi-Professional";"2950";"7840133"
"7840131";"Völsungur";"Islande";"1ère Division";"Semi-Professional";"2000";"7840133"
"8503181";"Klubi 04";"Finlande";"Champ. de D1";"Semi-Professional";"10770";"2000228209"
"8626797";"SO Armée";"Côte d'Ivoire";"1ère division";"Professional";"20000";"13109926"
"12004626";"AS Bakaridjan";"Mali";"Première division";"Semi-Professional";"15000";"13162593"
"12011891";"Diambars FC";"Sénégal";"Deuxième division";"Professional";"5000";"12078428"
"12012616";"Khaleej Sirt SC";"Libye";"Premier League";"Professional";"2000";"13208974"
"12020022";"FC Nouadhibou";"Mauritanie";"Super D1";"Professional";"1000";"13211655"
"12040897";"Abu Qir Fertilizers";"Égypte";"D2";"Professional";"1500";"12040323"
"13153608";"Electricity";"Égypte";"Premier Division";"Professional";"18525";"12015393"
"13175347";"Teungueth FC";"Sénégal";"Première division";"Professional";"7500";"13191657"
"13191467";"AS Otôho";"Congo";"Championnat national du C";"Professional";"1629";"13191378"
"13199919";"Al-Khums SC";"Libye";"Premier League";"Professional";"8000";"13208974"
"13231237";"Tuti";"Soudan";"Division inférieure du So";"Professional";"0";"13220908"
"16010460";"SV Kuchl";"Autriche";"Ligue régionale ouest";"Semi-Professional";"2000";"5607688"
"16010570";"SC Imst";"Autriche";"Ligue régionale ouest";"Semi-Professional";"1820";"5607688"
"16033101";"Admira Wacker Panthers";"Autriche";"Niederösterreich";"Semi-Professional";"500";"16000662"
"18032005";"Académie JMG Mali";"Mali";"Ligue ACEFOOT";"Amateur";"0";"12093206"
"18060916";"Crossing Schaerbeek";"Belgique";"D1 nationale - ACFF";"Amateur";"3500";"2000370107"
"18104885";"KSK Tongeren";"Belgique";"Deuxième division BVV";"Amateur";"3700";"18097862"
"19072706";"FC Cascavel";"Brésil";"D4";"Professional";"28000";"19127222"
"20041348";"Bethlehem Steel FC";"États-Unis";"-";"Professional";"0";"-1"
"20041351";"Swope Park";"États-Unis";"-";"Professional";"0";"-1"
"20041627";"Tormenta FC";"États-Unis";"-";"Professional";"5300";"-1"
"20046402";"Atlanta United 2";"États-Unis";"Conférence Est MLSNP";"Professional";"8318";"2000152068"
"20047323";"Corpus Christi FC";"États-Unis";"Division 2 de USSL";"Professional";"5000";"20047508"
"20047510";"Chattanooga";"États-Unis";"Division 2 de USSL";"Professional";"5500";"20047508"
"20047511";"Madison";"États-Unis";"Division 2 de USSL";"Professional";"5000";"20047508"
"20048858";"Tacoma";"États-Unis";"Conférence Ouest MLSNP";"Professional";"5000";"2000152069"
"22067410";"Sevlievo";"Bulgarie";"Championnat B";"Professional";"8816";"7500118"
"23243641";"Naft Missan";"Irak";"Stars League";"Professional";"25000";"23038303"
"23501219";"LC Sailors";"Singapour";"Champ. Singapour";"Professional";"6254";"5395850"
"27128372";"VSK Aarhus";"Danemark";"CampoBet 2. Division";"Semi-Professional";"11500";"8"
"34039002";"NJ City";"Chine";"1ère Division";"Professional";"18600";"131126"
"35004284";"Heimstetten";"Allemagne";"Bavière sud";"Semi-Professional";"2800";"91109040"
"36018144";"Giouchtas";"Grèce";"Division C Groupe 6";"Semi-Professional";"338";"36087248"
"42033203";"S.C. Kiryat-Yam";"Israël";"Championnat Leumit";"Professional";"5000";"7860001"
"42074476";"Hapoel Hadera";"Israël";"Championnat Leumit";"Professional";"3500";"7860001"
"43066551";"San Donato Tavarnelle";"Italie";"Série D Grp.E";"Semi-Professional";"750";"1400404"
"43092861";"Caldiero";"Italie";"Série D Grp.B";"Semi-Professional";"1200";"1400401"
"53000359";"Sandviken";"Norvège";"2ème Division G1";"Semi-Professional";"2000";"1300603"
"53037054";"Bjarg";"Norvège";"3ème division Groupe 4";"Semi-Professional";"1500";"53057344"
"55001078";"AD Oliveirense";"Portugal";"Pro-national Braga";"Amateur";"3500";"83141246"
"55009766";"Padroense";"Portugal";"Division d'élite 2 Porto";"Amateur";"2000";"83208756"
"55072757";"MRT C";"Portugal";"-";"Amateur";"0";"-1"
"57107762";"CSC Ghiroda";"Roumanie";"D3 roumaine groupe 7";"Professional";"1000";"57015313"
"57119436";"CSM Sighet";"Roumanie";"D3 roumaine groupe 8";"Semi-Professional";"5000";"57015314"
"58057322";"Kaluga";"Russie";"Division 2 A Argent";"Professional";"3643";"2000272300"
"66002956";"Cheonan";"Corée du Sud";"K League 2";"Professional";"30000";"66029602"
"66010583";"Chungbuk Cheongju";"Corée du Sud";"K League 2";"Professional";"20000";"66029602"
"67000108";"A.D. San Juan";"Espagne";"D3 Fédé espagnole Gr15";"Semi-Professional";"1500";"2000099925"
"67248764";"Roda";"Espagne";"D3 Fédé espagnole Gr6";"Semi-Professional";"2000";"2000099916"
"69001090";"Ticino U21";"Suisse";"-";"Semi-Professional";"14873";"-1"
"70054564";"Isparta 32 SK";"Turquie";"2. League G2";"Professional";"10000";"463486"
"70078175";"Aliaga Futbol";"Turquie";"2. League G2";"Professional";"2000";"463486"
"70080498";"Gebze SK";"Turquie";"2. League G2";"Professional";"15462";"463486"
"70080997";"68 Aksaray Bld. Spor";"Turquie";"2. League G2";"Professional";"5000";"463486"
"70081336";"Arnavutköy Bld.";"Turquie";"2. League G2";"Professional";"1000";"463486"
"70108691";"Mardin 1969";"Turquie";"2. League G2";"Professional";"2337";"463486"
"70108717";"Mus SK";"Turquie";"2. League G2";"Professional";"6000";"463486"
"70135917";"Adana 01 FK";"Turquie";"2. League G1";"Professional";"700";"463485"
"70136092";"K.Maras Istiklal";"Turquie";"2. League G2";"Professional";"400";"463486"
"71100093";"Ahrobiznes";"Ukraine";"Première Ligue";"Professional";"2700";"5314302"
"72043487";"Portland 2";"États-Unis";"Conférence Ouest MLSNP";"Professional";"25000";"2000152069"
"72043489";"Seattle 2";"États-Unis";"-";"Professional";"6500";"-1"
"72043491";"Real Monarchs";"États-Unis";"Conférence Ouest MLSNP";"Professional";"5000";"2000152069"
"72044430";"New York II";"États-Unis";"Conférence Est MLSNP";"Professional";"5000";"2000152068"
"77062708";"Santos FC";"Pérou";"2ème Division";"Professional";"5000";"5290553"
"82074934";"Real Hope";"Haïti";"Première division";"Semi-Professional";"7500";"73100020"
"82081498";"Arcahaie";"Haïti";"Première division";"Semi-Professional";"1250";"73100020"
"83202727";"Berço SC";"Portugal";"Pro-national Braga";"Amateur";"1500";"83141246"
"85125733";"Dakar Sacré-Coeur";"Sénégal";"Première division";"Professional";"5000";"13191657"
"86000032";"Deportivo Anzoátegui";"Venezuela";"-";"Professional";"37485";"-1"
"86012640";"Ureña S.C.";"Venezuela";"Deuxième Division";"Professional";"3500";"86000002"
"87032277";"CD Honduras";"Honduras";"Liga de Ascenso";"Professional";"5000";"87000202"
"90002300";"FC Halifax";"Angleterre";"Enterprise National";"Professional";"14061";"109201"
"2000008034";"Fort Wayne FC";"États-Unis";"Division 2 de USSL";"Professional";"3200";"20047508"
"2000027225";"Sporting KC II";"États-Unis";"Conférence Ouest MLSNP";"Professional";"3557";"2000152069"
"2000035141";"Football Club 93 BBG";"France";"National 2 - Groupe C";"Semi-Professional";"1500";"914523"
"2000044276";"Cape Town Spurs";"Afrique du Sud";"Div. inférieure Cape O";"Semi-Professional";"35000";"65010780"
"2000070043";"Fuego FC";"États-Unis";"Division inférieure";"Professional";"500";"1301432"
"2000075987";"Northern Colorado";"États-Unis";"Division inférieure";"Professional";"6500";"1301432"
"2000081611";"Knoxville";"États-Unis";"Division 2 de USSL";"Professional";"3000";"20047508"
"2000088962";"Shams Azar";"Iran";"Premier League";"Professional";"10000";"1018789"
"2000104611";"Cúcuta F.C.";"Colombie";"3ème Division";"Amateur";"1500";"5260949"
"2000111822";"Tigres del Quindío";"Colombie";"3ème Division";"Amateur";"4000";"5260949"
"2000115663";"Sangiuliano";"Italie";"Série D Grp.D";"Semi-Professional";"500";"1400403"
"2000152192";"Columbus 2";"États-Unis";"Conférence Est MLSNP";"Professional";"20000";"2000152068"
"2000164437";"Coton FC";"Bénin";"Ligue 1 du Bénin";"Professional";"0";"13211624"
"2000167906";"Vallecano";"Espagne";"-";"Semi-Professional";"1176";"-1"
"2000178047";"Klepp";"Norvège";"Deuxième division Gr 1";"Semi-Professional";"2250";"2000367202"
"2000181439";"Jong KAA Gent";"Belgique";"Challenger Pro League";"Professional";"20000";"2"
"2000182272";"AV25";"Équateur";"Segunda Categoría de Pich";"Semi-Professional";"3000";"2000101110"
"2000192152";"Chadormalu";"Iran";"Premier League";"Professional";"30000";"1018789"
"2000207688";"Málaga";"Espagne";"D3 - Groupe 3";"Semi-Professional";"3000";"2000473694"
"2000207751";"Bizkerre";"Espagne";"Troisième division - Gr 1";"Amateur";"300";"2000302735"
"2000233906";"Bettembourg";"Luxembourg";"Ligue féminine";"Semi-Professional";"1000";"2000233754"
"2000252596";"Córdoba";"Espagne";"D3 - Groupe 3";"Semi-Professional";"100";"2000473694"
"2000252819";"St Johnstone";"Écosse";"Premier League 2";"Semi-Professional";"1000";"2000252813"
"2000252827";"East Fife";"Écosse";"Premier League 2";"Semi-Professional";"1980";"2000252813"
"2000261238";"AD Comerciantes";"Pérou";"2ème Division";"Professional";"22000";"5290553"
"2000262056";"Miami AC";"États-Unis";"USSL W League";"Semi-Professional";"0";"2000335881"
"2000262100";"Oakland Soul SC";"États-Unis";"USSL W League";"Semi-Professional";"0";"2000335881"
"2000267914";"Haladás 1919";"Hongrie";"Division III - Nord-Ouest";"Professional";"8656";"2000270610"
"2000273245";"FCH Wels Juniors";"Autriche";"Bezirksliga Sud (OÖ)";"Amateur";"3000";"16068323"
"2000276276";"Shamrock Rovers";"Irlande";"Premier Division";"Semi-Professional";"10500";"2000232910"
"2000276277";"Bohemians";"Irlande";"Premier Division";"Amateur";"4500";"2000232910"
"2000276281";"Galway Utd";"Irlande";"Premier Division";"Amateur";"5000";"2000232910"
"2000276307";"Lakatamia";"Chypre";"Première Division";"Semi-Professional";"3500";"2000232693"
"2000276316";"KV Mechelen";"Belgique";"Première Division";"Amateur";"2000";"2000338410"
"2000276317";"RCS Charleroi";"Belgique";"Belgian Lower Division";"Amateur";"1000";"2000421253"
"2000276730";"Hegelmann";"Lituanie";"Ligue A";"Semi-Professional";"500";"2000232685"
"2000277524";"Spartak";"Bosnie";"Premier League";"Semi-Professional";"10000";"2000209808"
"2000277537";"Budaörs";"Hongrie";"Première Division";"Semi-Professional";"4183";"2000232706"
"2000277545";"Soroksár";"Hongrie";"Lower Division";"Semi-Professional";"5000";"2000343095"
"2000277546";"Szekszárd";"Hongrie";"Première Division";"Semi-Professional";"5000";"2000232706"
"2000277893";"Barry Town United";"Pays de Galles";"Adran Premier";"Semi-Professional";"2375";"2000169152"
"2000277967";"OFI";"Grèce";"Première Division";"Semi-Professional";"510";"2000232803"
"2000278572";"Buducnost";"Monténégro";"Ligue féminine";"Professional";"400";"2000232846"
"2000279124";"Don Bosco";"Haïti";"Championnat National Fémi";"Amateur";"5000";"2000274213"
"2000280052";"Hapoel Katamon";"Israël";"Premier League";"Semi-Professional";"350";"2000233862"
"2000280204";"Mamer";"Luxembourg";"Ligue féminine";"Semi-Professional";"1250";"2000233754"
"2000280217";"Junglinster";"Luxembourg";"Ligue féminine";"Semi-Professional";"500";"2000233754"
"2000280219";"SC Ell";"Luxembourg";"Ligue féminine";"Semi-Professional";"700";"2000233754"
"2000292557";"Al-Gharraf";"Irak";"Stars League";"Professional";"7000";"23038303"
"2000315989";"Huesca";"Espagne";"Troisième division - Gr 2";"Semi-Professional";"1000";"2000302738"
"2000315998";"Valencia B";"Espagne";"D4 - Groupe 6";"Professional";"200";"2000326934"
"2000316000";"F. Tenerife";"Espagne";"Deuxième Division";"Semi-Professional";"500";"2000180088"
"2000316869";"Pozuelo";"Espagne";"D3 - Groupe 3";"Semi-Professional";"2000";"2000473694"
"2000321627";"F. Cornellà";"Espagne";"D4 - Groupe 5";"Semi-Professional";"1000";"2000326935"
"2000322166";"Älvsjö AIK";"Suède";"Première div. - Centre";"Amateur";"3000";"2000327938"
"2000322816";"A. Madrid C";"Espagne";"Troisième division - Gr 1";"Semi-Professional";"1000";"2000302735"
"2000333823";"Avilés";"Espagne";"Troisième division - Gr 1";"Semi-Professional";"500";"2000302735"
"2000337865";"DL Yingbo";"Chine";"Super League";"Professional";"63000";"130931"
"2000337994";"IFK Värnamo";"Suède";"Première division - Sud";"Semi-Professional";"5000";"2000327937"
"2000339030";"Olimpia";"Paraguay";"Championnat";"Semi-Professional";"4500";"2000338393"
"2000339381";"Al-Ula";"Arabie saoudite";"Premier League";"Professional";"12250";"2000338506"
"2000339536";"Bam Khatoon";"Iran";"Ligue féminine Kowsar";"Professional";"10000";"2000338515"
"2000339643";"Remo";"Brésil";"Troisième division";"Professional";"13000";"2000338892"
"2000341766";"Sarasota Paradise";"États-Unis";"Division 2 de USSL";"Professional";"3500";"20047508"
"2000342944";"Monagas S.C.";"Venezuela";"SLF du Venezuela";"Professional";"0";"2000338486"
"2000345485";"Aigles Médina";"Sénégal";"D1 du Sénégal";"Amateur";"0";"2000343120"
"2000347067";"Green Buffaloes";"Zambie";"Championnat féminin";"Professional";"500";"2000346822"
"2000347360";"Hearts of Pine";"États-Unis";"Division 2 de USSL";"Professional";"6000";"20047508"
"2000347406";"La Habana";"Cuba";"Liga Nacional";"Amateur";"750";"2000274188"
"2000347883";"Villa Clara";"Cuba";"Liga Nacional";"Amateur";"5000";"2000274188"
"2000351649";"SC Casablanca";"Maroc";"Championnat du Maroc";"Professional";"3000";"2000338483"
"2000355471";"Arnett Gardens";"Jamaïque";"PLF de Jamaïque";"Amateur";"3000";"2000343082"
"2000358487";"Sethu";"Inde";"Ligue féminine d'Inde";"Semi-Professional";"0";"2000343111"
"2000358727";"TransINVEST";"Lituanie";"Ligue A";"Semi-Professional";"500";"2000232685"
"2000359313";"Nasarawa Amazons";"Nigeria";"Première Division A";"Semi-Professional";"10000";"2000350536"
"2000361146";"Qizilqum";"Ouzbékistan";"Ligue fém. d'Ouzbékistan";"Semi-Professional";"0";"2000338398"
"2000361174";"GDF";"Guyana";"Division 1";"Amateur";"700";"2000274183"
"2000361584";"Transvaal";"Suriname";"Vrouwen Divisie du Surina";"Amateur";"7100";"2000274179"
"2000367098";"Varzim";"Portugal";"Troisième division";"Amateur";"1000";"2000318052"
"2000367099";"Feirense";"Portugal";"Troisième division";"Amateur";"200";"2000318052"
"2000367380";"Westchester";"États-Unis";"Division 2 de USSL";"Professional";"3900";"20047508"
"2000367587";"Luton";"Angleterre";"D1 nat. fém SE";"Amateur";"4000";"2000168704"
"2000373010";"Radnicki Pirot";"Serbie";"Lower Division";"Semi-Professional";"7116";"2000343088"
"2000378876";"The Strongest";"Bolivie";"Champ. féminin de Bolivie";"Amateur";"0";"2000338490"
"2000378888";"Bolívar";"Bolivie";"Champ. féminin de Bolivie";"Amateur";"5000";"2000338490"
"2000378889";"Blooming";"Bolivie";"Champ. féminin de Bolivie";"Amateur";"0";"2000338490"
"2000381671";"FC Alessandria";"Italie";"-";"Amateur";"5769";"-1"
"2000426050";"FC Masar";"Égypte";"D2";"Professional";"2000";"12040323"
"2000439194";"Dingnan";"Chine";"1ère Division";"Professional";"12000";"131126"
"2000475511";"Boise";"États-Unis";"Division 2 de USSL";"Professional";"7050";"20047508"
"2000477474";"F. Real Hispalis B";"Espagne";"D3 - Groupe 3";"Semi-Professional";"200";"2000473694"
"2000477477";"F. Vallecano";"Espagne";"Troisième division - Gr 2";"Semi-Professional";"1176";"2000302738"
"2000477478";"F. Vallecano B";"Espagne";"D4 - Groupe 7";"Semi-Professional";"1176";"2000490609"
"2000503042";"Olymp. Nicosia";"Chypre";"Première Division";"Semi-Professional";"0";"2000232693"
"2000525586";"Ningbo";"Chine";"Division inférieure";"Professional";"25000";"130933"
"393";"Canon Sport";"Cameroun";"Élite One";"Professional";"42500";"13172336"
"956";"TeBe Berlin";"Allemagne";"Nord-Est (N)";"Semi-Professional";"15005";"8700008"
"1231";"Union (LUX)";"Luxembourg";"Division Nationale";"Semi-Professional";"5814";"5340000"
"1276";"Carrick Rangers";"Irlande du Nord";"NIFL Premiership";"Semi-Professional";"2100";"130023"
"1313";"Frigg";"Norvège";"3ème division Groupe 1";"Semi-Professional";"1000";"53057341"
"1347";"Lørenskog";"Norvège";"3ème division Groupe 3";"Semi-Professional";"4000";"53057343"
"1419";"Vidar";"Norvège";"3ème division Groupe 5";"Semi-Professional";"5175";"53057345"
"2210";"Mestre";"Italie";"Série D Grp.C";"Semi-Professional";"2000";"1400402"
"106447";"Gossau";"Suisse";"Ligue 2 Inter Gr 5";"Semi-Professional";"3000";"98005773"
"116331";"Dungannon Swifts";"Irlande du Nord";"NIFL Premiership";"Semi-Professional";"2000";"130023"
"122985";"Adelaide City";"Australie";"NPL South Australia";"Semi-Professional";"5500";"15045003"
"126415";"Bjelovar";"Croatie";"3ème Division";"Semi-Professional";"1080";"145436"
"130551";"UralAZ Miass";"Russie";"Division 2 A Argent";"Professional";"2898";"2000272300"
"137909";"La Chaux-de-Fonds";"Suisse";"1ère Ligue - Groupe 1";"Semi-Professional";"12700";"5724964"
"309137";"Boavista (RJ)";"Brésil";"D4";"Professional";"8500";"19127222"
"477421";"Avangard Kursk";"Russie";"Division 2 A Argent";"Professional";"9000";"2000272300"
"786372";"Morioka United";"Japon";"Nippon Soccer League";"Professional";"5046";"107256"
"829175";"San Marino (ext)";"Saint-Marin";"-";"Amateur";"5500";"-1"
"831364";"Scafatese";"Italie";"Série D Grp.G";"Semi-Professional";"2605";"1400406"
"879655";"Neustrelitz";"Allemagne";"Nord-Est (N)";"Semi-Professional";"7000";"8700008"
"952758";"Yupanqui";"Argentine";"4ème division AFA";"Professional";"500";"14037258"
"4212227";"Leganés B";"Espagne";"D3 Fédé espagnole Gr7";"Professional";"1756";"2000099917"
"4212242";"Salamanca";"Espagne";"D2 Fédé espagnole Gr1";"Professional";"17341";"2000099903"
"4212760";"Laredo";"Espagne";"D3 Fédé espagnole Gr3";"Professional";"2200";"2000099913"
"5340789";"St. George (ETH)";"Éthiopie";"Première division";"Professional";"35000";"13211690"
"5340910";"Tusker FC";"Kenya";"Première division";"Professional";"60000";"13211639"
"5602989";"FC RW Rankweil";"Autriche";"Vorarlberg";"Semi-Professional";"1500";"16000658"
"5628524";"Guangdong Prov.";"Chine";"-";"Professional";"15000";"-1"
"6600097";"SK Londerzeel";"Belgique";"Deuxième division BVV";"Amateur";"3000";"18097862"
"7441045";"Bergantiños";"Espagne";"D2 Fédé espagnole Gr1";"Professional";"3800";"2000099903"
"7920357";"Al-Orobah";"Arabie saoudite";"First Division League";"Professional";"10000";"7920264"
"7920364";"Al-Arabi";"Arabie saoudite";"First Division League";"Professional";"10000";"7920264"
"7960002";"EB/Streymur";"Féroé";"Premiership";"Semi-Professional";"500";"8300358"
"13100697";"Ashanti GB";"Guinée";"Ligue 1";"Professional";"2000";"13211636"
"13172357";"Colombe Sportive";"Cameroun";"Élite One";"Professional";"1000";"13172336"
"13186802";"AS Simba";"R.D. Congo";"Linafoot A";"Professional";"2000";"2000278442"
"13198804";"Bibiani Gold Stars";"Ghana";"Premier League  du Ghana";"Professional";"7000";"13109924"
"13209449";"Nogoom";"Égypte";"D2 B - Groupe 3";"Professional";"25000";"2000468282"
"15006537";"Olympic FC";"Australie";"NPL Queensland";"Semi-Professional";"1000";"15041771"
"15020717";"Gold Coast Knights";"Australie";"NPL Queensland";"Semi-Professional";"5175";"15041771"
"16001073";"SC Bruck/Mur";"Autriche";"Styrian LL";"Semi-Professional";"5000";"16000659"
"16001233";"USC Eugendorf";"Autriche";"Ligue de Salzbourg";"Semi-Professional";"2000";"16057919"
"16011698";"ASV Siegendorf";"Autriche";"Division autrichienne du ";"Semi-Professional";"1500";"16000666"
"23199255";"Meizhou";"Chine";"Super League";"Professional";"30000";"130931"
"23243246";"Al-Bataeh";"E.A.U.";"ADNOC Pro League";"Professional";"14000";"7880000"
"23318347";"SuZ Dongwu";"Chine";"1ère Division";"Professional";"40000";"131126"
"23348779";"Ayutthaya Utd";"Thaïlande";"Ligue 1 de Thaïlande";"Professional";"6000";"5624920"
"23502107";"Kitchee";"Hong Kong (RP de Chine)";"Première Division";"Semi-Professional";"800";"2000338501"
"24024682";"Marsonia";"Croatie";"D4 Est";"Semi-Professional";"1000";"661721"
"30010181";"Solihull Moors";"Angleterre";"Enterprise National";"Professional";"5500";"109201"
"35022193";"Garching";"Allemagne";"Div inf. d'Allemagne";"Amateur";"4000";"8700660"
"35130688";"Schott Mainz";"Allemagne";"Division Rég. Sud";"Semi-Professional";"2500";"27"
"39002495";"Dalvík/Reynir";"Islande";"Deuxième division";"Semi-Professional";"2000";"39030708"
"40028584";"Punjab FC";"Inde";"Division nationale";"Professional";"60254";"40026565"
"43599637";"FC Messina";"Italie";"-";"Semi-Professional";"38722";"-1"
"59016180";"Yangiyer";"Ouzbékistan";"-";"Professional";"7000";"-1"
"67129170";"Formentera";"Espagne";"D3 Fédé espagnole Gr11";"Professional";"2000";"2000099921"
"67156323";"Águilas";"Espagne";"D2 Fédé espagnole Gr4";"Professional";"4000";"2000099906"
"77044624";"Sport Loreto";"Pérou";"Coupe du Pérou";"Professional";"25000";"5290552"
"98005836";"Kosova";"Suisse";"1ère Ligue - Groupe 3";"Semi-Professional";"1600";"5724966"
"2000069662";"Atlético Chapinero";"Colombie";"3ème Division";"Amateur";"1000";"5260949"
"2000082862";"Treaty Utd";"Irlande";"1ère Division";"Semi-Professional";"4500";"129373"
"2000112559";"Badalona Fut";"Espagne";"-";"Professional";"4000";"-1"
"2000209854";"Lokomotiva Brno";"Rép. tchèque";"Première Division";"Semi-Professional";"1000";"2000209811"
"2000217586";"Femarguín";"Espagne";"D3 - Groupe 3";"Semi-Professional";"350";"2000473694"
"2000252650";"KIL/Hemne";"Norvège";"Première Division";"Amateur";"1500";"2000178041"
"2000255914";"Daquilema F.C.";"Équateur";"S.C. de Chimborazo";"Semi-Professional";"14400";"2000172951"
"2000262049";"Southern Soccer Academy";"États-Unis";"USSL W League";"Semi-Professional";"200";"2000335881"
"2000318938";"Olympia Las Rozas";"Espagne";"D3 - Groupe 3";"Amateur";"400";"2000473694"
"2000341582";"Nike-Lusso";"Géorgie";"Ligue féminine de Géorgie";"Semi-Professional";"1000";"2000233751"
"2000370110";"Kalba";"E.A.U.";"ADNOC Pro League";"Professional";"8148";"7880000"
"2000378878";"Royal Pari";"Bolivie";"Champ. féminin de Bolivie";"Amateur";"0";"2000338490"
"2000378882";"Oriente Petrolero";"Bolivie";"Champ. féminin de Bolivie";"Amateur";"0";"2000338490"
"2000378883";"Nacional Potosí";"Bolivie";"Champ. féminin de Bolivie";"Amateur";"0";"2000338490"
"2000378890";"Aurora";"Bolivie";"Champ. féminin de Bolivie";"Amateur";"32303";"2000338490"
"2000482463";"Som Maresme";"Espagne";"-";"Professional";"1200";"-1"
"63";"Flamurtari";"Albanie";"Superligue";"Professional";"8200";"8350942"
"497";"Brønshøj";"Danemark";"CampoBet 3. Division";"Semi-Professional";"3000";"2000016262"
"573";"Aldershot Town";"Angleterre";"Enterprise National";"Professional";"7350";"109201"
"589";"Cobh Ramblers";"Irlande";"1ère Division";"Semi-Professional";"5890";"129373"
"643";"Dagenham & Redbridge";"Angleterre";"Enterprise South";"Professional";"6078";"5123055"
"1121";"Chieti";"Italie";"Série D Grp.F";"Semi-Professional";"12750";"1400405"
"1288";"Portadown";"Irlande du Nord";"NIFL Premiership";"Semi-Professional";"3940";"130023"
"1305";"Elverum";"Norvège";"3ème division Groupe 3";"Semi-Professional";"2000";"53057343"
"1307";"Fana";"Norvège";"3ème division Groupe 4";"Semi-Professional";"1200";"53057344"
"1339";"Fram Larvik";"Norvège";"3ème division Groupe 6";"Semi-Professional";"1500";"53057346"
"1357";"Nardo";"Norvège";"3ème division Groupe 2";"Semi-Professional";"2000";"53057342"
"1412";"Træff";"Norvège";"2ème Division G1";"Semi-Professional";"350";"1300603"
"1863";"Altay";"Turquie";"3ème division Grp 4";"Professional";"12285";"70043165"
"2172";"Norrby IF";"Suède";"1ère Division Sud";"Semi-Professional";"14500";"8114887"
"2175";"Ljungskile SK";"Suède";"1ère Division Sud";"Semi-Professional";"4250";"8114887"
"2437";"FC Barreirense";"Portugal";"Première division Setúbal";"Semi-Professional";"2480";"83141257"
"2455";"Mirandela";"Portugal";"Championnat National - A";"Semi-Professional";"5000";"55065643"
"2462";"Águeda";"Portugal";"Première division Aveiro";"Amateur";"10000";"83141250"
"2470";"Pombal";"Portugal";"Division d'honneur Leiria";"Semi-Professional";"1300";"83141253"
"101493";"Asker";"Norvège";"2ème Division G2";"Semi-Professional";"1500";"1300604"
"106694";"Selangor";"Malaisie";"Super League";"Professional";"25000";"5624536"
"107298";"Kokushikan Univ.";"Japon";"-";"Amateur";"1000";"-1"
"108988";"L'Aquila";"Italie";"Série D Grp.F";"Semi-Professional";"6763";"1400405"
"108990";"Nardò";"Italie";"Série D Grp.H";"Semi-Professional";"7000";"1400407"
"129132";"Honka";"Finlande";"2e Division Groupe A";"Semi-Professional";"4500";"33000118"
"129170";"KäPa";"Finlande";"Champ. de D1";"Semi-Professional";"3100";"2000228209"
"130193";"Blacktown City FC";"Australie";"NPL NSW";"Semi-Professional";"5100";"130185"
"130212";"Heidelberg Utd";"Australie";"NPL Victoria";"Semi-Professional";"1400";"130188"
"130298";"Kahramanmaras Spor";"Turquie";"3ème division Grp 2";"Professional";"9216";"70043163"
"130524";"Dinamo Bryansk";"Russie";"Division 2 B - Groupe 3";"Professional";"10100";"2000272305"
"130556";"Irtysh Omsk";"Russie";"Division 2 A Argent";"Professional";"3000";"2000272300"
"130792";"Deportes Linares";"Chili";"Deuxième division";"Professional";"4000";"75034137"
"130865";"Tikveš";"Macédoine du N.";"Ligue 1";"Professional";"7500";"8401070"
"131256";"Kaloum";"Guinée";"Ligue 1";"Professional";"5000";"13211636"
"135332";"Al-Orouba";"Oman";"Deuxième division";"Professional";"8000";"64043172"
"135442";"Al-Orooba";"E.A.U.";"1ère Division A";"Professional";"3000";"7880028"
"137906";"Meyrin";"Suisse";"1ère Ligue - Groupe 1";"Semi-Professional";"2018";"5724964"
"301212";"TFC";"Brésil";"D4";"Professional";"8000";"19127222"
"427212";"Oakleigh Cannons";"Australie";"NPL Victoria";"Semi-Professional";"420";"130188"
"483064";"Kopetdag";"Turkménistan";"Yokary Ligasy";"Professional";"26503";"5638083"
"539845";"KV Diksmuide-Oostende";"Belgique";"Deuxième division VV A";"Amateur";"9022";"18097860"
"725011";"Pevidém";"Portugal";"Pro-national Braga";"Professional";"5000";"83141246"
"725060";"Sertanense";"Portugal";"Première division Castelo";"Semi-Professional";"1200";"83141262"
"814045";"Cerceda";"Espagne";"-";"Semi-Professional";"2580";"-1"
"814957";"Socuéllamos";"Espagne";"D2 Fédé espagnole Gr5";"Professional";"3000";"2000099907"
"832136";"Barletta";"Italie";"Série D Grp.H";"Semi-Professional";"3998";"1400407"
"832142";"Martina";"Italie";"Série D Grp.H";"Semi-Professional";"4900";"1400407"
"834830";"Folgore Caratese";"Italie";"Série D Grp.B";"Semi-Professional";"3000";"1400401"
"877219";"Worms";"Allemagne";"Sud-Est";"Semi-Professional";"5624";"8700004"
"880234";"Stadtallendorf";"Allemagne";"Hesse";"Semi-Professional";"5000";"8700003"
"933945";"FA 2000";"Danemark";"CampoBet 3. Division";"Semi-Professional";"5000";"2000016262"
"951314";"Def. Cambaceres";"Argentine";"4ème division AFA";"Professional";"3000";"14037258"
"952746";"Puerto Nuevo";"Argentine";"4ème division AFA";"Professional";"600";"14037258"
"1300201";"Maritsa";"Bulgarie";"Ligue 3 SE";"Amateur";"8000";"7500138"
"1300956";"Jiul";"Roumanie";"D3 roumaine groupe 6";"Semi-Professional";"15500";"57015182"
"2200099";"Sport Ancash";"Pérou";"Coupe du Pérou";"Professional";"15000";"5290552"
"4212268";"Málaga B";"Espagne";"D2 Fédé espagnole Gr4";"Professional";"1300";"2000099906"
"5260954";"Alianza Llanos";"Colombie";"3ème Division";"Amateur";"15000";"5260949"
"5280181";"San Lorenzo (PAR)";"Paraguay";"2ème division";"Professional";"10000";"79010962"
"5280210";"Resistencia";"Paraguay";"2ème division";"Professional";"5000";"79010962"
"5512780";"Cerrito";"Uruguay";"2ème division pro";"Professional";"4200";"5512771"
"5512789";"Oriental";"Uruguay";"2ème division pro";"Professional";"4500";"5512771"
"5625253";"Racing (HAI)";"Haïti";"Première division";"Semi-Professional";"2500";"73100020"
"5740900";"Loznica";"Serbie";"D1 serbe";"Professional";"8200";"5776050"
"6600029";"Rupel Boom";"Belgique";"Deuxième division BVV";"Amateur";"9470";"18097862"
"7000008";"Lusitânia Açore";"Portugal";"Championnat National - C";"Semi-Professional";"7000";"55065660"
"8627094";"Heart of Lions";"Ghana";"Premier League  du Ghana";"Professional";"5000";"13109924"
"8700384";"Homberg";"Allemagne";"Rhin bas";"Semi-Professional";"5000";"91109041"
"13107466";"Guédiawaye FC";"Sénégal";"Première division";"Professional";"10000";"13191657"
"15071774";"Brisbane Roar B";"Australie";"NPL Queensland";"Semi-Professional";"2000";"15041771"
"16023784";"USV St. Anna/Aigen";"Autriche";"Division régionale centre";"Semi-Professional";"1500";"5607687"
"23405283";"Jeddah";"Arabie saoudite";"First Division League";"Professional";"5000";"7920264"
"38042180";"Iváncsa";"Hongrie";"Division III - Sud-Ouest";"Professional";"750";"2000270611"
"43012496";"Gavorrano";"Italie";"-";"Semi-Professional";"2000";"-1"
"43076659";"Campodarsego";"Italie";"Série D Grp.C";"Semi-Professional";"1200";"1400402"
"43152205";"Fermana";"Italie";"Eccellenza Marche";"Semi-Professional";"8920";"43064533"
"43599658";"Follonica Gavorrano";"Italie";"Série D Grp.E";"Semi-Professional";"2000";"1400404"
"51014385";"Chilpancingo";"Mexique";"Série A Groupe II";"Professional";"1500";"51066839"
"57191014";"Academica Bals";"Roumanie";"D3 roumaine groupe 5";"Semi-Professional";"100";"57015181"
"58126751";"Murom";"Russie";"Division 2 A Argent";"Professional";"2080";"2000272300"
"69005060";"Höngg";"Suisse";"1ère Ligue - Groupe 3";"Semi-Professional";"1300";"5724966"
"76042835";"Deportivo Estudiantil";"Colombie";"Liga Antioqueña";"Semi-Professional";"1000";"2000173837"
"76058672";"Fútbol Paz F.C.";"Colombie";"Liga Vallecaucana";"Semi-Professional";"1500";"2000173873"
"80001276";"Grecia";"Équateur";"S.C. de Manabí";"Semi-Professional";"3000";"2000172952"
"82061085";"Moca FC";"Rép. Dominicaine";"Liga Mayor";"Professional";"2500";"82061057"
"83163969";"União 1919";"Portugal";"Première division Coimbra";"Semi-Professional";"2500";"83141254"
"88000393";"Miramar Rangers";"Nouvelle-Zélande";"Ligue centrale NZ";"Amateur";"2000";"88006344"
"88000394";"Western Suburbs";"Nouvelle-Zélande";"Ligue centrale NZ";"Amateur";"1000";"88006344"
"2000117711";"Lyon F.C.";"Colombie";"3ème Division";"Amateur";"3000";"5260949"
"2000121111";"UCSA";"Ukraine";"Première Ligue";"Professional";"1028";"5314302"
"2000172277";"Manizales F.C.";"Colombie";"3ème Division";"Amateur";"28678";"5260949"
"2000177552";"Tyresö FF";"Suède";"Première div. - Centre";"Amateur";"3000";"2000327938"
"2000314675";"Pure Swansea";"Pays de Galles";"D2 Sud";"Semi-Professional";"2000";"2000314851"
"2000315990";"A. Bilbao C";"Espagne";"D4 - Groupe 4";"Amateur";"400";"2000326936"
"2000333844";"Nacional";"Uruguay";"Première Division";"Semi-Professional";"760";"2000338480"
"2000338450";"Fayetteville Fury";"États-Unis";"USSL W League";"Semi-Professional";"0";"2000335881"
"2000338980";"Maccabi Holon";"Israël";"Premier League";"Semi-Professional";"0";"2000233862"
"2000357679";"H? Chí Minh City";"Vietnam";"Ligue féminine nationale";"Semi-Professional";"25000";"2000343101"
"2000361587";"PVV";"Suriname";"Vrouwen Divisie du Surina";"Amateur";"1000";"2000274179"
"2000361591";"Robinhood";"Suriname";"Vrouwen Divisie du Surina";"Amateur";"7100";"2000274179"
"2000363341";"Neretva";"Croatie";"Ligue 2 Groupe A";"Semi-Professional";"1300";"2000279737"
"2000370436";"HamKam";"Norvège";"Première Division";"Semi-Professional";"7700";"2000178041"
"2000384905";"APOP";"Chypre";"division inférieure";"Amateur";"1000";"692432"
"2000388306";"Gura Humorului";"Roumanie";"D3 roumaine groupe 1";"Professional";"12500";"7540206"
"2000402045";"Deportes Limache";"Chili";"Ligues inf. du Chili";"Professional";"200";"2000365507"
"2000468866";"1. FSV Mainz 05 II";"Allemagne";"Regionalliga Südwest";"Semi-Professional";"20300";"2000469371"
"446";"Segesta";"Croatie";"3ème Division";"Semi-Professional";"8000";"145436"
"587";"Athlone Town";"Irlande";"1ère Division";"Semi-Professional";"5000";"129373"
"913";"Trêves";"Allemagne";"Division Rég. Sud";"Semi-Professional";"10494";"27"
"1296";"Byåsen";"Norvège";"3ème division Groupe 2";"Semi-Professional";"2500";"53057342"
"2242";"Gütersloh";"Allemagne";"Division Régionale Ouest";"Semi-Professional";"12500";"35010927"
"120783";"Smederevo";"Serbie";"D1 serbe";"Professional";"16376";"5776050"
"123009";"South Coast Wolves";"Australie";"-";"Semi-Professional";"0";"-1"
"130211";"Green Gully";"Australie";"NPL Victoria";"Semi-Professional";"3000";"130188"
"130500";"Amkar";"Russie";"Division 2 B - Groupe 4";"Professional";"16873";"2000272306"
"130868";"Metalist";"Ukraine";"Première Ligue";"Professional";"12000";"5314302"
"138169";"Tabor";"Slovénie";"2ème Division";"Professional";"1310";"7580001"
"301100";"ARA";"Brésil";"D4";"Professional";"12500";"19127222"
"479504";"Dinamo-2 Moscow";"Russie";"Division 2 A Or";"Professional";"18636";"2000272298"
"814094";"Elche B";"Espagne";"D2 Fédé espagnole Gr5";"Professional";"1500";"2000099907"
"814632";"Vélez C.F.";"Espagne";"-";"Semi-Professional";"1680";"-1"
"831202";"Luparense";"Italie";"Série D Grp.C";"Semi-Professional";"1500";"1400402"
"877204";"Koblenz";"Allemagne";"Sud-Est";"Semi-Professional";"9500";"8700004"
"877215";"Velbert 02";"Allemagne";"Division Régionale Ouest";"Semi-Professional";"3000";"35010927"
"879199";"Ansbach";"Allemagne";"Div. régionale Sud-ouest";"Semi-Professional";"5000";"91107111"
"879256";"Lohne";"Allemagne";"Division Rég. Nord";"Semi-Professional";"7150";"26"
"879400";"Kilia Kiel";"Allemagne";"Schleswig-Holstein";"Semi-Professional";"5500";"35024476"
"879473";"Spelle-Venhaus";"Allemagne";"Division de Saxe";"Semi-Professional";"4000";"35102297"
"879487";"Bremer SV";"Allemagne";"Division Rég. Nord";"Semi-Professional";"8000";"26"
"879687";"Eilenburg";"Allemagne";"Div. régionale Nord-est";"Semi-Professional";"5600";"91107110"
"880293";"Freiberg";"Allemagne";"Division Rég. Sud";"Semi-Professional";"4500";"27"
"880373";"Bamberg";"Allemagne";"Bavière nord";"Semi-Professional";"22500";"91109039"
"880433";"Vilzing";"Allemagne";"Div. régionale Sud-ouest";"Semi-Professional";"3480";"91107111"
"892778";"Düren";"Allemagne";"Rhin moyen";"Semi-Professional";"6000";"91109042"
"893051";"Paderborn II";"Allemagne";"Division Régionale Ouest";"Professional";"15000";"35010927"
"917103";"Club Franciscain";"Martinique";"Régionale 1";"Semi-Professional";"2000";"82062798"
"1300916";"Bray Wanderers";"Irlande";"1ère Division";"Semi-Professional";"7000";"129373"
"3602383";"1.FC Bocholt";"Allemagne";"Division Régionale Ouest";"Semi-Professional";"3276";"35010927"
"3607261";"Eintracht Frankfurt II";"Allemagne";"Hesse";"Professional";"2530";"8700003"
"3608562";"Hansa Rostock II";"Allemagne";"Nord-Est (N)";"Semi-Professional";"5000";"8700008"
"4212286";"Tenerife B";"Espagne";"D2 Fédé espagnole Gr5";"Professional";"1632";"2000099907"
"5390146";"Hay Al-Arab";"Soudan";"Division inférieure du So";"Professional";"7000";"13220908"
"5621797";"April 25";"Corée du Nord";"Ligue nord-coréenne";"Semi-Professional";"114000";"23100525"
"5666502";"Inter Playa";"Mexique";"Serie A Groupe III";"Professional";"8000";"2000193550"
"5724876";"Langenthal";"Suisse";"1ère Ligue - Groupe 2";"Semi-Professional";"1680";"5724965"
"5743000";"Jedinstvo (U)";"Serbie";"D1 serbe";"Professional";"5494";"5776050"
"6002362";"Eimsbüttel";"Allemagne";"Hambourg";"Semi-Professional";"2000";"35024475"
"6002556";"Greifswald";"Allemagne";"Div. régionale Nord-est";"Semi-Professional";"8000";"91107110"
"8161605";"SV Oostkamp";"Belgique";"Deuxième division VV A";"Amateur";"2000";"18097860"
"8436745";"RUS Binche";"Belgique";"Deuxième division ACFF";"Amateur";"2000";"18097863"
"8711818";"Phönix Lübeck";"Allemagne";"Division Rég. Nord";"Semi-Professional";"3000";"26"
"8715219";"Rustavi";"Géorgie";"Ligue 2 nationale";"Professional";"10720";"59126496"
"13187232";"Fasil";"Éthiopie";"Première division";"Professional";"2000";"13211690"
"15008181";"Hume City";"Australie";"NPL Victoria";"Semi-Professional";"4500";"130188"
"16000967";"SV Langenrohr";"Autriche";"Niederösterreich";"Semi-Professional";"2500";"16000662"
"16001276";"SV Innsbruck";"Autriche";"Landesliga Ouest (T)";"Semi-Professional";"1000";"16036203"
"16010549";"SV Fügen";"Autriche";"Ligue régionale Tyrol d'A";"Amateur";"1500";"16302524"
"18081523";"K Berg en Dal VV";"Belgique";"Deuxième division BVV";"Amateur";"2700";"18097862"
"23502161";"TSL FC";"Hong Kong (RP de Chine)";"Première Division";"Semi-Professional";"800";"2000338501"
"24053788";"Osijek II";"Croatie";"-";"Semi-Professional";"204";"-1"
"35140224";"Barockstadt";"Allemagne";"Division Rég. Sud";"Semi-Professional";"18000";"27"
"42006473";"Maccabi Jaffa";"Israël";"Championnat Leumit";"Professional";"29106";"7860001"
"43157239";"Trastevere";"Italie";"Série D Grp.G";"Semi-Professional";"1213";"1400406"
"51014509";"Gavilanes";"Mexique";"Série A Groupe II";"Professional";"22000";"51066839"
"52086656";"Wexford";"Irlande";"1ère Division";"Semi-Professional";"2500";"129373"
"53168008";"FC Oslo";"Norvège";"3ème division Groupe 1";"Amateur";"3500";"53057341"
"57076763";"Agricola Borcea";"Roumanie";"D3 roumaine groupe 3";"Professional";"1000";"57015179"
"67059945";"Leioa";"Espagne";"D3 Fédé espagnole Gr4";"Professional";"2000";"2000099914"
"67121483";"Logroñés B";"Espagne";"D3 Fédé espagnole Gr16";"Professional";"3500";"2000099926"
"67276611";"C.D. Ibiza";"Espagne";"D2 Fédé espagnole Gr3";"Professional";"2000";"2000099905"
"91148473";"Ottensen";"Allemagne";"Hambourg";"Semi-Professional";"8000";"35024475"
"91149098";"Türkgücü München";"Allemagne";"Bavière sud";"Semi-Professional";"15000";"91109040"
"97208550";"Chainat Hornbill";"Thaïlande";"1ère division";"Professional";"12000";"5637986"
"98000628";"Linth 04";"Suisse";"Ligue 2 Inter Gr 5";"Semi-Professional";"1000";"98005773"
"98010008";"Coffrane";"Suisse";"1ère Ligue - Groupe 1";"Amateur";"500";"5724964"
"2000015398";"Desenzano";"Italie";"Série D Grp.D";"Semi-Professional";"1500";"1400403"
"2000078066";"CZ Mighty Lions";"Chine";"-";"Professional";"31836";"-1"
"2000185227";"RANS Nusantara";"Indonésie";"Ligue Nuswantara";"Professional";"5000";"41042746"
"2000209858";"Baník Ostrava";"Rép. tchèque";"Première Division";"Semi-Professional";"1000";"2000209811"
"2000257413";"Atlético Aracataca";"Colombie";"3ème Division";"Amateur";"3000";"5260949"
"2000261948";"Cedar Stars Academy";"États-Unis";"USSL W League";"Semi-Professional";"0";"2000335881"
"2000261981";"Paisley Athletic FC";"États-Unis";"USSL W League";"Semi-Professional";"0";"2000335881"
"2000261984";"Eagle FC";"États-Unis";"USSL W League";"Semi-Professional";"0";"2000335881"
"2000261988";"Virginia Marauders FC";"États-Unis";"USSL W League";"Semi-Professional";"0";"2000335881"
"2000261994";"Detroit City FC";"États-Unis";"USSL W League";"Semi-Professional";"0";"2000335881"
"2000261999";"Bavarian United SC";"États-Unis";"USSL W League";"Semi-Professional";"0";"2000335881"
"2000262004";"Minnesota Aurora FC";"États-Unis";"USSL W League";"Semi-Professional";"0";"2000335881"
"2000262005";"RKC Third Coast";"États-Unis";"USSL W League";"Semi-Professional";"0";"2000335881"
"2000262016";"Asheville City SC";"États-Unis";"USSL W League";"Semi-Professional";"1000";"2000335881"
"2000262038";"Wake FC";"États-Unis";"USSL W League";"Semi-Professional";"1800";"2000335881"
"2000262102";"Pleasanton Rage";"États-Unis";"USSL W League";"Semi-Professional";"0";"2000335881"
"2000277598";"Aberystwyth Town";"Pays de Galles";"Adran Premier";"Semi-Professional";"5000";"2000169152"
"2000284713";"San José (TF)";"Espagne";"2ème Division U19 espagno";"Semi-Professional";"500";"67248904"
"2000315462";"Panathinaikos";"Grèce";"Première Division";"Semi-Professional";"5025";"2000232803"
"2000337533";"Ayr United";"Écosse";"SW Championship";"Semi-Professional";"3000";"2000280992"
"2000337715";"Michiana FC";"États-Unis";"USSL W League";"Semi-Professional";"0";"2000335881"
"2000338457";"SC United Bantams";"États-Unis";"USSL W League";"Semi-Professional";"0";"2000335881"
"2000338705";"Brevard Riptide";"États-Unis";"USSL W League";"Semi-Professional";"0";"2000335881"
"2000338862";"Tallahassee Reckoning";"États-Unis";"USSL W League";"Semi-Professional";"6500";"2000335881"
"2000338875";"Athenians SC";"États-Unis";"USSL W League";"Semi-Professional";"0";"2000335881"
"2000339040";"Colorado Storm";"États-Unis";"USSL W League";"Semi-Professional";"0";"2000335881"
"2000388293";"Cetatea Suceava";"Roumanie";"D3 roumaine groupe 1";"Semi-Professional";"12500";"7540206"
"47081043";"FCI Levadia";"Estonie";"Première Ligue";"Professional";"14336";"7681558"
"357";"Spartak Plovdiv";"Bulgarie";"Ligue 3 SE";"Amateur";"5000";"7500138"
"395";"PWD Bamenda";"Cameroun";"Élite One";"Professional";"10000";"13172336"
"1423";"Vindbjart";"Norvège";"3ème division Groupe 5";"Semi-Professional";"1500";"53057345"
"1833";"Umeå FC";"Suède";"1ère Division Elite";"Semi-Professional";"6500";"52"
"1841";"Åtvidabergs FF";"Suède";"2ème Division Est";"Semi-Professional";"6100";"55"
"2254";"Reutlingen";"Allemagne";"Bade-Württemberg";"Semi-Professional";"12028";"8700002"
"101345";"Vado";"Italie";"Série D Grp.A";"Semi-Professional";"2000";"1400400"
"137910";"Grand-Lanc";"Suisse";"1ère Ligue - Groupe 1";"Semi-Professional";"1500";"5724964"
"137932";"Schötz";"Suisse";"1ère Ligue - Groupe 2";"Semi-Professional";"1300";"5724965"
"137936";"Chiasso";"Suisse";"Division inférieure";"Amateur";"5000";"137891"
"456474";"Kütahyaspor Futbol";"Turquie";"3ème division Grp 4";"Professional";"7500";"70043165"
"485474";"Shagadam";"Turkménistan";"Yokary Ligasy";"Professional";"5000";"5638083"
"702321";"Imperia";"Italie";"Série D Grp.A";"Semi-Professional";"3300";"1400400"
"814868";"Alfaro";"Espagne";"D2 Fédé espagnole Gr2";"Professional";"4000";"2000099904"
"831343";"Aprilia Racing";"Italie";"-";"Semi-Professional";"2544";"-1"
"880463";"Pipinsried";"Allemagne";"Bavière sud";"Semi-Professional";"2500";"91109040"
"1039598";"Chanthaburi";"Thaïlande";"1ère division";"Professional";"5000";"5637986"
"1300349";"07 Vestur";"Féroé";"Premiership";"Semi-Professional";"800";"8300358"
"1413271";"Este";"Italie";"Série D Grp.C";"Semi-Professional";"600";"1400402"
"1503465";"Náxara";"Espagne";"D2 Fédé espagnole Gr2";"Professional";"1500";"2000099904"
"3200574";"VK Ninove";"Belgique";"D1 nationale - VV";"Amateur";"4000";"2000370106"
"4200576";"Conquense";"Espagne";"D2 Fédé espagnole Gr5";"Professional";"6700";"2000099907"
"4203009";"Hospitalet";"Espagne";"D3 Fédé espagnole Gr5";"Professional";"6740";"2000099915"
"5100078";"Tamworth";"Angleterre";"Enterprise National";"Semi-Professional";"4565";"109201"
"5100326";"Longford";"Irlande";"1ère Division";"Semi-Professional";"5000";"129373"
"5103760";"Eastleigh";"Angleterre";"Enterprise National";"Professional";"5700";"109201"
"6000012";"Bischofswerda";"Allemagne";"Nord-Est (S)";"Semi-Professional";"3500";"8700007"
"6100223";"Cassino";"Italie";"Série D Grp.G";"Semi-Professional";"4100";"1400406"
"7500423";"Nesebar";"Bulgarie";"Ligue 3 SE";"Amateur";"8000";"7500138"
"7506018";"Strumska Slava";"Bulgarie";"Ligue 3 SO";"Amateur";"5000";"7500139"
"7521263";"ESMTK";"Hongrie";"Division III - Sud-Est";"Professional";"5000";"2000270609"
"8103641";"Vasalund IF";"Suède";"1ère Division Nord";"Semi-Professional";"4000";"8114888"
"13186809";"CF Rahimo";"Burkina Faso";"Première division";"Professional";"10000";"13211662"
"13198685";"Bahir Dar";"Éthiopie";"Première division";"Professional";"60000";"13211690"
"15007721";"Broadmeadow Magic";"Australie";"NPL - NNSW";"Semi-Professional";"1000";"15007722"
"15018710";"Port Melbourne";"Australie";"NPL Victoria";"Semi-Professional";"1000";"130188"
"15035971";"Wollongong Wolves";"Australie";"NPL NSW";"Semi-Professional";"23750";"130185"
"16001267";"SV Kematen";"Autriche";"Ligue régionale Tyrol d'A";"Semi-Professional";"1000";"16302524"
"16001309";"FC Egg";"Autriche";"Eliteleague Vorarlberg d'";"Semi-Professional";"1500";"16302523"
"19220160";"MAN";"Brésil";"D4";"Professional";"11000";"19127222"
"26036766";"APEA";"Chypre";"Division B";"Professional";"1500";"692431"
"27017889";"Holbæk";"Danemark";"CampoBet 3. Division";"Semi-Professional";"4000";"2000016262"
"38017664";"Bicske";"Hongrie";"Division III - Nord-Ouest";"Semi-Professional";"2000";"2000270610"
"40037965";"Hyderabad";"Inde";"-";"Professional";"30000";"-1"
"41060486";"Persikabo 1973";"Indonésie";"Ligue Nuswantara";"Professional";"30000";"41042746"
"42021605";"Ironi Modi'in";"Israël";"Championnat Leumit";"Professional";"400";"7860001"
"43066352";"Gozzano";"Italie";"Série D Grp.A";"Semi-Professional";"1530";"1400400"
"43156684";"Vastese";"Italie";"-";"Semi-Professional";"5374";"-1"
"52098789";"Kerry";"Irlande";"1ère Division";"Semi-Professional";"1250";"129373"
"67118675";"Saguntino";"Espagne";"D3 Fédé espagnole Gr6";"Professional";"4000";"2000099916"
"70087621";"Osmaniyespor FK";"Turquie";"3ème division Grp 2";"Professional";"6635";"70043163"
"71091269";"Victoriia";"Ukraine";"Première Ligue";"Professional";"1129";"5314302"
"77004056";"Los Caimanes";"Pérou";"Coupe du Pérou";"Professional";"17758";"5290552"
"84107158";"ARC Oleiros";"Portugal";"Première division Castelo";"Amateur";"1500";"83141262"
"98004504";"Monthey";"Suisse";"1ère Ligue - Groupe 1";"Semi-Professional";"4000";"5724964"
"2000082648";"WX Wugo";"Chine";"D2 Nord";"Professional";"25000";"1002872"
"2000153953";"City F.C.";"Nigeria";"Deuxième division C";"Semi-Professional";"5000";"2000254983"
"2000195017";"ACS Medias";"Roumanie";"D3 roumaine groupe 6";"Professional";"500";"57015182"
"2000259424";"Bryne";"Norvège";"Deuxième division Gr 1";"Semi-Professional";"4007";"2000367202"
"2000282424";"Racing Cartagena";"Espagne";"-";"Professional";"1500";"-1"
"2000314667";"Cascade";"Pays de Galles";"D2 Sud";"Amateur";"1000";"2000314851"
"2000315987";"Espanyol B";"Espagne";"Troisième division - Gr 2";"Amateur";"150";"2000302738"
"2000337833";"Gefle IF";"Suède";"Première division - Nord";"Amateur";"6400";"2000327935"
"2000338412";"Richmond";"États-Unis";"USSL W League";"Semi-Professional";"0";"2000335881"
"2000339151";"Peñarol";"Uruguay";"Première Division";"Semi-Professional";"8500";"2000338480"
"2000456402";"Estudiantil CNI";"Pérou";"Division 3 du Pérou";"Professional";"0";"2000454925"
"2000525884";"SC Delhi";"Inde";"Division nationale";"Professional";"60254";"40026565"
"233";"Oostende";"Belgique";"-";"Amateur";"9022";"-1"
"239";"Lyra-Lierse";"Belgique";"D1 nationale - VV";"Amateur";"5000";"2000370106"
"615";"Boston";"Angleterre";"Enterprise National";"Professional";"4473";"109201"
"808";"TB";"Féroé";"Premiership";"Semi-Professional";"800";"8300358"
"820";"MyPa";"Finlande";"2e Division Groupe A";"Semi-Professional";"4167";"33000118"
"821";"RoPS";"Finlande";"1ère Division";"Semi-Professional";"2803";"129131"
"834";"AS Beauvais Oise";"France";"National 2 - Groupe B";"Semi-Professional";"10178";"914522"
"854";"Istres FC";"France";"National 2 - Groupe C";"Semi-Professional";"17170";"914523"
"1414";"Ullern";"Norvège";"3ème division Groupe 1";"Semi-Professional";"2000";"53057341"
"1548";"Clyde";"Écosse";"William Hill League 2";"Semi-Professional";"6007";"48"
"1601";"Spartans";"Écosse";"William Hill League 2";"Semi-Professional";"3612";"48"
"1671";"Toledo";"Espagne";"D3 Fédé espagnole Gr18";"Professional";"5500";"2000099928"
"1697";"Mensajero";"Espagne";"D3 Fédé espagnole Gr12";"Professional";"4100";"2000099922"
"1986";"US Chantilly";"France";"National 2 - Groupe B";"Semi-Professional";"3000";"914522"
"1987";"Voltigeurs Châteaubriant";"France";"National 2 - Groupe A";"Semi-Professional";"2900";"19"
"2017";"FCSR Haguenau";"France";"National 2 - Groupe B";"Semi-Professional";"7000";"914522"
"2022";"La Roche VF";"France";"-";"Semi-Professional";"9000";"-1"
"2037";"Angoulême Charente FC";"France";"National 2 - Groupe A";"Semi-Professional";"6500";"19"
"2051";"US Saint-Malo";"France";"National 2 - Groupe A";"Semi-Professional";"1350";"19"
"2054";"AS Saint-Priest";"France";"National 2 - Groupe C";"Semi-Professional";"2000";"914523"
"2091";"US Granville";"France";"National 2 - Groupe A";"Semi-Professional";"3000";"19"
"2204";"Città di Gela";"Italie";"Série D Grp.I";"Semi-Professional";"4400";"1400408"
"2401";"Vila Real";"Portugal";"Championnat National - B";"Semi-Professional";"1200";"55065659"
"2402";"Maia Lidador";"Portugal";"Première division Porto d";"Amateur";"16000";"83141244"
"2411";"Lousada";"Portugal";"Première division Porto d";"Amateur";"3000";"83141244"
"2414";"Ovarense";"Portugal";"Première division Aveiro";"Amateur";"3000";"83141250"
"2432";"Sourense";"Portugal";"Première division Coimbra";"Amateur";"1000";"83141254"
"2434";"Machico";"Portugal";"Championnat National - A";"Semi-Professional";"3300";"55065643"
"2435";"Camacha";"Portugal";"Championnat National - A";"Semi-Professional";"3500";"55065643"
"2439";"Olímpico Montijo";"Portugal";"Première division Setúbal";"Amateur";"1000";"83141257"
"2442";"União Montemor";"Portugal";"Division d'élite Évora";"Amateur";"11350";"83141259"
"2472";"Lourinhanense";"Portugal";"Pro-national Lisbon";"Amateur";"2000";"83141248"
"2473";"Peniche";"Portugal";"Championnat National - C";"Semi-Professional";"6000";"55065660"
"2485";"Oliveira Bairro";"Portugal";"Première division Aveiro";"Amateur";"2000";"83141250"
"2489";"SC Rio Tinto";"Portugal";"Première division Porto d";"Amateur";"1500";"83141244"
"2814";"Arronches Benfica";"Portugal";"Div d'honneur Portalegre";"Amateur";"1000";"83141264"
"102370";"Transvaal";"Suriname";"Major League du Suriname";"Professional";"7100";"37040965"
"104775";"Bangu";"Brésil";"Division inférieure";"Professional";"10000";"19102111"
"109003";"Lealtad";"Espagne";"D2 Fédé espagnole Gr1";"Professional";"4100";"2000099903"
"114948";"Tadamoun";"Liban";"1ère Division";"Professional";"6500";"5629952"
"116192";"Makedonija GjP";"Macédoine du N.";"Ligue 1";"Professional";"1921";"8401070"
"129153";"P-Iirot";"Finlande";"2e Division Groupe B";"Semi-Professional";"2000";"33000117"
"129187";"VJS";"Finlande";"2e Division Groupe A";"Semi-Professional";"4600";"33000118"
"129699";"Kozani";"Grèce";"Division C Groupe 2";"Semi-Professional";"4000";"36087244"
"129706";"Poseidon Michanionas";"Grèce";"Division C Groupe 1";"Semi-Professional";"1000";"36087243"
"129707";"Thesprotos";"Grèce";"Division C Groupe 3";"Semi-Professional";"1250";"36087245"
"129708";"Chaidari";"Grèce";"Division C Groupe 6";"Semi-Professional";"465";"36087248"
"129886";"Krizevci (CRO)";"Croatie";"3ème Division";"Semi-Professional";"2000";"145436"
"130055";"Ba";"Fidji";"Fiji National League";"Semi-Professional";"13500";"8457149"
"130194";"Bonnyrigg White Eagles";"Australie";"Football NSW League 1";"Semi-Professional";"10000";"15020803"
"130507";"Metallurg Lipetsk";"Russie";"Division 2 B - Groupe 3";"Professional";"14578";"2000272305"
"130881";"Lida";"Biélorussie";"1ère Division";"Professional";"2926";"7483366"
"133674";"Kitchee";"Hong Kong (RP de Chine)";"1ère Division";"Professional";"6664";"5624449"
"135248";"Tadamun";"Koweït";"Première division koweïti";"Professional";"15000";"23063354"
"135308";"Naser";"Koweït";"Première division koweïti";"Professional";"17000";"23063354"
"135327";"Sur";"Oman";"Ligue O";"Professional";"8000";"23071760"
"135436";"Dibba Al-Hisn";"E.A.U.";"1ère Division A";"Professional";"6132";"7880028"
"137937";"Mendrisio";"Suisse";"1ère Ligue - Groupe 3";"Semi-Professional";"4260";"5724966"
"137969";"FC Lendorf";"Autriche";"Kärnten";"Semi-Professional";"2000";"16000660"
"138174";"Púchov";"Slovaquie";"2ème Division";"Professional";"6000";"7560277"
"201664";"RC Harelbeke";"Belgique";"Deuxième division VV A";"Amateur";"9737";"18097860"
"426791";"Easts";"Australie";"NPL Queensland";"Semi-Professional";"1000";"15041771"
"485662";"SKA-1938";"Biélorussie";"-";"Professional";"1500";"-1"
"485671";"Pinsk";"Biélorussie";"1ère Division";"Professional";"3136";"7483366"
"495359";"Zénith-2";"Russie";"Division 2 B - Groupe 2";"Professional";"3049";"2000272303"
"515941";"Hercules";"Finlande";"2e Division Groupe C";"Amateur";"1200";"33000120"
"517298";"Atlantis FC";"Finlande";"1ère Division";"Semi-Professional";"1000";"129131"
"686530";"Rodos";"Grèce";"Division C Groupe 5";"Semi-Professional";"3700";"36087247"
"687617";"POA";"Grèce";"Division C Groupe 6";"Semi-Professional";"1500";"36087248"
"692384";"Thermaikos Thermis";"Grèce";"Division C Groupe 1";"Semi-Professional";"315";"36087243"
"700034";"Afragolese";"Italie";"Série D Grp.H";"Semi-Professional";"2000";"1400407"
"710032";"Warta Poznan";"Pologne";"2ème division";"Professional";"922";"162504"
"717332";"Resovia";"Pologne";"2ème division";"Professional";"12699";"162504"
"729457";"Pedras Rubras";"Portugal";"Première division Porto d";"Amateur";"2500";"83141244"
"729459";"Angrense";"Portugal";"Ligue des Açores";"Amateur";"950";"83141252"
"729477";"Maria da Fonte";"Portugal";"Pro-national Braga";"Amateur";"1500";"83141246"
"733653";"Cesarense";"Portugal";"Première division Aveiro";"Amateur";"5000";"83141250"
"734115";"Vilaverdense";"Portugal";"Championnat National - A";"Semi-Professional";"1000";"55065643"
"734123";"Merelinense";"Portugal";"Pro-national Braga";"Amateur";"5000";"83141246"
"740512";"FC Castrense";"Portugal";"Première division Beja";"Amateur";"1000";"83141261"
"743226";"Tourizense";"Portugal";"Première division Coimbra";"Amateur";"1000";"83141254"
"744319";"Pampilhosa";"Portugal";"Première division Aveiro";"Amateur";"1000";"83141250"
"802359";"Djerv 1919";"Norvège";"3ème division Groupe 5";"Amateur";"500";"53057345"
"814071";"Cayón";"Espagne";"D3 Fédé espagnole Gr3";"Semi-Professional";"2700";"2000099913"
"814080";"Escobedo";"Espagne";"D3 Fédé espagnole Gr3";"Semi-Professional";"2000";"2000099913"
"814641";"Poblense";"Espagne";"D2 Fédé espagnole Gr3";"Professional";"8000";"2000099905"
"829174";"Sangiovannese";"Italie";"Eccellenza Toscana Grp.B";"Semi-Professional";"3400";"43064542"
"831115";"Derthona";"Italie";"Série D Grp.A";"Semi-Professional";"2300";"1400400"
"831121";"Savona";"Italie";"Promozione Liguria Grp.A";"Amateur";"2000";"43104633"
"831201";"Portogruaro";"Italie";"Série D Grp.C";"Semi-Professional";"4021";"1400402"
"831346";"Foligno";"Italie";"Série D Grp.E";"Semi-Professional";"5650";"1400404"
"831352";"Ostiamare";"Italie";"Série D Grp.F";"Semi-Professional";"1050";"1400405"
"836797";"Lentigione";"Italie";"Série D Grp.D";"Semi-Professional";"1000";"1400403"
"951334";"C.A.I. (CR)";"Argentine";"4ème division non AFA";"Semi-Professional";"8000";"14037261"
"952730";"Centro Español";"Argentine";"4ème division AFA";"Professional";"4000";"14037258"
"952745";"Muñiz";"Argentine";"4ème division AFA";"Professional";"700";"14037258"
"1016232";"Saham Club";"Oman";"Ligue O";"Professional";"19000";"23071760"
"1026830";"Al-Kharaitiyat";"Qatar";"D2 du Qatar";"Professional";"12000";"5632158"
"1031614";"Al-Diriyah";"Arabie saoudite";"First Division League";"Professional";"13537";"7920264"
"1300920";"U.C.D.";"Irlande";"1ère Division";"Semi-Professional";"3000";"129373"
"3200584";"RFCU La Calamine";"Belgique";"Deuxième division ACFF";"Amateur";"4000";"18097863"
"3502139";"SCS Locminé";"France";"National 2 - Groupe A";"Semi-Professional";"2500";"19"
"3503463";"Olympique Saumur FC";"France";"National 2 - Groupe A";"Semi-Professional";"2000";"19"
"4100014";"Marialvas";"Portugal";"Championnat National - C";"Semi-Professional";"500";"55065660"
"4100019";"Avanca";"Portugal";"Première division Aveiro";"Amateur";"5000";"83141250"
"4212372";"San Roque de Lepe";"Espagne";"D3 Fédé espagnole Gr10";"Professional";"3512";"2000099920"
"5250439";"General Velásquez";"Chili";"Deuxième division";"Professional";"1845";"75034137"
"5280218";"Deportivo Recoleta";"Paraguay";"1ère division";"Professional";"6000";"79010950"
"5316335";"Prykarpattia";"Ukraine";"Première Ligue";"Professional";"15000";"5314302"
"5340873";"Ethiopian Coffee";"Éthiopie";"Première division";"Professional";"35000";"13211690"
"5340906";"AFC Leopards";"Kenya";"Première division";"Professional";"30000";"13211639"
"5341604";"Al-Murooj SC";"Libye";"Premier League";"Professional";"8000";"13208974"
"5341645";"KCCA";"Ouganda";"Premier League";"Professional";"10000";"39037297"
"5360150";"NA Hussein-Dey";"Algérie";"Ligue 2 - Centre-Ouest";"Professional";"15000";"2000021476"
"5370412";"AS SONABEL";"Burkina Faso";"Première division";"Professional";"15000";"13211662"
"5390075";"Diables Noirs";"Congo";"Championnat national du C";"Professional";"5000";"13191378"
"5512115";"Malkiya";"Bahreïn";"Première Ligue";"Professional";"15000";"1039313"
"5625250";"Don Bosco";"Haïti";"Première division";"Semi-Professional";"5000";"73100020"
"5650154";"Loko";"Rép. tchèque";"3ème DivisionCFL";"Semi-Professional";"1500";"136041"
"5682513";"FS Stars";"Afrique du Sud";"-";"Semi-Professional";"20000";"-1"
"5723564";"Courtételle";"Suisse";"1ère Ligue - Groupe 2";"Amateur";"1500";"5724965"
"6100208";"F.C. Rieti";"Italie";"Eccellenza Lazio Grp.A";"Semi-Professional";"11147";"43064527"
"6201846";"Vendée Herbiers Foot";"France";"National 2 - Groupe A";"Semi-Professional";"5000";"19"
"7005001";"Lusitano VRSA";"Portugal";"Deuxième division Algarve";"Amateur";"2896";"2000016724"
"7522812";"Putnok";"Hongrie";"Division III - Nord-Est";"Professional";"1500";"2000270607"
"7600120";"ES Mostaganem";"Algérie";"League 1";"Professional";"20000";"12015290"
"8150349";"RC Hades";"Belgique";"Deuxième division BVV";"Amateur";"1000";"18097862"
"8162152";"Blois Foot 41";"France";"National 2 - Groupe B";"Semi-Professional";"7000";"914522"
"8162193";"Biesheim ASC";"France";"National 2 - Groupe B";"Semi-Professional";"1200";"914522"
"8426573";"Andrézieux-Bouthéon FC";"France";"National 2 - Groupe C";"Semi-Professional";"5000";"914523"
"8449786";"St-Pryvé St-Hilaire FC";"France";"National 2 - Groupe B";"Semi-Professional";"1620";"914522"
"8871884";"Cartaxo";"Portugal";"Div d'honneur Santarém";"Amateur";"2000";"83141255"
"8875820";"Aliados Lordelo";"Portugal";"Première division Porto d";"Amateur";"1500";"83141244"
"8878352";"Mortágua";"Portugal";"Championnat National - C";"Semi-Professional";"900";"55065660"
"12012365";"CS Duguwolofila";"Mali";"Championnat de Koulikoro";"Semi-Professional";"8000";"12093196"
"12019927";"URA";"Ouganda";"Premier League";"Professional";"1500";"39037297"
"12033282";"Military Production";"Égypte";"D2";"Professional";"30000";"12040323"
"12076590";"Bouaké FC";"Côte d'Ivoire";"1ère division";"Professional";"40000";"13109926"
"12078139";"Sol FC";"Côte d'Ivoire";"1ère division";"Professional";"1800";"13109926"
"12078182";"FC Mouna";"Côte d'Ivoire";"1ère division";"Professional";"1000";"13109926"
"13160633";"FC Tevragh Zeïna";"Mauritanie";"Super D1";"Professional";"20000";"13211655"
"13186054";"Salitas FC";"Burkina Faso";"Première division";"Professional";"40000";"13211662"
"14031206";"Dep. Roca";"Argentine";"4ème division non AFA";"Semi-Professional";"8000";"14037261"
"14057758";"Las Palmas (CB)";"Argentine";"5ème division non AFA";"Semi-Professional";"6000";"14037263"
"14064718";"Dep. Mandiyú";"Argentine";"4ème division non AFA";"Semi-Professional";"18000";"14037261"
"15017691";"Northcote City";"Australie";"PV1";"Semi-Professional";"5000";"15020175"
"15068483";"Newcastle Jets (NPL)";"Australie";"Football NSW League 1";"Semi-Professional";"4875";"15020803"
"15071478";"Melbourne Victory (NPL)";"Australie";"NPL Victoria";"Semi-Professional";"2800";"130188"
"16001269";"SV Kirchbichl";"Autriche";"Tirol";"Semi-Professional";"2000";"16000665"
"16009466";"SV Waidhofen/Thaya";"Autriche";"2.NÖ Landesliga Ouest";"Semi-Professional";"2000";"16036167"
"16010522";"SV Frauental";"Autriche";"Ligue haute C-O (St)";"Semi-Professional";"2500";"16036176"
"16036169";"USV Scheiblingkirchen";"Autriche";"Niederösterreich";"Semi-Professional";"1500";"16000662"
"16116685";"Wolfsberger AC II";"Autriche";"Division régionale centre";"Semi-Professional";"7300";"5607687"
"16238407";"Junge Wikinger Ried";"Autriche";"Division régionale centre";"Semi-Professional";"3360";"5607687"
"17033577";"Lokomotiv Gomel";"Biélorussie";"1ère Division";"Professional";"1950";"7483366"
"18020635";"CSE Manage";"Belgique";"Deuxième division ACFF";"Amateur";"2000";"18097863"
"18102910";"Yeelen Olympique";"Mali";"-";"Semi-Professional";"1000";"-1"
"18108473";"KVV Zelzate";"Belgique";"D1 nationale - VV";"Amateur";"1000";"2000370106"
"19273578";"AAA";"Brésil";"D4";"Professional";"5000";"19127222"
"20041349";"Orlando City B";"États-Unis";"Conférence Est MLSNP";"Professional";"100";"2000152068"
"20047516";"North Texas";"États-Unis";"Conférence Ouest MLSNP";"Professional";"48114";"2000152069"
"22017621";"Lovech";"Bulgarie";"Ligue 3 NO";"Amateur";"8114";"7500141"
"23007492";"1976 FC Phoenix";"Trinité-et-Tobago";"Premier League";"Semi-Professional";"1000";"82000461"
"23091000";"Al-Hedood";"Irak";"Deuxième division";"Professional";"5150";"2000118640"
"23405909";"Lee Man";"Hong Kong (RP de Chine)";"1ère Division";"Professional";"6664";"5624449"
"33004788";"FC Jazz";"Finlande";"1ère Division";"Semi-Professional";"1000";"129131"
"33064668";"SJK Akatemia";"Finlande";"Champ. de D1";"Semi-Professional";"5817";"2000228209"
"34003166";"Dinan Léhon FC";"France";"National 2 - Groupe A";"Semi-Professional";"2000";"19"
"34003188";"AS Furiani-Agliani";"France";"National 2 - Groupe B";"Semi-Professional";"2000";"914522"
"36006475";"Tilykratis";"Grèce";"Division C Groupe 3";"Semi-Professional";"1300";"36087245"
"36015313";"Nea Ionia";"Grèce";"Division C Groupe 5";"Semi-Professional";"720";"36087247"
"36118766";"Ethnikos Neou Keramidiou";"Grèce";"Division C Groupe 2";"Semi-Professional";"4956";"36087244"
"36500004";"Lincoln (GIB)";"Gibraltar";"Gib Football League";"Professional";"2226";"36532636"
"38019809";"DEAC";"Hongrie";"Division III - Nord-Est";"Professional";"3200";"2000270607"
"43058699";"Caronnese";"Italie";"Eccellenza Lombardia 1";"Semi-Professional";"1000";"43064530"
"43066063";"Crema";"Italie";"Série D Grp.D";"Semi-Professional";"3279";"1400403"
"43211014";"Castellanzese";"Italie";"Série D Grp.B";"Semi-Professional";"498";"1400401"
"43315321";"Giulianova";"Italie";"Série D Grp.F";"Semi-Professional";"5625";"1400405"
"43599645";"Virtus Ciserano";"Italie";"Série D Grp.B";"Semi-Professional";"1000";"1400401"
"43599674";"Ponte San Pietro";"Italie";"-";"Semi-Professional";"2000";"-1"
"50046914";"SC Toulon";"France";"National 2 - Groupe C";"Semi-Professional";"8200";"914523"
"50048499";"Marignane Gignac FC";"France";"-";"Semi-Professional";"0";"-1"
"50051200";"Entente Feignies Aulnoye";"France";"National 2 - Groupe B";"Semi-Professional";"1500";"914522"
"50068554";"Wasquehal Football";"France";"National 2 - Groupe B";"Semi-Professional";"1500";"914522"
"50073364";"GFA Rumilly-Vallières";"France";"National 2 - Groupe C";"Semi-Professional";"2500";"914523"
"51008763";"UA Zacatecas";"Mexique";"Série A Groupe I";"Semi-Professional";"20737";"51066838"
"52077895";"Titus Pétange";"Luxembourg";"Division Nationale";"Semi-Professional";"2400";"5340000"
"55001075";"Brito SC";"Portugal";"Championnat National - A";"Semi-Professional";"1000";"55065643"
"55001104";"Eléctrico";"Portugal";"Championnat National - C";"Semi-Professional";"1100";"55065660"
"55001122";"Almancilense";"Portugal";"Division Algarve U19 du P";"Amateur";"500";"83191761"
"55012045";"Atlético Reguengos";"Portugal";"Division d'élite Évora";"Amateur";"1000";"83141259"
"55012090";"Rabo Peixe";"Portugal";"Ligue des Açores";"Amateur";"2500";"83141252"
"55020412";"Moura";"Portugal";"Première division Beja";"Semi-Professional";"6000";"83141261"
"55027245";"Sp. Ideal";"Portugal";"Division des Açores";"Amateur";"2500";"2000019650"
"55027256";"Alpendorada";"Portugal";"Championnat National - B";"Semi-Professional";"7000";"55065659"
"55027909";"Lusitano Vildemoinhos";"Portugal";"Division d'honneur Viseu";"Amateur";"7000";"83141251"
"55027913";"Comércio Indústria";"Portugal";"Championnat National - D";"Semi-Professional";"1500";"55065661"
"55038918";"Pedras Salgadas";"Portugal";"Div d'honneur Vila";"Amateur";"2000";"83141258"
"57000258";"Dunarea Calarasi";"Roumanie";"D3 roumaine groupe 3";"Professional";"6000";"57015179"
"65010493";"Mbombela Utd";"Afrique du Sud";"Div. inf. Mpumulanga";"Semi-Professional";"10000";"65010783"
"65025798";"Highbury FC";"Afrique du Sud";"1ère Division";"Professional";"15000";"131235"
"65029901";"Royal Eagles";"Afrique du Sud";"Div. inf. KwaZulu";"Semi-Professional";"12000";"65010786"
"66033365";"Hwaseong";"Corée du Sud";"K League 2";"Professional";"35266";"66029602"
"67148325";"Girona B";"Espagne";"D2 Fédé espagnole Gr3";"Professional";"1000";"2000099905"
"67196154";"Móstoles URJC";"Espagne";"D3 Fédé espagnole Gr7";"Professional";"6000";"2000099917"
"67224671";"U.D. San Fernando";"Espagne";"D3 Fédé espagnole Gr12";"Professional";"600";"2000099922"
"67259097";"Xerez DFC";"Espagne";"D2 Fédé espagnole Gr4";"Professional";"20523";"2000099906"
"71100095";"Nyva Ternopil";"Ukraine";"Première Ligue";"Professional";"15150";"5314302"
"72043492";"Toronto FC II";"Canada";"Conférence Est MLSNP";"Professional";"5000";"2000152068"
"72043493";"Vancouver 2";"Canada";"Conférence Ouest MLSNP";"Professional";"5288";"2000152069"
"73100018";"Mirebalais";"Haïti";"Première division";"Semi-Professional";"1500";"73100020"
"75000016";"Deportes Rengo";"Chili";"Deuxième division";"Professional";"3000";"75034137"
"83202720";"Chaves B";"Portugal";"Championnat National - A";"Semi-Professional";"1000";"55065643"
"83208744";"Rio Ave B";"Portugal";"-";"Semi-Professional";"0";"-1"
"83216646";"Naval 1893";"Portugal";"Championnat National - C";"Semi-Professional";"9000";"55065660"
"83255937";"BSAD";"Portugal";"-";"Amateur";"2230";"-1"
"83301114";"Alverca B";"Portugal";"Championnat National - D";"Professional";"500";"55065661"
"84107055";"São Martinho";"Portugal";"Championnat National - A";"Semi-Professional";"2000";"55065643"
"84107118";"Condeixa";"Portugal";"Deuxième division Coimbra";"Amateur";"1000";"2000016766"
"84107162";"Moncarapachense";"Portugal";"Championnat National - D";"Professional";"1000";"55065661"
"85038848";"EFC Fréjus Saint-Raphaël";"France";"National 2 - Groupe C";"Semi-Professional";"1330";"914523"
"85042138";"Stade Poitevin FC";"France";"National 2 - Groupe A";"Semi-Professional";"12000";"19"
"85132485";"Golden Lion";"Martinique";"Régionale 1";"Semi-Professional";"1600";"82062798"
"87002787";"Santa Tecla FC";"Salvador";"El Salvador Lower Leagues";"Professional";"3000";"2000420315"
"98003426";"Neuchâtel Xamax U21";"Suisse";"-";"Semi-Professional";"11997";"-1"
"2000015603";"New England II";"États-Unis";"Conférence Est MLSNP";"Professional";"5000";"2000152068"
"2000016224";"Inter Miami II";"États-Unis";"Conférence Est MLSNP";"Professional";"21550";"2000152068"
"2000020418";"GOAL FC";"France";"National 2 - Groupe C";"Semi-Professional";"6000";"914523"
"2000023101";"Mykonos";"Grèce";"Division C Groupe 6";"Semi-Professional";"700";"36087248"
"2000027215";"Philadelphia II";"États-Unis";"Conférence Est MLSNP";"Professional";"18500";"2000152068"
"2000034771";"Estrela da Amadora B";"Portugal";"-";"Professional";"3325";"-1"
"2000067188";"ACO OLS";"Finlande";"1ère Division";"Semi-Professional";"1200";"129131"
"2000096987";"Bourges FC";"France";"National 2 - Groupe B";"Semi-Professional";"13000";"914522"
"2000098844";"Botev Plovdiv II";"Bulgarie";"-";"Professional";"3544";"-1"
"2000107798";"Hyères 83 FC";"France";"National 2 - Groupe C";"Semi-Professional";"1524";"914523"
"2000122659";"Juventud Real Magangué";"Colombie";"3ème Division";"Amateur";"4500";"5260949"
"2000124441";"US Thionville Lusitanos";"France";"National 2 - Groupe B";"Semi-Professional";"3000";"914522"
"2000125448";"Niva Dolbizno";"Biélorussie";"1ère Division";"Professional";"300";"7483366"
"2000127993";"La Provincia F.C.";"Colombie";"3ème Division";"Amateur";"1250";"5260949"
"2000131770";"Nacional da Madeira B";"Portugal";"Div d'honneur Madeira";"Amateur";"1500";"83141260"
"2000152191";"Houston 2";"États-Unis";"Conférence Ouest MLSNP";"Professional";"4000";"2000152069"
"2000152193";"Colorado 2";"États-Unis";"Conférence Ouest MLSNP";"Professional";"2000";"2000152069"
"2000152198";"Chicago II";"États-Unis";"Conférence Ouest MLSNP";"Professional";"28000";"2000152069"
"2000152199";"NYCFC II";"États-Unis";"Conférence Est MLSNP";"Professional";"2168";"2000152068"
"2000152200";"MNUFC2";"États-Unis";"Conférence Ouest MLSNP";"Professional";"10000";"2000152069"
"2000152201";"San Jose II";"États-Unis";"Conférence Ouest MLSNP";"Professional";"18000";"2000152069"
"2000152202";"St. Louis CITY 2";"États-Unis";"Conférence Ouest MLSNP";"Professional";"22423";"2000152069"
"2000152203";"Austin II";"États-Unis";"Conférence Ouest MLSNP";"Professional";"2000";"2000152069"
"2000152204";"Crown Legacy";"États-Unis";"Conférence Est MLSNP";"Professional";"5300";"2000152068"
"2000152205";"LAFC 2";"États-Unis";"Conférence Ouest MLSNP";"Professional";"10000";"2000152069"
"2000152207";"Cincinnati 2";"États-Unis";"Conférence Est MLSNP";"Professional";"1500";"2000152068"
"2000166657";"Bridgwater Utd";"Angleterre";"D1 nat. fém SO";"Semi-Professional";"2500";"2000168705"
"2000172711";"Nariño F.C.";"Colombie";"3ème Division";"Amateur";"2000";"5260949"
"2000173524";"Spokane";"États-Unis";"Division 2 de USSL";"Professional";"5000";"20047508"
"2000181440";"Zébra Élites";"Belgique";"D1 nationale - ACFF";"Professional";"8000";"2000370107"
"2000203979";"Union SG U23";"Belgique";"D1 nationale - ACFF";"Professional";"2000";"2000370107"
"2000204920";"FC Borgo";"France";"National 2 - Groupe B";"Semi-Professional";"2000";"914522"
"2000206688";"Elche";"Espagne";"Troisième division - Gr 2";"Semi-Professional";"600";"2000302738"
"2000207626";"LPS HD Clinceni";"Roumanie";"D3 roumaine groupe 5";"Semi-Professional";"4500";"57015181"
"2000209705";"Delta Queens";"Nigeria";"Première Division B";"Semi-Professional";"22000";"2000350537"
"2000232788";"Huntsville";"États-Unis";"Conférence Est MLSNP";"Professional";"6600";"2000152068"
"2000232845";"Breznica";"Monténégro";"Ligue féminine";"Professional";"5140";"2000232846"
"2000235756";"Carolina Core";"États-Unis";"Conférence Est MLSNP";"Professional";"5000";"2000152068"
"2000240802";"R.U. Tenerife";"Espagne";"Troisième division - Gr 2";"Semi-Professional";"2000";"2000302738"
"2000252590";"Montauban FC TG";"France";"D3 - Groupe B";"Semi-Professional";"400";"2000278259"
"2000252649";"Grei";"Norvège";"Deuxième division Gr 2";"Amateur";"3825";"2000367203"
"2000256230";"Ciamen F.C.";"Colombie";"3ème Division";"Amateur";"4000";"5260949"
"2000261768";"Iraklis Thermaikou";"Grèce";"Division C Groupe 1";"Semi-Professional";"1000";"36087243"
"2000261951";"Long Island";"États-Unis";"USSL W League";"Semi-Professional";"10102";"2000335881"
"2000262008";"Indy Eleven";"États-Unis";"USSL W League";"Semi-Professional";"0";"2000335881"
"2000262093";"Academica SC";"États-Unis";"USSL W League";"Semi-Professional";"600";"2000335881"
"2000262098";"Marin FC";"États-Unis";"USSL W League";"Semi-Professional";"0";"2000335881"
"2000276283";"DLR Waves";"Irlande";"Premier Division";"Amateur";"3000";"2000232910"
"2000276286";"Treaty United";"Irlande";"Premier Division";"Amateur";"4500";"2000232910"
"2000276287";"Sligo Rovers";"Irlande";"Premier Division";"Amateur";"4200";"2000232910"
"2000276288";"Cork City";"Irlande";"Premier Division";"Amateur";"7383";"2000232910"
"2000276724";"Banga";"Lituanie";"Ligue A";"Semi-Professional";"2300";"2000232685"
"2000277525";"Krim";"Slovénie";"Ligue féminine";"Semi-Professional";"3000";"2000232806"
"2000277541";"Fehérvár";"Hongrie";"Lower Division";"Semi-Professional";"14200";"2000343095"
"2000277968";"AO REA";"Grèce";"Première Division";"Semi-Professional";"1000";"2000232803"
"2000277986";"Karadeniz Eregli Bld.";"Turquie";"Ligue 1";"Semi-Professional";"2000";"2000277954"
"2000279122";"Valentina";"Haïti";"Championnat National Fémi";"Amateur";"2000";"2000274213"
"2000279762";"Coamo";"Porto Rico";"LPR Fem";"Amateur";"3000";"2000274211"
"2000290825";"Chester-le-Street";"Angleterre";"D1 nat. fém Nord";"Semi-Professional";"500";"2000168702"
"2000314662";"Bangor";"Pays de Galles";"D2 Nord";"Amateur";"3400";"2000314847"
"2000314671";"Cwmbran Celtic";"Pays de Galles";"D2 Sud";"Semi-Professional";"1000";"2000314851"
"2000316003";"Getafe";"Espagne";"D3 - Groupe 3";"Semi-Professional";"300";"2000473694"
"2000328076";"Husqvarna FF";"Suède";"Première div. - Centre";"Amateur";"3500";"2000327938"
"2000328472";"Cerro Porteño";"Paraguay";"Championnat";"Semi-Professional";"4500";"2000338393"
"2000333947";"Halmstads BK";"Suède";"Première division - Sud";"Semi-Professional";"15250";"2000327937"
"2000337867";"GanZ Ruishi";"Chine";"D2 Sud";"Professional";"26000";"1002873"
"2000337868";"DL K'un City";"Chine";"1ère Division";"Professional";"30872";"131126"
"2000337886";"GuiZ Zhucheng";"Chine";"D2 Sud";"Professional";"52888";"1002873"
"2000338029";"Örgryte IS";"Suède";"Première division - Sud";"Amateur";"4500";"2000327937"
"2000338871";"AHFC Royals";"États-Unis";"USSL W League";"Semi-Professional";"1500";"2000335881"
"2000338881";"Inter d'Abidjan";"Côte d'Ivoire";"D1 de Côte d'Ivoire";"Amateur";"1000";"2000338494"
"2000339008";"Libertad Limpeño";"Paraguay";"Championnat";"Semi-Professional";"4500";"2000338393"
"2000339053";"PKKU";"Finlande";"D1 de Finlande";"Amateur";"200";"2000338263"
"2000339286";"RC Roubaix Wervicq";"France";"D3 - Groupe A";"Semi-Professional";"3000";"2000278258"
"2000339955";"Progrès";"Luxembourg";"Lower Division";"Semi-Professional";"2800";"2000340048"
"2000340808";"SM Caen";"France";"D3 - Groupe A";"Semi-Professional";"3500";"2000278258"
"2000342374";"VPS";"Finlande";"Div. inférieure féminine";"Semi-Professional";"5453";"2000439966"
"2000342462";"RoPS";"Finlande";"D1 de Finlande";"Amateur";"2803";"2000338263"
"2000342465";"MuSa";"Finlande";"Div. inférieure féminine";"Semi-Professional";"0";"2000439966"
"2000342873";"Swift Hesperange";"Luxembourg";"Ligue féminine";"Semi-Professional";"4100";"2000233754"
"2000343194";"JKT Queens";"Tanzanie";"Premier League fém.";"Semi-Professional";"1000";"2000343118"
"2000345401";"Wadi Degla";"Égypte";"PLF d'Égypte";"Professional";"0";"2000338481"
"2000347053";"Zesco";"Zambie";"Championnat féminin";"Professional";"5000";"2000346822"
"2000347066";"Red Arrows";"Zambie";"Championnat féminin";"Professional";"7500";"2000346822"
"2000347789";"The Town";"États-Unis";"-";"Professional";"5500";"-1"
"2000347790";"Ventura County";"États-Unis";"Conférence Ouest MLSNP";"Professional";"2500";"2000152069"
"2000351653";"FUS Rabat";"Maroc";"Championnat du Maroc";"Professional";"1000";"2000338483"
"2000355474";"Mile Gully";"Jamaïque";"PLF de Jamaïque";"Amateur";"3000";"2000343082"
"2000357692";"Than KSVN";"Vietnam";"Ligue féminine nationale";"Semi-Professional";"15000";"2000343101"
"2000358486";"Kickstart";"Inde";"Ligue féminine d'Inde";"Semi-Professional";"0";"2000343111"
"2000360638";"Sporting Club BM";"Guadeloupe";"Première Division";"Amateur";"1250";"2000274184"
"2000361042";"Bunyodkor";"Ouzbékistan";"Ligue fém. d'Ouzbékistan";"Semi-Professional";"0";"2000338398"
"2000361531";"Newtown Utd";"Saint-Kitts";"Ligue féminine";"Amateur";"3500";"2000274209"
"2000363350";"Istra 1961";"Croatie";"Ligue 1";"Semi-Professional";"9198";"2000232723"
"2000366004";"Dinamo Jug";"Serbie";"D1 serbe";"Semi-Professional";"5000";"5776050"
"2000366677";"Kruger Utd";"Afrique du Sud";"1ère Division";"Professional";"45014";"131235"
"2000369842";"Dubocica";"Serbie";"Lower Division";"Semi-Professional";"8136";"2000343088"
"2000377769";"AC Port of Spain";"Trinité-et-Tobago";"D1 de TT";"Amateur";"3000";"2000278982"
"2000378457";"Jamus SC";"Soudan du Sud";"Première division";"Professional";"7000";"13211718"
"2000380271";"RAAL La Louvière";"Belgique";"Première Division";"Amateur";"8056";"2000338410"
"2000382349";"Brera Tiverija";"Macédoine du N.";"Ligue 1";"Semi-Professional";"700";"2000233879"
"2000384597";"Al-Ahly";"Égypte";"PLF d'Égypte";"Professional";"12000";"2000338481"
"2000438887";"Waterford";"Irlande";"Premier Division";"Amateur";"5160";"2000232910"
"2000450204";"Los Perfectos";"Jamaïque";"PLF de Jamaïque";"Amateur";"3000";"2000343082"
"2000450206";"Wifi Utd";"Jamaïque";"PLF de Jamaïque";"Amateur";"3000";"2000343082"
"2000459989";"Hudson Valley Crusaders";"États-Unis";"USSL W League";"Semi-Professional";"0";"2000335881"
"2000469079";"RC Grasse";"France";"National 2 - Groupe C";"Semi-Professional";"2299";"914523"
"2000471814";"Midlands Wanderers";"Afrique du Sud";"1ère Division";"Professional";"12000";"131235"
"2000472906";"The Bees";"Afrique du Sud";"1ère Division";"Professional";"10000";"131235"
"2000473806";"Vendée FC La Roche";"France";"National 2 - Groupe A";"Semi-Professional";"9000";"19"
"2000494425";"Union Military SC";"Libye";"Premier League";"Professional";"10000";"13208974"
"541";"Næsby";"Danemark";"CampoBet 3. Division";"Semi-Professional";"2500";"2000016262"
"803";"B 68";"Féroé";"Premiership";"Semi-Professional";"6000";"8300358"
"1369";"Os";"Norvège";"3ème division Groupe 4";"Semi-Professional";"1000";"53057344"
"1738";"R. Madrid C";"Espagne";"D2 Fédé espagnole Gr5";"Professional";"2500";"2000099907"
"1778";"Xerez";"Espagne";"D2 Fédé espagnole Gr4";"Professional";"20523";"2000099906"
"2095";"R. Jaén";"Espagne";"D2 Fédé espagnole Gr4";"Professional";"12569";"2000099906"
"2170";"Lunds BK";"Suède";"1ère Division Sud";"Semi-Professional";"8560";"8114887"
"102014";"A. Bilbao C";"Espagne";"D2 Fédé espagnole Gr2";"Professional";"5000";"2000099904"
"121181";"Plauen";"Allemagne";"Nord-Est (S)";"Semi-Professional";"10500";"8700007"
"130057";"Lautoka";"Fidji";"Fiji National League";"Semi-Professional";"18000";"8457149"
"130838";"SV Spittal/Drau";"Autriche";"Kärnten";"Semi-Professional";"4000";"16000660"
"137903";"Chênois";"Suisse";"1ère Ligue - Groupe 1";"Semi-Professional";"1000";"5724964"
"137913";"Martigny";"Suisse";"1ère Ligue - Groupe 1";"Semi-Professional";"3500";"5724964"
"137942";"Kreuzlingen";"Suisse";"Ligue 1 Promotion";"Semi-Professional";"1300";"98027828"
"314600";"Cianorte";"Brésil";"D4";"Professional";"4000";"19127222"
"456134";"Izmir Çoruhlu FK";"Turquie";"3ème division Grp 4";"Professional";"9138";"70043165"
"477560";"Chertanovo";"Russie";"Division 2 B - Groupe 2";"Professional";"500";"2000272303"
"484441";"Nebitçi";"Turkménistan";"Yokary Ligasy";"Professional";"10000";"5638083"
"619076";"Utsikten";"Suède";"1ère Division Elite";"Professional";"5550";"52"
"775201";"Iwate Univ.";"Japon";"-";"Amateur";"15000";"-1"
"814437";"Arandina";"Espagne";"D3 Fédé espagnole Gr8";"Semi-Professional";"5000";"2000099918"
"814461";"Leonesa B";"Espagne";"D3 Fédé espagnole Gr8";"Professional";"5500";"2000099918"
"814623";"Torremolinos";"Espagne";"D1B Fédération espagnole";"Professional";"3000";"2000048846"
"824175";"Portugalete";"Espagne";"D3 Fédé espagnole Gr4";"Professional";"5000";"2000099914"
"829178";"Igea Virtus";"Italie";"Série D Grp.I";"Semi-Professional";"4802";"1400408"
"831234";"Adriese";"Italie";"Série D Grp.C";"Semi-Professional";"2500";"1400402"
"831245";"Vigor Senigallia";"Italie";"Série D Grp.F";"Semi-Professional";"4000";"1400405"
"831285";"Poggibonsi";"Italie";"Série D Grp.E";"Semi-Professional";"2513";"1400404"
"831362";"Palmese (NA)";"Italie";"Série D Grp.G";"Semi-Professional";"4000";"1400406"
"879695";"Oberlausitz";"Allemagne";"Div inf. d'Allemagne";"Semi-Professional";"3000";"8700660"
"952744";"Atl. Lugano";"Argentine";"4ème division AFA";"Professional";"300";"14037258"
"1401285";"Francavilla Sinni";"Italie";"Série D Grp.H";"Semi-Professional";"1200";"1400407"
"1401311";"Montebelluna";"Italie";"-";"Semi-Professional";"3000";"-1"
"1503413";"Cristo At.";"Espagne";"D3 Fédé espagnole Gr8";"Professional";"8078";"2000099918"
"3804385";"Fanfulla";"Italie";"Eccellenza Lombardia 2";"Semi-Professional";"2184";"43064531"
"4200569";"Tropezón";"Espagne";"D3 Fédé espagnole Gr3";"Professional";"4000";"2000099913"
"4212216";"Albacete B";"Espagne";"D3 Fédé espagnole Gr18";"Professional";"4000";"2000099928"
"4212256";"Vallecano B";"Espagne";"D2 Fédé espagnole Gr5";"Professional";"3000";"2000099907"
"4212416";"Tafalla";"Espagne";"D3 Fédé espagnole Gr15";"Professional";"2500";"2000099925"
"4212428";"Ávila";"Espagne";"D2 Fédé espagnole Gr1";"Professional";"6000";"2000099903"
"4212901";"Covadonga";"Espagne";"D3 Fédé espagnole Gr2";"Semi-Professional";"2000";"2000099912"
"5340971";"Rayon Sports";"Rwanda";"Première division";"Professional";"21000";"13211703"
"5395158";"Antigua GFC";"Guatemala";"Ligue Nationale";"Professional";"9000";"87000495"
"5608795";"SV Grün-Weiß Micheldorf";"Autriche";"Oberösterreich";"Semi-Professional";"2000";"16000663"
"5744823";"Mornar";"Monténégro";"Premiership";"Professional";"2500";"5745020"
"7442999";"Prat";"Espagne";"Superlliga Catalana";"Professional";"2041";"2000289890"
"7840108";"Haukar";"Islande";"Deuxième division";"Semi-Professional";"2120";"39030708"
"7983162";"Licata";"Italie";"Eccellenza Sicilia 1";"Semi-Professional";"800";"43064539"
"7983765";"Chieri";"Italie";"Eccellenza Piemonte 2";"Semi-Professional";"3000";"43064536"
"8073000";"Dinamo Kirov";"Russie";"Division 2 A Or";"Professional";"1504";"2000272298"
"8151580";"Eendracht Termien";"Belgique";"Deuxième division BVV";"Amateur";"2500";"18097862"
"8825225";"Atenas";"Uruguay";"2ème division pro";"Professional";"4900";"5512771"
"16001308";"FC Bizau";"Autriche";"Eliteleague Vorarlberg d'";"Semi-Professional";"2000";"16302523"
"16010496";"ASKÖ St. Michael/Bl.";"Autriche";"Unterliga Est (K)";"Semi-Professional";"2000";"16036186"
"16010513";"SK Maria Saal";"Autriche";"Unterliga Est (K)";"Semi-Professional";"1500";"16036186"
"16010574";"FC Andelsbuch";"Autriche";"Vorarlberg";"Semi-Professional";"2000";"16000658"
"16058400";"UFC Altenmarkt";"Autriche";"Landesliga Salzburg 1";"Semi-Professional";"1500";"16057920"
"16255004";"SV Dinamo Helfort";"Autriche";"Division autrichienne de ";"Semi-Professional";"2000";"16000661"
"23492352";"YB Longding";"Chine";"1ère Division";"Professional";"30000";"131126"
"43066027";"Arconatese";"Italie";"Eccellenza Lombardia 1";"Semi-Professional";"500";"43064530"
"43066297";"Pompei";"Italie";"Série D Grp.H";"Semi-Professional";"470";"1400407"
"43095992";"Seravezza";"Italie";"Série D Grp.E";"Semi-Professional";"2000";"1400404"
"43156720";"Villa Valle";"Italie";"Série D Grp.B";"Semi-Professional";"750";"1400401"
"43157372";"Anzio";"Italie";"Série D Grp.G";"Semi-Professional";"3500";"1400406"
"43204868";"Flaminia";"Italie";"Série D Grp.G";"Semi-Professional";"1000";"1400406"
"43288935";"Virtus Bolzano";"Italie";"Eccellenza Trentino-Alto ";"Semi-Professional";"1000";"43064543"
"45026220";"Keio Univ.";"Japon";"-";"Amateur";"6000";"-1"
"47040647";"Kauno Žalgiris";"Lituanie";"TOPsport A lyga";"Professional";"15026";"2300046"
"51071410";"Cañoneros";"Mexique";"Serie A Groupe III";"Professional";"3000";"2000193550"
"52072515";"Mondorf";"Luxembourg";"Division Nationale";"Semi-Professional";"3600";"5340000"
"53094312";"Trygg/Lade";"Norvège";"3ème division Groupe 2";"Amateur";"4800";"53057342"
"57015312";"Sanatatea Cluj";"Roumanie";"D3 roumaine groupe 8";"Semi-Professional";"350";"57015314"
"57062710";"AFC Odorheiu Secuiesc";"Roumanie";"D3 roumaine groupe 1";"Professional";"5000";"7540206"
"57113519";"SC Popesti Leordeni";"Roumanie";"D3 roumaine groupe 3";"Professional";"2000";"57015179"
"67016709";"Andratx";"Espagne";"D2 Fédé espagnole Gr3";"Professional";"2000";"2000099905"
"67040819";"Alcorcón B";"Espagne";"D3 Fédé espagnole Gr7";"Professional";"5100";"2000099917"
"67041063";"C.D. Vitoria";"Espagne";"-";"Professional";"1000";"-1"
"67128769";"Llanera";"Espagne";"D3 Fédé espagnole Gr2";"Professional";"500";"2000099912"
"67224700";"Lorca D.";"Espagne";"D2 Fédé espagnole Gr4";"Professional";"8120";"2000099906"
"67291347";"Atlético Paso";"Espagne";"D3 Fédé espagnole Gr12";"Professional";"5000";"2000099922"
"70018774";"Silivrispor";"Turquie";"3ème division Grp 1";"Professional";"4500";"70043162"
"70078650";"Kirsehir FSK";"Turquie";"3ème division Grp 2";"Professional";"7600";"70043163"
"76003822";"Cyclones Cali";"Colombie";"Liga Vallecaucana";"Semi-Professional";"500";"2000173873"
"80000765";"Liga de Cuenca";"Équateur";"Segunda Categoría de Azua";"Semi-Professional";"1000";"2000100874"
"88000399";"Melville United";"Nouvelle-Zélande";"NRFL Championship";"Amateur";"750";"88006348"
"98010104";"Grand-Saconnex";"Suisse";"Ligue 1 Promotion";"Amateur";"1300";"98027828"
"2000034652";"La Unión At.";"Espagne";"-";"Professional";"3000";"-1"
"2000101878";"Dinamo Vladivostok";"Russie";"Division 2 A Argent";"Professional";"10200";"2000272300"
"2000107920";"Rojo F.C.";"Colombie";"Liga Antioqueña";"Semi-Professional";"3500";"2000173837"
"2000127978";"Stefanesti";"Roumanie";"D3 roumaine groupe 4";"Semi-Professional";"0";"57015180"
"2000183928";"SJZ Gongfu";"Chine";"1ère Division";"Professional";"30000";"131126"
"2000207811";"CSL Nanov";"Roumanie";"D3 roumaine groupe 5";"Semi-Professional";"0";"57015181"
"2000213639";"MK Dons";"Angleterre";"D1 nat. fém SE";"Semi-Professional";"30500";"2000168704"
"2000260299";"Chatham";"Angleterre";"D1 nat. fém SE";"Semi-Professional";"5000";"2000168704"
"2000288306";"Nueva Santa Cruz Academia";"Bolivie";"D2";"Semi-Professional";"9000";"86009019"
"2000314658";"Felinheli";"Pays de Galles";"D2 Nord";"Amateur";"150";"2000314847"
"2000315465";"Asteras Tripolis";"Grèce";"Première Division";"Semi-Professional";"100";"2000232803"
"2000340987";"OH Leuven B";"Belgique";"Première Division";"Amateur";"3330";"2000338410"
"2000361159";"Police (GUY)";"Guyana";"Division 1";"Amateur";"700";"2000274183"
"2000361244";"RC Rivière-Pilote";"Martinique";"LFF de Martinique";"Amateur";"3000";"2000274212"
"2000361253";"Club Franciscain";"Martinique";"LFF de Martinique";"Amateur";"2000";"2000274212"
"2000370442";"Sarpsborg";"Norvège";"Deuxième division Gr 1";"Semi-Professional";"8700";"2000367202"
"2000477198";"Malacitano";"Espagne";"D2 Fédé espagnole Gr4";"Professional";"7562";"2000099906"
"7681543";"Kalju";"Estonie";"Première Ligue";"Professional";"2730";"7681558"
"281";"Wetteren";"Belgique";"Deuxième division VV A";"Amateur";"3000";"18097860"
"1152";"Nola";"Italie";"Série D Grp.H";"Semi-Professional";"1296";"1400407"
"1171";"Sora";"Italie";"Série D Grp.F";"Semi-Professional";"5000";"1400405"
"1366";"Oppsal";"Norvège";"3ème division Groupe 6";"Amateur";"500";"53057346"
"1641";"Triglav";"Slovénie";"2ème Division";"Professional";"2029";"7580001"
"1868";"Denizlispor";"Turquie";"Régionale amateur G7";"Professional";"18745";"70086165"
"2475";"Estrela V. N.";"Portugal";"Division d'élite Évora";"Amateur";"650";"83141259"
"103286";"1860 München II";"Allemagne";"Bavière sud";"Professional";"4000";"91109040"
"109001";"Caudal";"Espagne";"D3 Fédé espagnole Gr2";"Semi-Professional";"7500";"2000099912"
"122988";"Brisbane Strikers";"Australie";"Premier League du Queensl";"Semi-Professional";"10000";"15083847"
"128656";"Beltinci";"Slovénie";"2ème Division";"Semi-Professional";"1441";"7580001"
"129866";"Trnje";"Croatie";"3ème Division";"Semi-Professional";"2500";"145436"
"130061";"Suva";"Fidji";"Fiji National League";"Semi-Professional";"19000";"8457149"
"130364";"Artvin Hopaspor";"Turquie";"3ème division Grp 3";"Professional";"3000";"70043164"
"134920";"Rajapacha";"Thaïlande";"D3 Ouest";"Professional";"12000";"2000038394"
"135388";"Fanja SC";"Oman";"Première division Gr. A";"Professional";"14000";"23237487"
"136181";"Frýdek-Místek";"Rép. tchèque";"3ème Division tchèque";"Semi-Professional";"12400";"136042"
"137978";"SC Kundl";"Autriche";"Ligue régionale Tyrol d'A";"Semi-Professional";"2000";"16302524"
"301321";"Sergipe";"Brésil";"D4";"Professional";"15575";"19127222"
"309670";"Brasiliense";"Brésil";"Division inférieure";"Professional";"28800";"19102111"
"450548";"Turgutlu 1984 Sportif";"Turquie";"Régionale amateur G8";"Professional";"12500";"70086166"
"450626";"Pazarspor";"Turquie";"3ème division Grp 3";"Professional";"3250";"70043164"
"452949";"Edirnespor";"Turquie";"3ème division Grp 1";"Professional";"4000";"70043162"
"455003";"Tepecikspor";"Turquie";"Régionale amateur G10";"Professional";"3000";"70086168"
"766430";"Brodd";"Norvège";"3ème division Groupe 5";"Semi-Professional";"4725";"53057345"
"801051";"Nordstrand";"Norvège";"3ème division Groupe 3";"Amateur";"1500";"53057343"
"814440";"At. Astorga";"Espagne";"D2 Fédé espagnole Gr1";"Professional";"2000";"2000099903"
"814840";"Montijo";"Espagne";"D3 Fédé espagnole Gr14";"Professional";"1400";"2000099924"
"814954";"Quintanar del Rey";"Espagne";"D2 Fédé espagnole Gr5";"Professional";"2800";"2000099907"
"831167";"Sant’Angelo";"Italie";"Série D Grp.D";"Semi-Professional";"4100";"1400403"
"832158";"Ragusa";"Italie";"Série D Grp.I";"Semi-Professional";"4000";"1400408"
"879274";"Straelen";"Allemagne";"Div inf. d'Allemagne";"Amateur";"3500";"8700660"
"1035522";"JX Lushan";"Chine";"D2 Nord";"Professional";"13000";"1002872"
"1039607";"Khonkaen";"Thaïlande";"D3 Nord-est";"Professional";"7000";"2000038392"
"1101921";"Locarno";"Suisse";"Ligue 2 Inter Gr 4";"Semi-Professional";"5000";"98005772"
"1503459";"Anguiano";"Espagne";"D3 Fédé espagnole Gr16";"Semi-Professional";"1000";"2000099926"
"4212247";"Arousa";"Espagne";"D3 Fédé espagnole Gr1";"Semi-Professional";"4120";"2000099911"
"4212412";"Murcia B";"Espagne";"D3 Fédé espagnole Gr13";"Professional";"1500";"2000099923"
"5100157";"Ebbsfleet";"Angleterre";"Enterprise South";"Professional";"4769";"5123055"
"5280220";"Rubio Ñu";"Paraguay";"2ème division";"Professional";"8000";"79010962"
"5340958";"Costa do Sol";"Mozambique";"Première division";"Professional";"10000";"13191166"
"5340959";"Ferroviário de Maputo";"Mozambique";"Première division";"Professional";"5000";"13191166"
"5340963";"Ferroviário da Beira";"Mozambique";"Première division";"Professional";"7000";"13191166"
"5724946";"Red Star ZH";"Suisse";"Ligue 2 Inter Gr 3";"Semi-Professional";"1500";"98005771"
"7400958";"Tai Po";"Hong Kong (RP de Chine)";"1ère Division";"Professional";"3200";"5624449"
"7443983";"Antoniano";"Espagne";"D2 Fédé espagnole Gr4";"Professional";"2500";"2000099906"
"7446375";"Mancha Real";"Espagne";"D3 Fédé espagnole Gr9";"Professional";"1500";"2000099919"
"7446435";"Subiza";"Espagne";"D3 Fédé espagnole Gr15";"Semi-Professional";"1000";"2000099925"
"7981643";"Correggese";"Italie";"Série D Grp.D";"Semi-Professional";"1380";"1400403"
"7983159";"Scandicci";"Italie";"Série D Grp.E";"Semi-Professional";"1800";"1400404"
"8161362";"Westhoek";"Belgique";"Deuxième division VV A";"Amateur";"3000";"18097860"
"8404703";"Liepaja";"Lettonie";"Tonybet Virsliga";"Professional";"4022";"8403697"
"8632566";"Buffles FC";"Bénin";"Ligue 1 du Bénin";"Professional";"8000";"13211624"
"12084360";"Kenya Police";"Kenya";"Première division";"Professional";"15000";"13211639"
"13133268";"Ethiopia Nigd Bank";"Éthiopie";"Première division";"Professional";"0";"13211690"
"13176511";"Dreams FC (GHA)";"Ghana";"Premier League  du Ghana";"Professional";"5000";"13109924"
"13190107";"Wakriya";"Guinée";"Ligue 1";"Professional";"5000";"13211636"
"13203956";"Cano Sport";"Guinée Éq.";"D1 insulaire";"Professional";"2000";"13221306"
"15059590";"Avondale";"Australie";"NPL Victoria";"Semi-Professional";"2500";"130188"
"15071470";"Melbourne City (NPL)";"Australie";"PV1";"Semi-Professional";"1500";"15020175"
"15071479";"Adelaide United (NPL)";"Australie";"NPL South Australia";"Semi-Professional";"8000";"15045003"
"16001114";"SK Treibach";"Autriche";"Division régionale centre";"Semi-Professional";"2000";"5607687"
"16008944";"FC ASKÖ Gmünd";"Autriche";"Unterliga Ouest (K)";"Semi-Professional";"2000";"16036185"
"16077253";"ASK Mannersdorf";"Autriche";"2. Ligue du comté Est (NÖ";"Semi-Professional";"2000";"16036168"
"23416836";"Ryomyong";"Corée du Nord";"Ligue nord-coréenne";"Semi-Professional";"30000";"23100525"
"23463130";"GX PG Hawlaeh";"Chine";"-";"Professional";"20000";"-1"
"34003361";"Athlético AMP";"France";"-";"Amateur";"1990";"-1"
"39002395";"Ægir";"Islande";"Deuxième division";"Semi-Professional";"2000";"39030708"
"43066007";"Vastogirardi";"Italie";"-";"Semi-Professional";"1000";"-1"
"43076672";"Delta Porto Tolle";"Italie";"-";"Semi-Professional";"1500";"-1"
"43095994";"Varesina";"Italie";"Série D Grp.B";"Semi-Professional";"1000";"1400401"
"43106569";"Latte Dolce";"Italie";"Série D Grp.G";"Semi-Professional";"1250";"1400406"
"43205186";"Viareggio 2014";"Italie";"-";"Amateur";"2000";"-1"
"43267659";"Delta Rovigo";"Italie";"-";"Semi-Professional";"1500";"-1"
"43288932";"Unione Sanremo";"Italie";"-";"Semi-Professional";"4000";"-1"
"43315318";"Union Feltre";"Italie";"-";"Semi-Professional";"1290";"-1"
"51014467";"Fresnillo";"Mexique";"Série A Groupe I";"Professional";"2500";"51066838"
"55001196";"Lagoa";"Portugal";"Championnat National - D";"Semi-Professional";"500";"55065661"
"57072161";"Stiinta Miroslava";"Roumanie";"D3 roumaine groupe 1";"Professional";"1000";"7540206"
"58137490";"Lokomotiv-Kazanka";"Russie";"-";"Professional";"10007";"-1"
"59135023";"Aqsý";"Kazakhstan";"-";"Semi-Professional";"11828";"-1"
"67004779";"Villarreal C";"Espagne";"D3 Fédé espagnole Gr6";"Professional";"4500";"2000099916"
"67040945";"Brea";"Espagne";"Preferente Aragón Gr. 2";"Semi-Professional";"900";"67101220"
"67077458";"Pulpileño";"Espagne";"D3 Fédé espagnole Gr13";"Semi-Professional";"2000";"2000099923"
"67118711";"Varea";"Espagne";"D3 Fédé espagnole Gr16";"Semi-Professional";"2000";"2000099926"
"67121493";"Villarrubia";"Espagne";"D3 Fédé espagnole Gr18";"Semi-Professional";"1300";"2000099928"
"67243518";"U. Murcia B";"Espagne";"D3 Fédé espagnole Gr13";"Professional";"2000";"2000099923"
"67248738";"San Félix";"Espagne";"Division 1 U19 d'Espagne ";"Semi-Professional";"500";"67248627"
"67259056";"Cartagena B";"Espagne";"D3 Fédé espagnole Gr13";"Professional";"16000";"2000099923"
"70000106";"1922 Konyaspor";"Turquie";"Super League Amateur";"Professional";"1500";"70084836"
"70076210";"Bayburt ÖI Spor";"Turquie";"Régionale amateur G3";"Professional";"5000";"70086161"
"70080976";"Adiyaman FK";"Turquie";"Régionale amateur G2";"Professional";"12500";"70086160"
"70081229";"23 Elazig FK";"Turquie";"Super League Amateur";"Professional";"18423";"70084836"
"70104872";"Agri 1970";"Turquie";"3ème division Grp 2";"Professional";"10000";"70043163"
"82071162";"Eagles FC";"Trinité-et-Tobago";"Premier League";"Semi-Professional";"700";"82000461"
"85001022";"CS Moulien";"Guadeloupe";"Régionale 1";"Semi-Professional";"2500";"82062570"
"2000015391";"Real Calepina";"Italie";"Série D Grp.B";"Semi-Professional";"500";"1400401"
"2000190107";"Feniks Mariupol";"Ukraine";"Première Ligue";"Professional";"3742";"5314302"
"2000208420";"São José (SP)";"Brésil";"Troisième division";"Professional";"16500";"2000338892"
"2000314659";"Llanfair";"Pays de Galles";"D2 Nord";"Amateur";"1000";"2000314847"
"2000337545";"Falkirk";"Écosse";"SW Championship";"Semi-Professional";"7937";"2000280992"
"2000338400";"Charlottesville Blues FC";"États-Unis";"USSL W League";"Semi-Professional";"0";"2000335881"
"2000347404";"Camagüey";"Cuba";"Liga Nacional";"Amateur";"2000";"2000274188"
"2000359323";"Olympique Cayenne";"Guyane";"Première Division";"Amateur";"750";"2000274185"
"2000359328";"Loyola OC";"Guyane";"Première Division";"Amateur";"3000";"2000274185"
"2000376891";"Scottland FC";"Zimbabwe";"Première division";"Professional";"60000";"13190228"
"2000378114";"Pingguo";"Chine";"1ère Division";"Professional";"20000";"131126"
"2000382575";"CSM Târgu Jiu";"Roumanie";"D3 roumaine groupe 6";"Semi-Professional";"12386";"57015182"
"2000470443";"Pavia Calcio";"Italie";"Série D Grp.B";"Semi-Professional";"4920";"1400401"
"295";"KVK Wellen";"Belgique";"Deuxième division BVV";"Amateur";"1500";"18097862"
"669";"Kidderminster";"Angleterre";"Enterprise North";"Professional";"6444";"5123054"
"1065";"Vác";"Hongrie";"divison inférieure";"Professional";"5000";"7520394"
"1544";"Brechin";"Écosse";"Highlands";"Semi-Professional";"4583";"61006615"
"1823";"Piteå";"Suède";"D2 Div. Norrland North";"Semi-Professional";"2500";"2000437818"
"2168";"IF Karlstad Fotboll";"Suède";"1ère Division Nord";"Semi-Professional";"4000";"8114888"
"2183";"Albalonga";"Italie";"Série D Grp.G";"Semi-Professional";"1800";"1400406"
"2189";"Bisceglie";"Italie";"Eccellenza Puglia";"Semi-Professional";"3356";"43064537"
"2207";"Maceratese";"Italie";"Série D Grp.F";"Semi-Professional";"9000";"1400405"
"2668";"FC Trollhättan";"Suède";"1ère Division Sud";"Semi-Professional";"5100";"8114887"
"106696";"Sabah";"Malaisie";"Super League";"Professional";"35250";"5624536"
"108979";"Borgosesia";"Italie";"Eccellenza Piemonte 1";"Semi-Professional";"1200";"43064535"
"109019";"Beasain";"Espagne";"D2 Fédé espagnole Gr2";"Professional";"6000";"2000099904"
"130219";"Brisbane City";"Australie";"NPL Queensland";"Semi-Professional";"10000";"15041771"
"130367";"Giresunspor";"Turquie";"3ème division Grp 3";"Professional";"21166";"70043164"
"130497";"Saturn";"Russie";"Division 2 B - Groupe 2";"Professional";"14685";"2000272303"
"130541";"Khimik Dzerzhinsk";"Russie";"Division 2 B - Groupe 4";"Professional";"4959";"2000272306"
"131246";"SC Villa";"Ouganda";"Premier League";"Professional";"2000";"39037297"
"135395";"CA Ha Noi";"Vietnam";"Premier League";"Professional";"22500";"8550000"
"137934";"Zug";"Suisse";"1ère Ligue - Groupe 2";"Semi-Professional";"4900";"5724965"
"137946";"SC Zwettl";"Autriche";"Niederösterreich";"Semi-Professional";"3000";"16000662"
"137967";"ATSV Wolfsberg";"Autriche";"Kärnten";"Semi-Professional";"2500";"16000660"
"308280";"Victoria La Ceiba";"Honduras";"Ligue Nationale";"Professional";"17000";"87000201"
"319141";"APA";"Brésil";"D4";"Professional";"4800";"19127222"
"426832";"MetroStars";"Australie";"NPL South Australia";"Semi-Professional";"1000";"15045003"
"428547";"AS Piraé";"Tahiti";"Première division";"Semi-Professional";"15000";"8457147"
"530159";"Tempo Overijse";"Belgique";"Troisième division VV A";"Amateur";"3000";"18097864"
"536232";"RSD Jette";"Belgique";"Deuxième division ACFF";"Amateur";"8000";"18097863"
"653229";"Lucko";"Croatie";"3ème Division";"Semi-Professional";"1500";"145436"
"734119";"Vit. Sernache";"Portugal";"Championnat National - C";"Semi-Professional";"4500";"55065660"
"775197";"Tsukuba Univ.";"Japon";"-";"Amateur";"3000";"-1"
"788934";"ReinBerg";"Japon";"Nippon Soccer League";"Professional";"20809";"107256"
"792290";"Versport";"Japon";"Nippon Soccer League";"Professional";"16089";"107256"
"814059";"Vilalbés";"Espagne";"D3 Fédé espagnole Gr1";"Semi-Professional";"2500";"2000099911"
"814485";"Córdoba B";"Espagne";"D3 Fédé espagnole Gr10";"Professional";"3000";"2000099920"
"814665";"Platges Calvià";"Espagne";"D3 Fédé espagnole Gr11";"Semi-Professional";"4200";"2000099921"
"814877";"Haro";"Espagne";"D3 Fédé espagnole Gr16";"Semi-Professional";"4300";"2000099926"
"814898";"Egües";"Espagne";"D3 Fédé espagnole Gr15";"Semi-Professional";"2000";"2000099925"
"831241";"Mezzolara";"Italie";"Eccellenza Emilia-Romagna";"Semi-Professional";"1700";"43064525"
"832148";"Termoli";"Italie";"Série D Grp.F";"Semi-Professional";"3000";"1400405"
"880330";"Nöttingen";"Allemagne";"Bade-Württemberg";"Semi-Professional";"3800";"8700002"
"919121";"AS Samaritaine";"Martinique";"Régionale 1";"Semi-Professional";"1200";"82062798"
"1503450";"A. Cirbonero";"Espagne";"D3 Fédé espagnole Gr15";"Semi-Professional";"1000";"2000099925"
"3200570";"FC Gullegem";"Belgique";"Deuxième division VV A";"Amateur";"2500";"18097860"
"4203155";"Moralo";"Espagne";"D3 Fédé espagnole Gr14";"Semi-Professional";"5000";"2000099924"
"4212165";"RSD Alcalá";"Espagne";"D2 Fédé espagnole Gr5";"Professional";"7000";"2000099907"
"4212179";"Utrera";"Espagne";"D3 Fédé espagnole Gr10";"Semi-Professional";"2000";"2000099920"
"4212265";"Las Rozas";"Espagne";"D3 Fédé espagnole Gr7";"Semi-Professional";"3000";"2000099917"
"4212278";"Barbastro";"Espagne";"D2 Fédé espagnole Gr3";"Professional";"4700";"2000099905"
"4300347";"Ängelholms FF";"Suède";"1ère Division Sud";"Semi-Professional";"5000";"8114887"
"5100192";"Maidenhead";"Angleterre";"Enterprise South";"Semi-Professional";"4500";"5123055"
"5100217";"Wealdstone";"Angleterre";"Enterprise National";"Semi-Professional";"4100";"109201"
"5340052";"Rosport";"Luxembourg";"Division Nationale";"Semi-Professional";"2500";"5340000"
"5340765";"RC Bobo";"Burkina Faso";"Première division";"Professional";"10000";"13211662"
"5341564";"SC Bissau";"Guinée-Bissau";"Première division";"Semi-Professional";"12000";"13211628"
"5341566";"Benfica (GNB)";"Guinée-Bissau";"Première division";"Semi-Professional";"12000";"13211628"
"5341705";"Nchanga Rangers";"Zambie";"Premier League de Zambie";"Professional";"8000";"13135082"
"5385015";"Persiku";"Indonésie";"Championnat Groupe 2";"Semi-Professional";"15000";"41042742"
"5390162";"CARA Brazzaville";"Congo";"Championnat national du C";"Professional";"33037";"13191378"
"5430463";"La Habana";"Cuba";"Ligue nationale";"Semi-Professional";"28000";"19166492"
"5430487";"Santiago de Cuba";"Cuba";"Ligue nationale";"Semi-Professional";"5000";"19166492"
"5512155";"CB";"Inde";"Championnat National";"Professional";"8000";"5624525"
"5512782";"La Luz";"Uruguay";"2ème division pro";"Professional";"4500";"5512771"
"5603764";"SK Ebbs";"Autriche";"Ligue régionale Tyrol d'A";"Semi-Professional";"1500";"16302524"
"5773564";"Decic";"Monténégro";"Premiership";"Professional";"3000";"5745020"
"6002364";"Heide";"Allemagne";"Schleswig-Holstein";"Semi-Professional";"11000";"35024476"
"6100165";"Bassano";"Italie";"Série D Grp.C";"Semi-Professional";"2952";"1400402"
"7000005";"Ribeira Brava";"Portugal";"Championnat National - A";"Semi-Professional";"1000";"55065643"
"7520469";"Monor";"Hongrie";"Division III - Sud-Est";"Professional";"2250";"2000270609"
"7521313";"Hódmezõvásárhely";"Hongrie";"Division III - Sud-Est";"Semi-Professional";"10000";"2000270609"
"7521450";"Eger";"Hongrie";"Division III - Nord-Est";"Professional";"6000";"2000270607"
"7546430";"Flacara Moreni";"Roumanie";"D3 roumaine groupe 4";"Professional";"10000";"57015180"
"7840113";"Víðir";"Islande";"Deuxième division";"Semi-Professional";"3000";"39030708"
"7961091";"Bashkimi 1947";"Macédoine du N.";"Ligue 1";"Professional";"2080";"8401070"
"13175360";"Vision FC";"Ghana";"Premier League  du Ghana";"Professional";"2500";"13109924"
"13176232";"Hadiya Hossana";"Éthiopie";"Première division";"Professional";"2000";"13211690"
"15007724";"Edgeworth";"Australie";"NPL - NNSW";"Semi-Professional";"1000";"15007722"
"15072277";"Sydney FC (NPL)";"Australie";"NPL NSW";"Semi-Professional";"2500";"130185"
"15076016";"Western Sydney Wanderers (NPL)";"Australie";"NPL NSW";"Semi-Professional";"3000";"130185"
"16001025";"FC Deutschkreutz";"Autriche";"Division autrichienne du ";"Semi-Professional";"2000";"16000666"
"16001275";"SK St. Johann";"Autriche";"Ligue régionale Tyrol d'A";"Semi-Professional";"2000";"16302524"
"16002223";"TSV Hartberg II";"Autriche";"Styrian LL";"Semi-Professional";"1500";"16000659"
"16010550";"FC Volders";"Autriche";"Ligue régionale Tyrol d'A";"Semi-Professional";"1500";"16302524"
"23160144";"Ha Noi FC";"Vietnam";"Premier League";"Professional";"22500";"8550000"
"23318228";"Hwaebul";"Corée du Nord";"Ligue nord-coréenne";"Semi-Professional";"25000";"23100525"
"23359918";"ShaanX Chang'an";"Chine";"-";"Professional";"32000";"-1"
"33000579";"PKKU";"Finlande";"1ère Division";"Semi-Professional";"2000";"129131"
"33004682";"PEPO";"Finlande";"2e Division Groupe A";"Semi-Professional";"6000";"33000118"
"39009058";"Þróttur V.";"Islande";"Deuxième division";"Semi-Professional";"1200";"39030708"
"39058204";"Höttur/Huginn";"Islande";"Deuxième division";"Semi-Professional";"1800";"39030708"
"43040949";"Asti";"Italie";"Série D Grp.A";"Semi-Professional";"3500";"1400400"
"43058690";"Sambiase";"Italie";"Série D Grp.I";"Semi-Professional";"1200";"1400408"
"43077352";"Ligorna";"Italie";"Série D Grp.A";"Semi-Professional";"2400";"1400400"
"43106397";"Cjarlins";"Italie";"Série D Grp.C";"Semi-Professional";"500";"1400402"
"43156790";"Breno";"Italie";"Série D Grp.B";"Semi-Professional";"2000";"1400401"
"43157287";"Gravina";"Italie";"Série D Grp.H";"Semi-Professional";"3000";"1400407"
"43204648";"Avezzano";"Italie";"-";"Semi-Professional";"3692";"-1"
"55001072";"Vila Meã";"Portugal";"Championnat National - B";"Semi-Professional";"3000";"55065659"
"55012042";"Coimbrões";"Portugal";"Première division Porto d";"Semi-Professional";"3000";"83141244"
"55027091";"Pêro Pinheiro";"Portugal";"Pro-national Lisbon";"Semi-Professional";"3000";"83141248"
"55038928";"Serpa";"Portugal";"Championnat National - D";"Semi-Professional";"1000";"55065661"
"57072054";"Recolta Gheorghe Doja";"Roumanie";"D3 roumaine groupe 3";"Semi-Professional";"1000";"57015179"
"57075298";"CS Paulesti";"Roumanie";"D3 roumaine groupe 2";"Semi-Professional";"0";"57015177"
"59002144";"Asgabat";"Turkménistan";"Yokary Ligasy";"Professional";"3000";"5638083"
"67090031";"El Palo";"Espagne";"D3 Fédé espagnole Gr9";"Semi-Professional";"1500";"2000099919"
"67173955";"Ciudad Real";"Espagne";"D3 Fédé espagnole Gr18";"Semi-Professional";"3500";"2000099928"
"67196214";"Azuaga";"Espagne";"D3 Fédé espagnole Gr14";"Semi-Professional";"800";"2000099924"
"67203919";"Mirandés B";"Espagne";"D3 Fédé espagnole Gr8";"Professional";"500";"2000099918"
"67224526";"Ciudad de Lucena";"Espagne";"D3 Fédé espagnole Gr10";"Semi-Professional";"5000";"2000099920"
"67248743";"Diocesano";"Espagne";"D3 Fédé espagnole Gr14";"Semi-Professional";"500";"2000099924"
"67271739";"Lugo B";"Espagne";"D3 Fédé espagnole Gr1";"Professional";"7114";"2000099911"
"67276789";"Atzeneta";"Espagne";"D3 Fédé espagnole Gr6";"Semi-Professional";"1000";"2000099916"
"70042974";"Fatsa Bld.";"Turquie";"3ème division Grp 3";"Professional";"3000";"70043164"
"70054526";"Sultanbeyli Bld.";"Turquie";"Régionale amateur G9";"Semi-Professional";"3272";"70086167"
"70054533";"Çankaya SK";"Turquie";"3ème division Grp 1";"Professional";"18029";"70043162"
"70054578";"Ergene Velimese";"Turquie";"Régionale amateur G10";"Professional";"1685";"70086168"
"70061779";"Amasyaspor FK";"Turquie";"3ème division Grp 3";"Professional";"12000";"70043164"
"70081669";"Karaköprü Bld.";"Turquie";"3ème division Grp 2";"Professional";"2000";"70043163"
"81029960";"Vere Utd";"Jamaïque";"-";"Amateur";"3000";"-1"
"82061549";"Grenades";"Antigua-et-Barbuda";"Première division";"Professional";"700";"20017552"
"84108481";"Vasco Gama Vidigueira";"Portugal";"Championnat National - D";"Semi-Professional";"500";"55065661"
"87000758";"Coatepeque FC";"Guatemala";"Primera División A";"Professional";"25000";"87000505"
"93052555";"AFC Eskilstuna";"Suède";"1ère Division Nord";"Professional";"7800";"8114888"
"93055260";"FC Stockholm";"Suède";"1ère Division Nord";"Semi-Professional";"1500";"8114888"
"98000117";"Bassecourt";"Suisse";"1ère Ligue - Groupe 2";"Semi-Professional";"3650";"5724965"
"98010504";"Rotkreuz";"Suisse";"Ligue 2 Inter Gr 4";"Semi-Professional";"2500";"98005772"
"2000015394";"Cynthialbalonga";"Italie";"-";"Semi-Professional";"2000";"-1"
"2000015397";"FC Matese";"Italie";"Eccellenza Molise";"Semi-Professional";"1435";"43064534"
"2000034640";"Torrent";"Espagne";"D2 Fédé espagnole Gr3";"Professional";"3200";"2000099905"
"2000087895";"2001 China NYT";"Chine";"-";"Semi-Professional";"300";"-1"
"2000090566";"Inter Sibiu";"Roumanie";"D3 roumaine groupe 6";"Semi-Professional";"12363";"57015182"
"2000112146";"Lamezia Terme";"Italie";"-";"Semi-Professional";"3800";"-1"
"2000128008";"Inter Los Patios";"Colombie";"3ème Division";"Amateur";"2500";"5260949"
"2000172969";"Inverness CT";"Écosse";"SW Championship";"Semi-Professional";"0";"2000280992"
"2000188246";"La Castellana";"Équateur";"S.C. de Loja";"Semi-Professional";"14935";"2000172958"
"2000262044";"Chattanooga Red Wolves";"États-Unis";"USSL W League";"Semi-Professional";"5500";"2000335881"
"2000280057";"Kishronot Hadera";"Israël";"Premier League";"Semi-Professional";"500";"2000233862"
"2000280922";"Castellonense";"Espagne";"D3 Fédé espagnole Gr6";"Semi-Professional";"700";"2000099916"
"2000314655";"Llandudno";"Pays de Galles";"D2 Nord";"Semi-Professional";"2000";"2000314847"
"2000315458";"AEK";"Grèce";"Première Division";"Semi-Professional";"500";"2000232803"
"2000315651";"Portishead";"Angleterre";"D1 nat. fém SO";"Semi-Professional";"2000";"2000168705"
"2000315999";"Canaria Guada";"Espagne";"D3 - Groupe 3";"Semi-Professional";"200";"2000473694"
"2000337911";"Degerfors IF";"Suède";"Première div. - Centre";"Amateur";"7500";"2000327938"
"2000339927";"Vasco";"Brésil";"D2 nationale";"Professional";"1000";"2000314936"
"2000357710";"Thái Nguyên T&T";"Vietnam";"Ligue féminine nationale";"Semi-Professional";"4650";"2000343101"
"2000358751";"San Isidro FC";"Rép. Dominicaine";"Liga Femenina";"Amateur";"750";"2000359528"
"2000359564";"Cosma Foot";"Guyane";"Première Division";"Amateur";"2258";"2000274185"
"2000361530";"Old Road Jets";"Saint-Kitts";"Ligue féminine";"Amateur";"3500";"2000274209"
"2000483266";"Maccabi Tel-Aviv";"Israël";"Premier League";"Semi-Professional";"3500";"2000233862"
"215";"VW Hamme";"Belgique";"Deuxième division VV A";"Amateur";"6000";"18097860"
"260";"RC Mechelen";"Belgique";"Deuxième division BVV";"Amateur";"7000";"18097862"
"963";"Wattenscheid";"Allemagne";"Westphalie";"Semi-Professional";"16387";"8700005"
"1136";"Ischia";"Italie";"Série D Grp.G";"Semi-Professional";"5000";"1400406"
"1915";"Bella Vista";"Uruguay";"1ère div. amateur";"Semi-Professional";"6600";"5512772"
"2139";"Vanløse IF";"Danemark";"CampoBet 3. Division";"Amateur";"10000";"2000016262"
"115001";"Ikhaa Ahli";"Liban";"2ème Division";"Professional";"3500";"5631613"
"129206";"JBK";"Finlande";"2e Division Groupe C";"Semi-Professional";"3600";"33000120"
"129852";"Uljanik";"Croatie";"3ème Division";"Semi-Professional";"3500";"145436"
"130852";"Tacuarembó FC";"Uruguay";"2ème division pro";"Professional";"5760";"5512771"
"134732";"Braintree";"Angleterre";"Enterprise National";"Semi-Professional";"4222";"109201"
"137939";"Freienbach";"Suisse";"1ère Ligue - Groupe 3";"Semi-Professional";"4500";"5724966"
"137952";"SV Schwechat";"Autriche";"Division autrichienne de ";"Semi-Professional";"8000";"16000661"
"137972";"FC Lustenau";"Autriche";"Ligue régionale ouest";"Semi-Professional";"2000";"5607688"
"137980";"FC Puch";"Autriche";"Ligue de Salzbourg";"Semi-Professional";"2500";"16057919"
"145748";"Xazar";"Azerbaïdjan";"Division inférieure d'Aze";"Professional";"16000";"59006945"
"701091";"Agropoli";"Italie";"Promozione Campania Grp.D";"Amateur";"2500";"43104622"
"814668";"Constància";"Espagne";"D3 Fédé espagnole Gr11";"Professional";"10000";"2000099921"
"814883";"Arnedo";"Espagne";"D3 Fédé espagnole Gr16";"Semi-Professional";"4500";"2000099926"
"831205";"Belluno";"Italie";"-";"Semi-Professional";"1747";"-1"
"832156";"Paternò";"Italie";"Série D Grp.I";"Semi-Professional";"4000";"1400408"
"834849";"Gladiator";"Italie";"Eccellenza Campania 1 Grp";"Semi-Professional";"2000";"43064522"
"1032767";"Muaither";"Qatar";"D2 du Qatar";"Professional";"21175";"5632158"
"1300351";"ÍF";"Féroé";"D1";"Semi-Professional";"850";"8300362"
"1300615";"Førde";"Norvège";"3ème division Groupe 4";"Semi-Professional";"1000";"53057344"
"1413268";"Tritium";"Italie";"Eccellenza Lombardia 2";"Semi-Professional";"1100";"43064531"
"3200583";"Bocholt VV";"Belgique";"Deuxième division BVV";"Amateur";"3000";"18097862"
"4203152";"Jerez";"Espagne";"D3 Fédé espagnole Gr14";"Semi-Professional";"5000";"2000099924"
"5340863";"Ethiopia Medin";"Éthiopie";"Première division";"Professional";"2000";"13211690"
"5601447";"Perg";"Autriche";"Oberösterreich";"Semi-Professional";"2000";"16000663"
"5622745";"Persijap";"Indonésie";"Super League";"Professional";"8570";"41004312"
"5622840";"Rimyongsu";"Corée du Nord";"Ligue nord-coréenne";"Semi-Professional";"35000";"23100525"
"5628523";"Hong Kong XI";"Hong Kong (RP de Chine)";"-";"Professional";"40000";"-1"
"5725074";"Muttenz";"Suisse";"1ère Ligue - Groupe 2";"Semi-Professional";"3200";"5724965"
"5743879";"Graficar";"Serbie";"D1 serbe";"Professional";"1700";"5776050"
"6700000";"Lanzarote";"Espagne";"D3 Fédé espagnole Gr12";"Semi-Professional";"6900";"2000099922"
"7441062";"Peralada";"Espagne";"D3 Fédé espagnole Gr5";"Semi-Professional";"1500";"2000099915"
"7443191";"At. Tordesillas";"Espagne";"D3 Fédé espagnole Gr8";"Semi-Professional";"4100";"2000099918"
"7446362";"Vimenor";"Espagne";"D3 Fédé espagnole Gr3";"Semi-Professional";"1500";"2000099913"
"7446368";"Manresa";"Espagne";"D3 Fédé espagnole Gr5";"Semi-Professional";"3700";"2000099915"
"7452136";"Huarte";"Espagne";"D3 Fédé espagnole Gr15";"Semi-Professional";"1500";"2000099925"
"7987946";"Arzachena Academy";"Italie";"Promozione Sardegna Grp.B";"Amateur";"3500";"43104652"
"8601358";"AFC Fylde";"Angleterre";"Enterprise North";"Professional";"6000";"5123054"
"8708859";"Delmenhorst";"Allemagne";"Division de Saxe";"Semi-Professional";"6000";"35102297"
"13100516";"Mechal";"Éthiopie";"Première division";"Professional";"35000";"13211690"
"16009245";"SK Slovan HAC";"Autriche";"Division autrichienne de ";"Semi-Professional";"1500";"16000661"
"16009473";"ASV Spratzern";"Autriche";"Gebietsliga Ouest";"Semi-Professional";"1500";"16068290"
"16114411";"WAF Brigittenau";"Autriche";"Division autrichienne de ";"Semi-Professional";"1500";"16000661"
"18111191";"FC Flénu";"Belgique";"Deuxième division ACFF";"Amateur";"1500";"18097863"
"19079916";"JUA";"Brésil";"D4";"Professional";"5018";"19127222"
"23090927";"Yangon Utd";"Birmanie";"Ligue nationale";"Professional";"3500";"23090922"
"23210223";"Coastal Spirit";"Nouvelle-Zélande";"Southern League";"Amateur";"1000";"2000095538"
"31000336";"Paide LM";"Estonie";"Première Ligue";"Semi-Professional";"500";"7681558"
"35007252";"FC Ingolstadt 04 II";"Allemagne";"Bavière nord";"Professional";"11418";"91109039"
"41003984";"Gresik United";"Indonésie";"Ligue Nuswantara";"Professional";"24000";"41042746"
"43018318";"Notaresco";"Italie";"Série D Grp.F";"Semi-Professional";"1000";"1400405"
"43048791";"Casatese Merate";"Italie";"Série D Grp.B";"Semi-Professional";"1300";"1400401"
"43124377";"Forte Querceta";"Italie";"Eccellenza Toscana Grp.A";"Semi-Professional";"1220";"43064541"
"53046277";"Lokomotiv Oslo";"Norvège";"3ème division Groupe 6";"Amateur";"1250";"53057346"
"57048456";"Progresul Pecica";"Roumanie";"D3 roumaine groupe 7";"Semi-Professional";"3000";"57015313"
"57048549";"CSM Alexandria";"Roumanie";"D3 roumaine groupe 5";"Professional";"1434";"57015181"
"57120210";"CSO Teleajenul";"Roumanie";"D3 roumaine groupe 4";"Semi-Professional";"0";"57015180"
"57189540";"CSM Vaslui";"Roumanie";"D3 roumaine groupe 1";"Professional";"15000";"7540206"
"57189817";"Olimpia Satu Mare";"Roumanie";"D3 roumaine groupe 8";"Semi-Professional";"7000";"57015314"
"59114387";"Zaqatala PFK";"Azerbaïdjan";"D1 d'Azerbaïjan";"Professional";"2800";"59008101"
"67000113";"Illescas";"Espagne";"D3 Fédé espagnole Gr18";"Professional";"1700";"2000099928"
"67016515";"Ardoi";"Espagne";"D3 Fédé espagnole Gr15";"Semi-Professional";"1500";"2000099925"
"67027275";"Puente Genil";"Espagne";"D2 Fédé espagnole Gr4";"Professional";"4575";"2000099906"
"67059962";"Calahorra B";"Espagne";"Preferente La Rioja";"Semi-Professional";"4500";"67101218"
"67097985";"Cortes";"Espagne";"D3 Fédé espagnole Gr15";"Semi-Professional";"1000";"2000099925"
"67101277";"L'Entregu";"Espagne";"D3 Fédé espagnole Gr2";"Semi-Professional";"1200";"2000099912"
"67243421";"Motril";"Espagne";"D3 Fédé espagnole Gr9";"Semi-Professional";"4300";"2000099919"
"67259115";"Panadería Pulido";"Espagne";"D3 Fédé espagnole Gr12";"Semi-Professional";"750";"2000099922"
"67260611";"Huesca B";"Espagne";"D3 Fédé espagnole Gr17";"Professional";"9128";"2000099927"
"67276805";"Tamaraceite";"Espagne";"D3 Fédé espagnole Gr12";"Professional";"2000";"2000099922"
"70078173";"Çatalcaspor";"Turquie";"Régionale amateur G10";"Semi-Professional";"500";"70086168"
"86055009";"Pelileo S.C.";"Équateur";"S.C. de Tungurahua";"Semi-Professional";"8000";"2000172960"
"88000949";"East Coast Bays";"Nouvelle-Zélande";"Ligue du Nord";"Amateur";"4575";"432266"
"98000450";"Dietikon";"Suisse";"1ère Ligue - Groupe 3";"Semi-Professional";"1050";"5724966"
"98009972";"Uzwil";"Suisse";"Ligue 2 Inter Gr 5";"Semi-Professional";"1100";"98005773"
"2000111717";"Lotus Baile Felix";"Roumanie";"D3 roumaine groupe 8";"Semi-Professional";"1500";"57015314"
"2000112851";"Jaraíz";"Espagne";"D3 Fédé espagnole Gr14";"Semi-Professional";"1200";"2000099924"
"2000117159";"Distrito Elite";"Colombie";"3ème Division";"Amateur";"2500";"5260949"
"2000273329";"Malut Utd";"Indonésie";"Super League";"Professional";"15000";"41004312"
"2000374923";"Olsa Brakel";"Belgique";"Première Division";"Amateur";"3000";"2000338410"
"2000379486";"Aluminij";"Slovénie";"Ligue féminine";"Semi-Professional";"1200";"2000232806"
"253";"FC Lebbeke";"Belgique";"Deuxième division VV A";"Amateur";"3725";"18097860"
"308";"Torpedo Minsk";"Biélorussie";"2ème Division";"Professional";"3000";"7483369"
"534";"Lyseng";"Danemark";"CampoBet 3. Division";"Amateur";"400";"2000016262"
"832";"FCM Aubervilliers";"France";"National 3 - Groupe D";"Semi-Professional";"3000";"2000279695"
"880";"CS Sedan Ardennes";"France";"Régional 1 - Grand Est - ";"Amateur";"24389";"2000003914"
"1021";"Katwijk";"Pays-Bas";"Tweede Divisie des Pays-B";"Amateur";"6000";"37059991"
"1146";"Massese";"Italie";"Eccellenza Toscana Grp.A";"Semi-Professional";"11500";"43064541"
"1199";"Jahra";"Koweït";"Première division koweïti";"Professional";"17000";"23063354"
"1265";"Olimpia Balti";"Moldavie";"Liga 2 Nord de Moldavie";"Semi-Professional";"1450";"59008472"
"1521";"Dinamo Stavropol";"Russie";"Division 2 B - Groupe 1";"Professional";"15817";"2000272302"
"1562";"Elgin City";"Écosse";"William Hill League 2";"Semi-Professional";"4520";"48"
"1564";"Forfar";"Écosse";"William Hill League 2";"Semi-Professional";"6777";"48"
"1600";"Stranraer";"Écosse";"William Hill League 2";"Semi-Professional";"4178";"48"
"1613";"Humenné";"Slovaquie";"Division inférieure";"Semi-Professional";"1806";"7560278"
"1958";"FC Dieppe";"France";"National 2 - Groupe B";"Semi-Professional";"2600";"914522"
"1991";"SO Cholet";"France";"Divisions régionales";"Amateur";"11500";"20"
"2015";"Gaz. Ajaccio";"France";"National 3 - Groupe E";"Semi-Professional";"8000";"2000279696"
"2052";"US Lusitanos Saint-Maur";"France";"National 2 - Groupe C";"Semi-Professional";"3500";"914523"
"2192";"Castrovillari";"Italie";"Eccellenza Calabria";"Semi-Professional";"4000";"43064521"
"2197";"Fano";"Italie";"-";"Semi-Professional";"4046";"-1"
"2228";"Tolentino";"Italie";"Eccellenza Marche";"Semi-Professional";"4000";"43064533"
"2385";"Campomaiorense";"Portugal";"Division Portalegre U19 d";"Amateur";"7698";"83191773"
"2418";"Alcaíns";"Portugal";"Première division Castelo";"Semi-Professional";"2000";"83141262"
"2426";"Torres Novas";"Portugal";"Div d'honneur Santarém";"Amateur";"11500";"83141255"
"2430";"Malveira";"Portugal";"Championnat National - D";"Semi-Professional";"12500";"55065661"
"2452";"Caçadores Taipas";"Portugal";"Division d'honneur Braga";"Amateur";"5500";"83141247"
"2453";"Joane";"Portugal";"Pro-national Braga";"Semi-Professional";"3500";"83141246"
"2454";"Sandinenses";"Portugal";"Pro-national Braga";"Semi-Professional";"1200";"83141246"
"2461";"Estarreja";"Portugal";"Première division Aveiro";"Amateur";"2000";"83141250"
"2476";"Fut. Benfica";"Portugal";"Pro-national Lisbon";"Amateur";"1000";"83141248"
"2481";"Esperança de Lagos";"Portugal";"Première division Algarve";"Amateur";"4600";"83141265"
"2482";"Pescadores";"Portugal";"Première division Setúbal";"Amateur";"1000";"83141257"
"2483";"V. Gama Sines";"Portugal";"Première division Setúbal";"Amateur";"2500";"83141257"
"2490";"Palmelense";"Portugal";"Première division Setúbal";"Amateur";"1000";"83141257"
"2728";"FC Foz";"Portugal";"Première division Porto d";"Amateur";"1000";"83141244"
"102858";"Oman";"Oman";"Ligue O";"Professional";"5000";"23071760"
"106805";"Jomo Cosmos";"Afrique du Sud";"Div. inf. Gauteng";"Semi-Professional";"20000";"65010785"
"109040";"Operário Açores";"Portugal";"Ligue des Açores";"Semi-Professional";"800";"83141252"
"109043";"Ginásio Alcobaça";"Portugal";"Division d'honneur Leiria";"Amateur";"5000";"83141253"
"126419";"Jadran Porec";"Croatie";"4e Division Ouest";"Semi-Professional";"2000";"661722"
"126426";"Zagorec";"Croatie";"Ligue 4 Centre";"Semi-Professional";"4000";"2000005495"
"129129";"HIFK";"Finlande";"D3 Eteläinen C";"Semi-Professional";"1500";"2000383436"
"129166";"Kiffen";"Finlande";"2e Division Groupe B";"Semi-Professional";"3000";"33000117"
"129204";"GBK";"Finlande";"2e Division Groupe C";"Semi-Professional";"3000";"33000120"
"129569";"Polonia Bytom";"Pologne";"D2";"Professional";"1175";"129559"
"129571";"Stal St. Wola";"Pologne";"2ème division";"Professional";"3764";"162504"
"129690";"Apollon Kryas Vrysis";"Grèce";"Division C Groupe 1";"Semi-Professional";"2000";"36087243"
"129698";"Kilkisiakos";"Grèce";"Division C Groupe 1";"Semi-Professional";"6000";"36087243"
"130174";"Loughgall";"Irlande du Nord";"NIFL Championship";"Semi-Professional";"3000";"130024"
"130851";"Villa Española";"Uruguay";"1ère div. amateur";"Semi-Professional";"3700";"5512772"
"135394";"CA TPHCM";"Vietnam";"Premier League";"Professional";"25000";"8550000"
"135453";"Al Arabi (UAE)";"E.A.U.";"1ère Division A";"Professional";"3000";"7880028"
"136196";"Admira Prague";"Rép. tchèque";"3ème DivisionCFL";"Semi-Professional";"4500";"136041"
"136203";"Karlovy Vary-Dvory";"Rép. tchèque";"4ème Division B";"Semi-Professional";"4500";"136044"
"136289";"Znojmo";"Rép. tchèque";"4ème Division D";"Semi-Professional";"2599";"136046"
"301264";"BRP";"Brésil";"D4";"Professional";"15361";"19127222"
"308255";"Cobán Imperial";"Guatemala";"Ligue Nationale";"Professional";"15000";"87000495"
"400362";"AC Ajaccio";"France";"Divisions régionales";"Amateur";"10446";"20"
"425921";"Rewa";"Fidji";"Fiji National League";"Semi-Professional";"8000";"8457149"
"432925";"Hekari Utd";"Papouasie";"Championnat PNG";"Semi-Professional";"15000";"8459343"
"432951";"Solomon Warriors";"Salomon";"Division inférieure";"Semi-Professional";"30000";"23209374"
"433176";"Manurewa";"Nouvelle-Zélande";"Ligue du Nord";"Amateur";"4500";"432266"
"485305";"Suduva";"Lituanie";"TOPsport A lyga";"Professional";"6523";"2300046"
"485682";"Baranovichi";"Biélorussie";"1ère Division";"Professional";"2500";"7483366"
"510217";"Reipas";"Finlande";"2e Division Groupe A";"Semi-Professional";"3200";"33000118"
"513325";"GrIFK";"Finlande";"2e Division Groupe A";"Semi-Professional";"2000";"33000118"
"519781";"FCV";"Finlande";"2e Division Groupe A";"Amateur";"2000";"33000118"
"539746";"KFC Merelbeke";"Belgique";"D1 nationale - VV";"Amateur";"2000";"2000370106"
"539784";"Sparta Petegem Deinze";"Belgique";"Deuxième division VV A";"Amateur";"2500";"18097860"
"653169";"Slavonija";"Croatie";"D4 Est";"Semi-Professional";"4000";"661721"
"653222";"Crikvenica";"Croatie";"4e Division Ouest";"Semi-Professional";"2000";"661722"
"653224";"Krk";"Croatie";"4e Division Ouest";"Semi-Professional";"4650";"661722"
"687645";"Eordaikos";"Grèce";"Division C Groupe 2";"Semi-Professional";"2350";"36087244"
"714230";"Sandecja";"Pologne";"2ème division";"Professional";"8111";"162504"
"717835";"GKS Jastrzebie";"Pologne";"2ème division";"Professional";"5613";"162504"
"725012";"U. Micaelense";"Portugal";"Ligue des Açores";"Amateur";"1000";"83141252"
"725027";"Coruchense";"Portugal";"Div d'honneur Santarém";"Amateur";"1000";"83141255"
"725038";"Gouveia";"Portugal";"Championnat National - B";"Semi-Professional";"5000";"55065659"
"725072";"Portomosense";"Portugal";"Division d'honneur Leiria";"Amateur";"500";"83141253"
"734118";"Esmoriz";"Portugal";"Première division Aveiro";"Amateur";"1500";"83141250"
"734124";"Atl. Valdevez";"Portugal";"Première division Viana";"Semi-Professional";"1900";"83141256"
"735714";"Penalva Castelo";"Portugal";"Division d'honneur Viseu";"Amateur";"4000";"83141251"
"740482";"Oliveira de Frades";"Portugal";"Division d'honneur Viseu";"Amateur";"2500";"83141251"
"740499";"Pontassolense";"Portugal";"Div d'honneur Madeira";"Amateur";"1000";"83141260"
"741621";"U. Serra";"Portugal";"Championnat National - C";"Semi-Professional";"1000";"55065660"
"750777";"Mjølner";"Norvège";"D4 Hålogaland";"Semi-Professional";"2500";"53162022"
"754226";"Fløya";"Norvège";"3ème division Groupe 1";"Amateur";"1500";"53057341"
"775212";"Fukuoka Univ.";"Japon";"-";"Amateur";"500";"-1"
"792266";"Veersian";"Japon";"Nippon Soccer League";"Professional";"5142";"107256"
"792317";"Bryonvecca";"Japon";"Nippon Soccer League";"Semi-Professional";"2500";"107256"
"814042";"Alondras";"Espagne";"D3 Fédé espagnole Gr1";"Semi-Professional";"3000";"2000099911"
"814359";"At. Albericia";"Espagne";"D3 Fédé espagnole Gr3";"Semi-Professional";"2000";"2000099913"
"814647";"Manacor";"Espagne";"D3 Fédé espagnole Gr11";"Semi-Professional";"4000";"2000099921"
"814983";"Villarrobledo";"Espagne";"D3 Fédé espagnole Gr18";"Semi-Professional";"6500";"2000099928"
"819243";"Praviano";"Espagne";"D3 Fédé espagnole Gr2";"Semi-Professional";"3000";"2000099912"
"829176";"Puteolana";"Italie";"Eccellenza Campania 1 Grp";"Semi-Professional";"5000";"43064522"
"831354";"Tivoli";"Italie";"Eccellenza Lazio Grp.B";"Semi-Professional";"3500";"43064528"
"832141";"Manfredonia";"Italie";"Série D Grp.H";"Semi-Professional";"4076";"1400407"
"832152";"Locri";"Italie";"Prima Categoria Calabria ";"Amateur";"4500";"43411783"
"832160";"Sancataldese";"Italie";"Série D Grp.I";"Semi-Professional";"3500";"1400408"
"834833";"Pro Palazzolo";"Italie";"Série D Grp.D";"Semi-Professional";"2950";"1400403"
"879856";"Bergisch Gladbach";"Allemagne";"Rhin moyen";"Semi-Professional";"10500";"91109042"
"900204";"Sesimbra";"Portugal";"Première division Setúbal";"Amateur";"2850";"83141257"
"914551";"Jura-Sud Football";"France";"National 3 - Groupe G";"Semi-Professional";"2100";"2000279698"
"1300086";"Lushnja";"Albanie";"Kategoria 1";"Professional";"12000";"8351372"
"1404790";"Aversa Normanna";"Italie";"-";"Amateur";"2565";"-1"
"1413542";"Caravaggio";"Italie";"Eccellenza Lombardia 2";"Semi-Professional";"2180";"43064531"
"1503468";"Oyonesa";"Espagne";"D3 Fédé espagnole Gr16";"Semi-Professional";"800";"2000099926"
"3502354";"Evian TG FC";"France";"-";"Semi-Professional";"13634";"-1"
"3605319";"Kaiserslautern II";"Allemagne";"Sud-Est";"Professional";"3000";"8700004"
"4212920";"Tuilla";"Espagne";"D3 Fédé espagnole Gr2";"Semi-Professional";"2800";"2000099912"
"5201527";"Bonnyrigg Rose";"Écosse";"Lowland League d'Écosse";"Semi-Professional";"3000";"61063387"
"5201742";"Edinburgh City";"Écosse";"William Hill League 2";"Semi-Professional";"1280";"48"
"5251715";"Colchagua";"Chili";"3ème Division";"Professional";"7200";"5250794"
"5251718";"Con-Con";"Chili";"Deuxième division";"Professional";"3000";"75034137"
"5280336";"3 de Febrero CE";"Paraguay";"Primera B Nacional du Par";"Semi-Professional";"28000";"79023439"
"5300188";"Dragón (SLV)";"Salvador";"Deuxième Division";"Professional";"10000";"87001812"
"5340076";"USM El-Harrach";"Algérie";"Ligue 2 - Centre-Est";"Professional";"8000";"2000021475"
"5340766";"ASFB";"Burkina Faso";"Première division";"Professional";"10000";"13211662"
"5340905";"KCB";"Kenya";"Première division";"Professional";"15000";"13211639"
"5340992";"Express SC";"Ouganda";"Premier League";"Professional";"2000";"39037297"
"5341063";"Africa Sports";"Côte d'Ivoire";"Ligue 2 - B";"Professional";"20000";"12081972"
"5341075";"Stade de Mbour";"Sénégal";"Première division";"Professional";"5000";"13191657"
"5341081";"US Gorée";"Sénégal";"Première division";"Professional";"5000";"13191657"
"5341565";"Portos de Bissau";"Guinée-Bissau";"Première division";"Semi-Professional";"12000";"13211628"
"5341678";"Etoile du Congo";"Congo";"Championnat national du C";"Professional";"33037";"13191378"
"5341688";"ASKO";"Togo";"Première division du Togo";"Professional";"2000";"13211727"
"5370016";"Aluminium (EGY)";"Égypte";"D2 B - Groupe 1";"Professional";"20000";"2000468280"
"5380015";"OC Khouribga";"Maroc";"Botola Amateurs 1";"Professional";"10000";"13228126"
"5385098";"Pérez Zeledón";"Costa Rica";"D1";"Professional";"6000";"80000563"
"5430566";"Quintana";"Porto Rico";"LFPR";"Semi-Professional";"900";"82076123"
"5512787";"Uruguay Montevideo";"Uruguay";"2ème division pro";"Professional";"5100";"5512771"
"5609986";"SV Wienerberg 1921";"Autriche";"Division autrichienne de ";"Semi-Professional";"2000";"16000661"
"5609987";"Post SV";"Autriche";"2. Ligue Comté Vienne";"Semi-Professional";"2000";"16154765"
"5625249";"AS Capoise";"Haïti";"Première division";"Semi-Professional";"7500";"73100020"
"5626490";"Al-Najma Club";"Bahreïn";"Première Ligue";"Professional";"35000";"1039313"
"5635326";"Salt";"Jordanie";"Première division";"Professional";"25000";"5635278"
"5635327";"Shabab Al-Aqaba";"Jordanie";"1ère Division";"Professional";"2000";"5635282"
"5661065";"Correcaminos B";"Mexique";"Série A Groupe II";"Professional";"10000";"51066839"
"5724409";"Buochs";"Suisse";"1ère Ligue - Groupe 2";"Semi-Professional";"4227";"5724965"
"5727256";"Goldau";"Suisse";"Division inférieure";"Semi-Professional";"580";"137891"
"5745944";"Jezero";"Monténégro";"Premiership";"Professional";"11000";"5745020"
"6201842";"CA Bastia";"France";"-";"Semi-Professional";"0";"-1"
"7000011";"Alcochetense";"Portugal";"Championnat National - D";"Semi-Professional";"5000";"55065661"
"7446390";"Santanyí";"Espagne";"D3 Fédé espagnole Gr11";"Semi-Professional";"4000";"2000099921"
"7452059";"Ceares";"Espagne";"D3 Fédé espagnole Gr2";"Semi-Professional";"1500";"2000099912"
"7483392";"Orsha";"Biélorussie";"1ère Division";"Professional";"400";"7483366"
"7500394";"Bdin";"Bulgarie";"Ligue 3 NO";"Amateur";"15000";"7500141"
"7500399";"Chernomorets Balchik";"Bulgarie";"Ligue 3 NE";"Amateur";"3200";"7500140"
"7520460";"BKV Elõre";"Hongrie";"Division III - Sud-Est";"Professional";"2500";"2000270609"
"7520473";"Szolnok";"Hongrie";"divison inférieure";"Professional";"3437";"7520394"
"7521261";"Dabas";"Hongrie";"Division III - Sud-Est";"Semi-Professional";"2500";"2000270609"
"7581081";"Bistrica";"Slovénie";"2ème Division";"Semi-Professional";"2500";"7580001"
"7840106";"Tindastóll";"Islande";"3ème division";"Semi-Professional";"1300";"39033648"
"7842822";"Magni";"Islande";"3ème division";"Semi-Professional";"1572";"39033648"
"7868750";"Hapoel Afula";"Israël";"Championnat Leumit";"Professional";"3500";"7860001"
"7980365";"Lavagnese";"Italie";"Série D Grp.A";"Semi-Professional";"1250";"1400400"
"7987943";"Bitonto";"Italie";"Eccellenza Puglia";"Semi-Professional";"2500";"43064537"
"8150911";"CS Braine";"Belgique";"Deuxième division ACFF";"Amateur";"3200";"18097863"
"8151525";"Ganshoren";"Belgique";"Deuxième division ACFF";"Amateur";"2000";"18097863"
"8154721";"Onhaye";"Belgique";"Deuxième division ACFF";"Amateur";"2000";"18097863"
"8162187";"Le Poiré-sur-Vie VF";"France";"National 3 - Groupe B";"Semi-Professional";"4600";"2000279693"
"8162194";"Genêts Anglet";"France";"National 3 - Groupe A";"Semi-Professional";"6775";"2000279692"
"8325049";"Maidstone Utd";"Angleterre";"Enterprise South";"Professional";"4200";"5123055"
"8430419";"Aviron Bayonnais";"France";"National 2 - Groupe A";"Semi-Professional";"3500";"19"
"8438823";"FC Chauray";"France";"National 2 - Groupe A";"Semi-Professional";"1000";"19"
"8455771";"Amicale";"Vanuatu";"-";"Amateur";"6500";"-1"
"8631279";"Assiout Cement";"Égypte";"D2 B - Groupe 2";"Professional";"25000";"2000468281"
"8632449";"Gagnoa";"Côte d'Ivoire";"Ligue 2 - B";"Professional";"20000";"12081972"
"8825221";"Paysandú FC";"Uruguay";"1ère div. amateur";"Semi-Professional";"1300";"5512772"
"8870631";"Fiães";"Portugal";"Première division Aveiro";"Amateur";"11000";"83141250"
"8870691";"Nelas";"Portugal";"Division d'honneur Viseu";"Amateur";"2750";"83141251"
"8872068";"Idanhense";"Portugal";"Première division Castelo";"Amateur";"2000";"83141262"
"12004629";"Assiout Petroleum";"Égypte";"D2";"Professional";"25000";"12040323"
"12009419";"Telecom Egypt";"Égypte";"D2";"Professional";"35000";"12040323"
"12012366";"Onze Créateurs";"Mali";"Première division";"Semi-Professional";"15000";"13162593"
"12015976";"Bandari FC";"Kenya";"Première division";"Professional";"10000";"13211639"
"12064543";"Oued Ellil";"Tunisie";"Ligue amateur 1 - GA";"Professional";"2000";"12064107"
"12078795";"RC Abidjan";"Côte d'Ivoire";"1ère division";"Professional";"20000";"13109926"
"13104854";"AC Léopards";"Congo";"Championnat national du C";"Professional";"15000";"13191378"
"13111481";"ASPIRE Academy (SEN)";"Sénégal";"-";"Amateur";"1000";"-1"
"13153592";"KIMA Aswan";"Égypte";"Troisième division Grp 1";"Professional";"0";"2000142101"
"13153623";"El Sekka";"Égypte";"D2";"Professional";"25000";"12040323"
"13167211";"Dayrout";"Égypte";"D2";"Professional";"1000";"12040323"
"13176557";"UD Songo";"Mozambique";"Première division";"Professional";"2000";"13191166"
"13177528";"Stade Rénard";"Cameroun";"Élite One";"Professional";"1000";"13172336"
"13191653";"Oslo FA";"Sénégal";"Deuxième division";"Professional";"10000";"12078428"
"13197362";"ASC Kara";"Togo";"Première division du Togo";"Professional";"2000";"13211727"
"13215537";"Kada Warriors";"Nigeria";"Deuxième division C";"Semi-Professional";"16000";"2000254983"
"13226884";"Geita Gold";"Tanzanie";"Championnat de Tanzanie";"Professional";"1500";"2000113898"
"14002956";"Alumni (VM)";"Argentine";"4ème division non AFA";"Semi-Professional";"5500";"14037261"
"14028676";"Boxing Club";"Argentine";"4ème division non AFA";"Semi-Professional";"1000";"14037261"
"14209375";"F.A.D.E.P. (Mendoza)";"Argentine";"4ème division non AFA";"Professional";"1200";"14037261"
"15015355";"Dandenong Thunder";"Australie";"NPL Victoria";"Semi-Professional";"5000";"130188"
"15043625";"Central Coast (NPL)";"Australie";"NPL NSW";"Semi-Professional";"5000";"130185"
"16001028";"SV St. Margarethen";"Autriche";"Division autrichienne du ";"Semi-Professional";"2000";"16000666"
"16001031";"ASK Horitschon";"Autriche";"Division autrichienne du ";"Semi-Professional";"1500";"16000666"
"16009244";"SC Red Star Penzing";"Autriche";"Division autrichienne de ";"Semi-Professional";"2000";"16000661"
"16009439";"AKA Burgenland";"Autriche";"Championnat junior";"Amateur";"2000";"16068419"
"16035822";"SC Göfis";"Autriche";"Eliteleague Vorarlberg d'";"Amateur";"1500";"16302523"
"17010547";"Viktorija";"Biélorussie";"2ème Division";"Semi-Professional";"1480";"7483369"
"17037713";"FC Bumprom";"Biélorussie";"1ère Division";"Semi-Professional";"3500";"7483366"
"18092351";"FC Richelle Utd";"Belgique";"Deuxième division ACFF";"Amateur";"5460";"18097863"
"20034762";"NY Cosmos B";"États-Unis";"-";"Professional";"0";"-1"
"23007438";"GDF";"Guyana";"Super Ligue";"Professional";"700";"45082433"
"23071761";"Al-Shabab";"Oman";"Ligue O";"Professional";"17000";"23071760"
"23085691";"Hidd";"Bahreïn";"Première Ligue";"Professional";"20000";"1039313"
"23090923";"Yadanarbon";"Birmanie";"Ligue nationale";"Professional";"3500";"23090922"
"23209629";"Hienghène Sport";"Nlle-Calédonie";"Division d'Honneur";"Semi-Professional";"1600";"8457145"
"23209759";"Henderson Eels";"Salomon";"Division inférieure";"Semi-Professional";"30000";"23209374"
"23366052";"SH JD Huilong";"Chine";"1ère Division";"Professional";"12400";"131126"
"29106539";"Dorking";"Angleterre";"Enterprise South";"Semi-Professional";"4500";"5123055"
"33024553";"FC Inter 2";"Finlande";"1ère Division";"Semi-Professional";"8472";"129131"
"33044421";"EPS";"Finlande";"1ère Division";"Semi-Professional";"1500";"129131"
"33052065";"Ilves/2";"Finlande";"2e Division Groupe B";"Semi-Professional";"8000";"33000117"
"34002597";"RC Saint-Joseph";"Martinique";"Régionale 1";"Semi-Professional";"1600";"82062798"
"36037532";"Asteras Varis";"Grèce";"Division C Groupe 6";"Semi-Professional";"1790";"36087248"
"36041703";"Loutraki";"Grèce";"Division C Groupe 4";"Semi-Professional";"3000";"36087246"
"36110253";"Asteras Stavrou";"Grèce";"Division C Groupe 3";"Semi-Professional";"140";"36087245"
"38000839";"Budaörs";"Hongrie";"Division III - Nord-Ouest";"Professional";"1200";"2000270610"
"38013487";"Érd";"Hongrie";"Division III - Sud-Ouest";"Professional";"1339";"2000270611"
"38015176";"Cigánd";"Hongrie";"Division III - Nord-Est";"Semi-Professional";"2000";"2000270607"
"39018169";"KF";"Islande";"3ème division";"Semi-Professional";"1506";"39033648"
"43036956";"Nissa";"Italie";"Série D Grp.I";"Semi-Professional";"11950";"1400408"
"43066172";"Brusaporto";"Italie";"Série D Grp.B";"Semi-Professional";"800";"1400401"
"43076615";"Tuttocuoio";"Italie";"Série D Grp.D";"Semi-Professional";"500";"1400403"
"43076623";"Chions";"Italie";"Eccellenza Friuli-Venezia";"Semi-Professional";"250";"43064526"
"43076717";"Trestina";"Italie";"Série D Grp.E";"Semi-Professional";"600";"1400404"
"43106377";"Corticella";"Italie";"Eccellenza Emilia-Romagna";"Semi-Professional";"1000";"43064524"
"43106386";"Sammaurese";"Italie";"Série D Grp.F";"Semi-Professional";"700";"1400405"
"43106562";"Lanusei";"Italie";"Eccellenza Sardegna";"Semi-Professional";"1100";"43064538"
"43124331";"GhiviBorgo";"Italie";"Série D Grp.E";"Semi-Professional";"1000";"1400404"
"43204780";"United Riccione";"Italie";"-";"Semi-Professional";"7000";"-1"
"43269769";"Real Monterotondo";"Italie";"Série D Grp.G";"Semi-Professional";"1000";"1400406"
"43460330";"Atletico Lodigiani";"Italie";"Série D Grp.G";"Semi-Professional";"1000";"1400406"
"43599651";"Franciacorta";"Italie";"-";"Semi-Professional";"1000";"-1"
"45031697";"Takushoku Univ.";"Japon";"-";"Amateur";"700";"-1"
"45037694";"RKU Kashiwa H.S.";"Japon";"Premier League U18 E";"Amateur";"0";"45115574"
"45082462";"Notch";"Suriname";"Major League du Suriname";"Professional";"3000";"37040965"
"45122815";"Tokoha Univ.";"Japon";"-";"Amateur";"1000";"-1"
"47053668";"Panevežys";"Lituanie";"TOPsport A lyga";"Professional";"6600";"2300046"
"49034221";"FC Rousset SVO";"France";"National 2 - Groupe C";"Semi-Professional";"314";"914523"
"50050954";"SR Colmar";"France";"National 2 - Groupe B";"Semi-Professional";"1970";"914522"
"50077184";"FC Balagne";"France";"National 3 - Groupe E";"Semi-Professional";"1500";"2000279696"
"51042170";"Leones Negros UdeG";"Mexique";"Série A Groupe I";"Professional";"3000";"51066838"
"55001084";"Mondinense";"Portugal";"Div d'honneur Vila";"Amateur";"2200";"83141258"
"55001114";"Caniçal";"Portugal";"Div d'honneur Madeira";"Amateur";"1000";"83141260"
"55001126";"Ferreiras";"Portugal";"Première division Algarve";"Amateur";"683";"83141265"
"55007141";"Mineiro Aljustrelense";"Portugal";"Première division Beja";"Amateur";"2000";"83141261"
"55007152";"Vieira SC";"Portugal";"Pro-national Braga";"Amateur";"1500";"83141246"
"55007156";"Marinhas";"Portugal";"Pro-national Braga";"Amateur";"3500";"83141246"
"55012082";"FC Crato";"Portugal";"Deuxième Division U19 du ";"Amateur";"500";"83191750"
"55020406";"Santa Maria";"Portugal";"Pro-national Braga";"Amateur";"2500";"83141246"
"55027254";"Sousense";"Portugal";"Première division Porto d";"Amateur";"2000";"83141244"
"55027259";"Alba";"Portugal";"Première division Aveiro";"Amateur";"1000";"83141250"
"55027268";"AD Nogueirense";"Portugal";"Première division Coimbra";"Amateur";"1500";"83141254"
"55038916";"Juv. Lajense";"Portugal";"Championnat National - C";"Semi-Professional";"200";"55065660"
"57071671";"ASC Zarnesti";"Roumanie";"D3 roumaine groupe 4";"Professional";"500";"57015180"
"57127415";"Unirea Bascov";"Roumanie";"D3 roumaine groupe 6";"Professional";"1000";"57015182"
"57189921";"CSU Alba Iulia";"Roumanie";"D3 roumaine groupe 7";"Semi-Professional";"18000";"57015313"
"61063393";"East Kilbride";"Écosse";"William Hill League 2";"Semi-Professional";"700";"48"
"62085128";"OFK Vršac";"Serbie";"D1 serbe";"Professional";"5000";"5776050"
"63001423";"Ruzomberok B";"Slovaquie";"-";"Professional";"4876";"-1"
"63010804";"Zvolen";"Slovaquie";"2ème Division";"Professional";"1870";"7560277"
"63011666";"Samorin";"Slovaquie";"2ème Division";"Professional";"2000";"7560277"
"63011669";"Pohronie";"Slovaquie";"2ème Division";"Professional";"2300";"7560277"
"67035569";"Sevilla C";"Espagne";"D3 Fédé espagnole Gr10";"Professional";"5000";"2000099920"
"67040814";"C.D. Marino";"Espagne";"D3 Fédé espagnole Gr12";"Semi-Professional";"7500";"2000099922"
"67040942";"Cuarte";"Espagne";"D3 Fédé espagnole Gr17";"Semi-Professional";"2000";"2000099927"
"67051289";"Somozas";"Espagne";"D3 Fédé espagnole Gr1";"Semi-Professional";"1500";"2000099911"
"67121473";"Extremadura U.D. B";"Espagne";"-";"Professional";"1000";"-1"
"67221441";"Deusto";"Espagne";"D3 Fédé espagnole Gr4";"Semi-Professional";"1000";"2000099914"
"67276809";"Llerenense";"Espagne";"D3 Fédé espagnole Gr14";"Semi-Professional";"1000";"2000099924"
"70061816";"Nevsehir Bld.";"Turquie";"Régionale amateur G6";"Professional";"7503";"70086164"
"70081025";"Alanya 1221";"Turquie";"3ème division Grp 4";"Professional";"3750";"70043165"
"72022096";"Chattanooga FC";"États-Unis";"Conférence Est MLSNP";"Professional";"20668";"2000152068"
"77033922";"CD San Simón";"Pérou";"Coupe du Pérou";"Professional";"25000";"5290552"
"77044614";"Sport Rosario";"Pérou";"Coupe du Pérou";"Professional";"15000";"5290552"
"78009701";"Durazno F.C.";"Uruguay";"1ère div. amateur";"Semi-Professional";"8500";"5512772"
"80030074";"Herrera";"Panama";"Première Division";"Professional";"1000";"86000021"
"80033814";"CD Universitario (Panama)";"Panama";"Première Division";"Professional";"4700";"86000021"
"82074555";"Etoile Matoury";"Guyane";"Régional 1 de Guyane";"Semi-Professional";"2353";"82062411"
"82076126";"Metropolitan FA";"Porto Rico";"LFPR";"Semi-Professional";"1250";"82076123"
"83314396";"Florgrade";"Portugal";"Championnat National - B";"Semi-Professional";"1000";"55065659"
"84107167";"Armacenenses";"Portugal";"Première division Algarve";"Amateur";"500";"83141265"
"84107171";"Sp. Viana do Alentejo";"Portugal";"Division d'élite Évora";"Amateur";"500";"83141259"
"86000033";"Petare";"Venezuela";"-";"Professional";"9800";"-1"
"86075323";"Fundación AIFI";"Venezuela";"Deuxième Division";"Semi-Professional";"42000";"86000002"
"96012108";"Chojniczanka";"Pologne";"2ème division";"Professional";"3000";"162504"
"96020194";"Pogon Siedlce";"Pologne";"D2";"Professional";"2901";"129559"
"98000309";"La Sarraz-Eclépens";"Suisse";"1ère Ligue - Groupe 1";"Semi-Professional";"800";"5724964"
"98005081";"Terre Sainte";"Suisse";"Ligue 2 Inter Gr 1";"Semi-Professional";"1400";"98005769"
"98005653";"Portalban/Gletterens";"Suisse";"1ère Ligue - Groupe 1";"Semi-Professional";"1300";"5724964"
"98042237";"Team AFF/FFV";"Suisse";"Division inférieure";"Amateur";"10000";"137891"
"2000003591";"Karystos";"Grèce";"Division C Groupe 5";"Semi-Professional";"150";"36087247"
"2000004583";"Belén La Nubia";"Colombie";"Liga Antioqueña";"Semi-Professional";"1200";"2000173837"
"2000015950";"Ostrovets";"Biélorussie";"1ère Division";"Professional";"1006";"7483366"
"2000035150";"FC Montlouis";"France";"National 2 - Groupe A";"Semi-Professional";"1500";"19"
"2000062972";"Südostschweiz";"Suisse";"Division inférieure";"Amateur";"1820";"137891"
"2000107275";"Lyon - La Duchère";"France";"National 3 - Groupe H";"Semi-Professional";"5438";"2000279699"
"2000107659";"Escuela Rey Pelé";"Colombie";"3ème Division";"Amateur";"7000";"5260949"
"2000111775";"Ceuta B";"Espagne";"D3 Fédé espagnole Gr10";"Professional";"1200";"2000099920"
"2000117813";"Metalurgistul Cugir";"Roumanie";"D3 roumaine groupe 7";"Professional";"1200";"57015313"
"2000118458";"Cattolica";"Italie";"Seconda Categoria";"Amateur";"2250";"43411872"
"2000127638";"Gremio Vallenato";"Colombie";"3ème Division";"Amateur";"3000";"5260949"
"2000128011";"Santander del Norte";"Colombie";"3ème Division";"Amateur";"2500";"5260949"
"2000138939";"Proxy SC";"Égypte";"D2";"Professional";"1500";"12040323"
"2000157312";"Hegelmann";"Lituanie";"TOPsport A lyga";"Professional";"1500";"2300046"
"2000170076";"KFA";"Islande";"Deuxième division";"Semi-Professional";"500";"39030708"
"2000171066";"Limonest Dardilly";"France";"National 2 - Groupe C";"Semi-Professional";"1000";"914523"
"2000174297";"Deportivo Ferry";"Colombie";"3ème Division";"Amateur";"2500";"5260949"
"2000174391";"Sporting HM F.C.";"Colombie";"Liga del N. de Santander";"Amateur";"1250";"2000173868"
"2000181441";"Jong KV Mechelen";"Belgique";"Deuxième division VV A";"Professional";"3450";"18097860"
"2000183268";"Považská Bystrica";"Slovaquie";"2ème Division";"Professional";"1400";"7560277"
"2000190014";"Asteras Kaisarianis";"Grèce";"Division C Groupe 5";"Semi-Professional";"4851";"36087247"
"2000207543";"Minerul Lupeni";"Roumanie";"D3 roumaine groupe 6";"Semi-Professional";"0";"57015182"
"2000209706";"Rivers Angels";"Nigeria";"Première Division B";"Semi-Professional";"38000";"2000350537"
"2000214350";"Dinamo Guadalajara";"Espagne";"Troisième division - Gr 2";"Amateur";"400";"2000302738"
"2000231892";"Coruña B";"Espagne";"Troisième division - Gr 1";"Amateur";"3000";"2000302735"
"2000233876";"Kamenica Sasa";"Macédoine du N.";"Ligue 1";"Semi-Professional";"2500";"2000233879"
"2000233891";"Ramat HaSharon";"Israël";"Premier League";"Semi-Professional";"4200";"2000233862"
"2000252633";"Lidköpings FK";"Suède";"Première div. - Centre";"Semi-Professional";"12500";"2000327938"
"2000252636";"Mallbackens IF Sunne";"Suède";"Elitettan";"Semi-Professional";"6500";"2000230565"
"2000252637";"Sundsvalls DFF";"Suède";"Première division - Nord";"Amateur";"8500";"2000327935"
"2000254309";"Crusaders Strikers";"Irlande du Nord";"Premiership";"Semi-Professional";"3208";"2000210815"
"2000254312";"Lisburn Rangers";"Irlande du Nord";"Premiership";"Semi-Professional";"600";"2000210815"
"2000257400";"Atlético Jireh";"Colombie";"3ème Division";"Amateur";"1500";"5260949"
"2000263035";"El-Merriekh Bentiu";"Soudan du Sud";"Première division";"Semi-Professional";"7000";"13211718"
"2000272902";"Tobago Chicas";"Trinité-et-Tobago";"LFF de TT";"Amateur";"7500";"2000274200"
"2000272941";"UTT Patriots";"Trinité-et-Tobago";"LFF de TT";"Amateur";"700";"2000274200"
"2000277529";"Cerklje";"Slovénie";"Ligue féminine";"Semi-Professional";"400";"2000232806"
"2000279117";"Exafoot";"Haïti";"Championnat National Fémi";"Amateur";"2000";"2000274213"
"2000280221";"Diekirch";"Luxembourg";"Ligue féminine";"Semi-Professional";"1450";"2000233754"
"2000280685";"Burgos B";"Espagne";"D2 Fédé espagnole Gr1";"Professional";"1200";"2000099903"
"2000280749";"Union Hutoise";"Belgique";"Deuxième division ACFF";"Amateur";"3000";"18097863"
"2000314672";"Llanelli Town";"Pays de Galles";"D2 Sud";"Semi-Professional";"3700";"2000314851"
"2000315996";"U. Viera";"Espagne";"D3 - Groupe 3";"Amateur";"2000";"2000473694"
"2000316002";"Cáceres At.";"Espagne";"D3 - Groupe 3";"Semi-Professional";"500";"2000473694"
"2000318928";"Futbolellas";"Espagne";"Troisième division - Gr 2";"Amateur";"500";"2000302738"
"2000319239";"Askøy";"Norvège";"3ème division Groupe 4";"Amateur";"4500";"53057344"
"2000323055";"Olímpico de León";"Espagne";"Troisième division - Gr 1";"Amateur";"200";"2000302735"
"2000323057";"Burgos";"Espagne";"Troisième division - Gr 1";"Amateur";"400";"2000302735"
"2000323923";"Samper";"Espagne";"Troisième division - Gr 2";"Semi-Professional";"2500";"2000302738"
"2000326661";"Lleida B";"Espagne";"Troisième division - Gr 2";"Amateur";"300";"2000302738"
"2000326779";"IFK Östersund";"Suède";"Première division - Nord";"Amateur";"8466";"2000327935"
"2000337527";"Greenock Morton";"Écosse";"SW Championship";"Semi-Professional";"0";"2000280992"
"2000337546";"Stenhousemuir";"Écosse";"SW Championship";"Semi-Professional";"3076";"2000280992"
"2000337841";"IK Brage";"Suède";"Première division - Nord";"Amateur";"1000";"2000327935"
"2000337842";"Karlbergs BK";"Suède";"Première division - Nord";"Amateur";"1000";"2000327935"
"2000337846";"Sollentuna FK";"Suède";"Première division - Nord";"Amateur";"4500";"2000327935"
"2000337918";"CPB BréquignyRennes";"France";"D3 - Groupe A";"Semi-Professional";"1000";"2000278258"
"2000337948";"Argual";"Espagne";"Troisième division - Gr 2";"Semi-Professional";"3500";"2000302738"
"2000337963";"Granada B";"Espagne";"D3 - Groupe 3";"Amateur";"800";"2000473694"
"2000337964";"Sportextremadura";"Espagne";"D3 - Groupe 3";"Amateur";"900";"2000473694"
"2000338019";"Eskilsminne IF";"Suède";"Première division - Sud";"Semi-Professional";"3500";"2000327937"
"2000338645";"Eastern Flames";"Arabie saoudite";"Premier League";"Professional";"15000";"2000338506"
"2000339031";"Guaraní (PAR)";"Paraguay";"Championnat";"Semi-Professional";"4500";"2000338393"
"2000340022";"Fola Esch";"Luxembourg";"Lower Division";"Semi-Professional";"7826";"2000340048"
"2000341767";"QRM";"France";"D3 - Groupe A";"Semi-Professional";"12171";"2000278258"
"2000342385";"Valtti";"Finlande";"Div. inférieure féminine";"Semi-Professional";"800";"2000439966"
"2000342691";"IK Sirius FK";"Suède";"Women's Lower Division";"Semi-Professional";"10522";"2000340049"
"2000344279";"Naegohyang";"Corée du Nord";"D1 de Corée du Nord";"Semi-Professional";"0";"2000343108"
"2000344295";"Västerås SK";"Suède";"Première div. - Centre";"Amateur";"7000";"2000327938"
"2000347052";"Indeni Roses";"Zambie";"Championnat féminin";"Professional";"1000";"2000346822"
"2000347059";"Green Eagles";"Zambie";"Championnat féminin";"Professional";"4500";"2000346822"
"2000347891";"Cienfuegos";"Cuba";"Liga Nacional";"Amateur";"4000";"2000274188"
"2000351214";"Vitória";"Brésil";"Première division";"Professional";"1000";"2000314935"
"2000351650";"Wydad";"Maroc";"Championnat du Maroc";"Professional";"3000";"2000338483"
"2000354670";"Paysandu";"Brésil";"D2 nationale";"Professional";"500";"2000314936"
"2000355472";"Proven Girls FC";"Jamaïque";"PLF de Jamaïque";"Amateur";"3000";"2000343082"
"2000355590";"Louves Minproff";"Cameroun";"D1 du Cameroun";"Semi-Professional";"0";"2000343137"
"2000357676";"Hà N?i I";"Vietnam";"Ligue féminine nationale";"Semi-Professional";"0";"2000343101"
"2000358762";"Club 5 de Abril";"Rép. Dominicaine";"Liga Femenina";"Amateur";"1800";"2000359528"
"2000359968";"Al-Hilal SC (SYR)";"Syrie";"Première Division";"Semi-Professional";"0";"2000343103"
"2000360883";"Etoile";"Guadeloupe";"Première Division";"Amateur";"1200";"2000274184"
"2000361143";"Neftchi F.";"Ouzbékistan";"Ligue fém. d'Ouzbékistan";"Semi-Professional";"0";"2000338398"
"2000361149";"Fruta Conquerors";"Guyana";"Division 1";"Amateur";"750";"2000274183"
"2000366460";"MWOS FC";"Zimbabwe";"Première division";"Professional";"10000";"13190228"
"2000367398";"Dulwich Hamlet";"Angleterre";"D1 nat. fém SE";"Semi-Professional";"3500";"2000168704"
"2000373523";"Vigo";"Espagne";"Troisième division - Gr 1";"Amateur";"4000";"2000302735"
"2000374919";"Divas Ninove";"Belgique";"Belgian Lower Division";"Amateur";"4000";"2000421253"
"2000374935";"Patro Eisden";"Belgique";"-";"Amateur";"5500";"-1"
"2000374937";"RWDM";"Belgique";"Belgian Lower Division";"Amateur";"12622";"2000421253"
"2000383177";"ShenZ 2028";"Chine";"D2 Sud";"Semi-Professional";"1000";"1002873"
"2000387579";"Kaya–Iloilo";"Philippines";"D1 des Philippines";"Semi-Professional";"0";"2000343106"
"2000431708";"PR Surf";"Porto Rico";"LPR Fem";"Amateur";"900";"2000274211"
"2000431962";"Unixlabs";"Biélorussie";"1ère Division";"Professional";"5200";"7483366"
"2000467010";"Manila Digger";"Philippines";"D1 des Philippines";"Semi-Professional";"0";"2000343106"
"2000472017";"Wythenshawe";"Angleterre";"D1 nat. fém Nord";"Semi-Professional";"1500";"2000168702"
"2000472070";"Ascot";"Angleterre";"D1 nat. fém SO";"Semi-Professional";"1150";"2000168705"
"2000472358";"Gomora United";"Afrique du Sud";"1ère Division";"Professional";"5000";"131235"
"2000479987";"Lerumo Lions";"Afrique du Sud";"1ère Division";"Professional";"8000";"131235"
"2000480412";"Ponte SP Mapello";"Italie";"Eccellenza Lombardia 2";"Semi-Professional";"2000";"43064531"
"283";"Torhout";"Belgique";"Deuxième division VV A";"Amateur";"2000";"18097860"
"1546";"Buckie";"Écosse";"Highlands";"Semi-Professional";"2600";"61006615"
"2104";"Avarta";"Danemark";"Danmarksserien, pulje 3";"Amateur";"6000";"27001459"
"2141";"Vejgaard";"Danemark";"CampoBet 3. Division";"Semi-Professional";"1200";"2000016262"
"129843";"Grobnican";"Croatie";"3ème Division";"Semi-Professional";"2000";"145436"
"129856";"Dugo Selo";"Croatie";"3ème Division";"Semi-Professional";"2000";"145436"
"130379";"Malatyaspor";"Turquie";"Régionale amateur G2";"Semi-Professional";"10411";"70086160"
"130839";"Stockerau";"Autriche";"Niederösterreich";"Semi-Professional";"5000";"16000662"
"135351";"Kuala Lumpur";"Malaisie";"Super League";"Professional";"18000";"5624536"
"135368";"Terengganu";"Malaisie";"Super League";"Professional";"50000";"5624536"
"137948";"1.FC Simmering";"Autriche";"Division autrichienne de ";"Semi-Professional";"5000";"16000661"
"301286";"São Luiz";"Brésil";"D4";"Professional";"8000";"19127222"
"426805";"Rochedale Rovers";"Australie";"NPL Queensland";"Semi-Professional";"2000";"15041771"
"432293";"North Wellington";"Nouvelle-Zélande";"Ligue centrale NZ";"Amateur";"1000";"88006344"
"450307";"Tekirdagspor";"Turquie";"Régionale amateur G10";"Semi-Professional";"9600";"70086168"
"477429";"Torpedo Vladimir";"Russie";"Division 2 B - Groupe 2";"Professional";"3000";"2000272303"
"754972";"Skjetten";"Norvège";"3ème division Groupe 3";"Semi-Professional";"600";"53057343"
"756436";"Staal";"Norvège";"3ème division Groupe 5";"Semi-Professional";"350";"53057345"
"775207";"Josai Univ.";"Japon";"-";"Amateur";"1000";"-1"
"814429";"Castellón B";"Espagne";"D2 Fédé espagnole Gr3";"Professional";"1000";"2000099905"
"824409";"Santa Brígida";"Espagne";"D3 Fédé espagnole Gr12";"Semi-Professional";"1000";"2000099922"
"834835";"Tamai";"Italie";"Eccellenza Friuli-Venezia";"Semi-Professional";"1000";"43064526"
"834850";"Angri";"Italie";"Eccellenza Campania 2 Grp";"Semi-Professional";"4000";"43064523"
"879708";"Jena II";"Allemagne";"-";"Semi-Professional";"0";"-1"
"3200572";"Pays Vert Ostiches-Ath";"Belgique";"Deuxième division ACFF";"Amateur";"2000";"18097863"
"3800318";"Fossano";"Italie";"Eccellenza Piemonte 2";"Semi-Professional";"400";"43064536"
"4200561";"Binéfar";"Espagne";"D3 Fédé espagnole Gr17";"Semi-Professional";"1032";"2000099927"
"4212148";"C. Durango";"Espagne";"D3 Fédé espagnole Gr4";"Semi-Professional";"3000";"2000099914"
"4212590";"Txantrea";"Espagne";"D3 Fédé espagnole Gr15";"Semi-Professional";"4100";"2000099925"
"5370405";"RC Kadiogo";"Burkina Faso";"Première division";"Professional";"15000";"13211662"
"5512562";"Colón de Montevideo";"Uruguay";"2ème division pro";"Professional";"4500";"5512771"
"5625256";"Tempête";"Haïti";"Première division";"Professional";"4200";"73100020"
"5639254";"Ha Noi T&T";"Vietnam";"-";"Professional";"22500";"-1"
"6100080";"Montecchio Maggiore";"Italie";"Eccellenza Veneto 1";"Semi-Professional";"1500";"43064545"
"7446370";"Almazán";"Espagne";"D3 Fédé espagnole Gr8";"Semi-Professional";"2000";"2000099918"
"8325039";"Truro";"Angleterre";"Enterprise National";"Professional";"4100";"109201"
"8700520";"Hankofen";"Allemagne";"Div. régionale Sud-ouest";"Semi-Professional";"2000";"91107111"
"12015951";"Gaborone Utd";"Botswana";"Première division";"Professional";"2000";"13211659"
"13137121";"KK Homeboyz";"Kenya";"Première division";"Professional";"5000";"13211639"
"13158460";"Jwaneng Galaxy";"Botswana";"Première division";"Professional";"2000";"13211659"
"15008693";"Redlands United";"Australie";"Premier League du Queensl";"Semi-Professional";"3000";"15083847"
"16001029";"SV Eberau";"Autriche";"Division autrichienne du ";"Semi-Professional";"1500";"16000666"
"16001070";"FC Großklein";"Autriche";"Ligue haute C-O (St)";"Semi-Professional";"2000";"16036176"
"16009431";"FAL Linz";"Autriche";"-";"Amateur";"2000";"-1"
"16009433";"AKA Vorarlberg";"Autriche";"Championnat junior";"Amateur";"2800";"16068419"
"16032076";"SC Brunn/Geb.";"Autriche";"2. Ligue du comté Est (NÖ";"Semi-Professional";"2000";"16036168"
"23002934";"Al-Jandal";"Arabie saoudite";"First Division League";"Professional";"10000";"7920264"
"23502109";"Citizen";"Hong Kong (RP de Chine)";"Première Division";"Semi-Professional";"800";"2000338501"
"35018859";"Westfalia Rhynern";"Allemagne";"Westphalie";"Semi-Professional";"3500";"8700005"
"35140218";"Gießen";"Allemagne";"Hesse";"Semi-Professional";"4999";"8700003"
"39036495";"BUL FC";"Ouganda";"Premier League";"Professional";"2000";"39037297"
"43076655";"Ambrosiana (VR)";"Italie";"Eccellenza Veneto 1";"Semi-Professional";"800";"43064545"
"43076704";"Muravera";"Italie";"Terza Categoria";"Amateur";"1000";"43411873"
"43077329";"Fezzanese";"Italie";"Eccellenza Liguria";"Semi-Professional";"6000";"43064529"
"43106344";"Cittanova";"Italie";"Eccellenza Calabria";"Semi-Professional";"1600";"43064521"
"43106520";"Castelfidardo";"Italie";"Série D Grp.F";"Semi-Professional";"2000";"1400405"
"43157282";"Pont Donnaz";"Italie";"-";"Semi-Professional";"600";"-1"
"43157336";"Sona";"Italie";"-";"Semi-Professional";"286";"-1"
"43204816";"Città di S.Agata";"Italie";"-";"Semi-Professional";"1000";"-1"
"43204865";"Altovicentino";"Italie";"-";"Amateur";"6000";"-1"
"43269876";"Tau";"Italie";"Série D Grp.E";"Semi-Professional";"300";"1400404"
"43269883";"Pol. Santa Maria";"Italie";"Eccellenza Campania 2 Grp";"Semi-Professional";"1500";"43064523"
"43457018";"Atletico Ascoli";"Italie";"Série D Grp.F";"Semi-Professional";"1000";"1400405"
"53010566";"Madla";"Norvège";"3ème division Groupe 5";"Amateur";"1000";"53057345"
"57076759";"Înainte Modelu";"Roumanie";"D3 roumaine groupe 3";"Professional";"1000";"57015179"
"67017682";"Yaiza";"Espagne";"D3 Fédé espagnole Gr12";"Semi-Professional";"2000";"2000099922"
"67020447";"Burgos Promesas";"Espagne";"-";"Professional";"1200";"-1"
"67065946";"La Virgen del Camino";"Espagne";"D3 Fédé espagnole Gr8";"Semi-Professional";"1500";"2000099918"
"67089861";"Trival Valderas";"Espagne";"D3 Fédé espagnole Gr7";"Semi-Professional";"1000";"2000099917"
"67096496";"Llosetense";"Espagne";"D3 Fédé espagnole Gr11";"Semi-Professional";"1500";"2000099921"
"67097976";"Pamplona";"Espagne";"D3 Fédé espagnole Gr15";"Semi-Professional";"3000";"2000099925"
"67098353";"Huétor Tájar";"Espagne";"D3 Fédé espagnole Gr9";"Semi-Professional";"600";"2000099919"
"67105811";"Robres";"Espagne";"D3 Fédé espagnole Gr17";"Semi-Professional";"0";"2000099927"
"67224622";"Sámano";"Espagne";"D2 Fédé espagnole Gr1";"Professional";"250";"2000099903"
"67243417";"Torredonjimeno";"Espagne";"D3 Fédé espagnole Gr9";"Semi-Professional";"4500";"2000099919"
"67276609";"C.S. Puertollano";"Espagne";"D3 Fédé espagnole Gr18";"Professional";"7240";"2000099928"
"70081159";"Inegöl Kafkas SK";"Turquie";"3ème division Grp 1";"Professional";"8000";"70043162"
"70136214";"Sebat Gençlik";"Turquie";"3ème division Grp 3";"Professional";"1820";"70043164"
"78014919";"Artigas";"Uruguay";"2ème division pro";"Professional";"1880";"5512771"
"78037929";"Terremoto";"Uruguay";"1ère div. amateur";"Amateur";"8500";"5512772"
"82070163";"Ouanaminthe";"Haïti";"Première division";"Semi-Professional";"1000";"73100020"
"95080101";"Simba Bhora";"Zimbabwe";"Première division";"Professional";"1000";"13190228"
"97207966";"Viettel";"Vietnam";"Premier League";"Professional";"40192";"8550000"
"2000018938";"Insieme Formia";"Italie";"-";"Semi-Professional";"5000";"-1"
"2000113410";"San Marino";"Saint-Marin";"Série D Grp.F";"Semi-Professional";"750";"1400405"
"2000186474";"Roma City";"Italie";"Eccellenza Lazio Grp.A";"Semi-Professional";"2500";"43064527"
"2000210918";"Tokat Bld.";"Turquie";"3ème division Grp 3";"Professional";"3000";"70043164"
"2000261996";"Kalamazoo FC";"États-Unis";"USSL W League";"Semi-Professional";"0";"2000335881"
"2000262001";"Chicago Dutch Lions FC";"États-Unis";"USSL W League";"Semi-Professional";"0";"2000335881"
"2000276079";"Pardubice";"Rép. tchèque";"Deuxième Division";"Semi-Professional";"3000";"2000276257"
"2000277944";"Trikala 2011";"Grèce";"Première Division";"Semi-Professional";"14500";"2000232803"
"2000283472";"Città di Formia";"Italie";"Eccellenza Lazio Grp.B";"Semi-Professional";"5000";"43064528"
"2000338877";"Lonestar SC";"États-Unis";"USSL W League";"Semi-Professional";"0";"2000335881"
"2000339109";"Defensor Sporting";"Uruguay";"Première Division";"Amateur";"10312";"2000338480"
"59";"KS Besa";"Albanie";"Kategoria 1";"Professional";"8000";"8351372"
"296";"Wezel";"Belgique";"Troisième division VV B";"Amateur";"2000";"18097865"
"523";"Holstebro";"Danemark";"Ligue - Groupe 4";"Amateur";"8000";"27065986"
"1545";"Brora Rangers";"Écosse";"Highlands";"Semi-Professional";"3200";"61006615"
"1566";"Fraserburgh";"Écosse";"Highlands";"Semi-Professional";"3200";"61006615"
"1609";"Tampines";"Singapour";"Champ. Singapour";"Professional";"8000";"5395850"
"101148";"Pforzheim";"Allemagne";"Bade-Württemberg";"Semi-Professional";"4500";"8700002"
"120065";"San José (Oruro)";"Bolivie";"Division inférieure";"Semi-Professional";"32595";"19166141"
"130353";"Izmirspor";"Turquie";"Régionale amateur G8";"Semi-Professional";"800";"70086166"
"130534";"Druzhba Maikop";"Russie";"Division 2 B - Groupe 1";"Professional";"15000";"2000272302"
"135528";"Deltras";"Indonésie";"Championnat Groupe 2";"Professional";"19400";"41042742"
"136188";"Unicov";"Rép. tchèque";"3ème Division tchèque";"Semi-Professional";"4350";"136042"
"140710";"Nuorese";"Italie";"Eccellenza Sardegna";"Semi-Professional";"3440";"43064538"
"309641";"Souza";"Brésil";"D4";"Professional";"12000";"19127222"
"426862";"St. Albans Saints";"Australie";"NPL Victoria";"Semi-Professional";"2500";"130188"
"455203";"Ayvalikgücü Bld.";"Turquie";"3ème division Grp 4";"Professional";"5000";"70043165"
"476489";"Dinamo Petersbourg";"Russie";"Division 2 B - Groupe 3";"Professional";"1590";"2000272305"
"513014";"Pallo-Pojat";"Finlande";"2e Division Groupe B";"Semi-Professional";"600";"33000117"
"620906";"Sollentuna FK";"Suède";"1ère Division Nord";"Semi-Professional";"4500";"8114888"
"753915";"Brumunddal";"Norvège";"D4 Indre Øst.";"Semi-Professional";"1500";"53162006"
"814065";"Llanes";"Espagne";"D3 Fédé espagnole Gr2";"Semi-Professional";"2000";"2000099912"
"814367";"Guarnizo";"Espagne";"D3 Fédé espagnole Gr3";"Semi-Professional";"2700";"2000099913"
"814650";"Binissalem";"Espagne";"D3 Fédé espagnole Gr11";"Semi-Professional";"2000";"2000099921"
"814889";"Burladés";"Espagne";"1ª Aut. Navarra";"Semi-Professional";"1250";"2000185390"
"824126";"Numantia B";"Espagne";"D3 Fédé espagnole Gr8";"Professional";"1500";"2000099918"
"831235";"Sansepolcro";"Italie";"Série D Grp.E";"Semi-Professional";"2000";"1400404"
"834899";"Orvietana";"Italie";"Série D Grp.E";"Semi-Professional";"1207";"1400404"
"879236";"Baunatal";"Allemagne";"Hesse";"Semi-Professional";"7578";"8700003"
"879933";"Erndtebrück";"Allemagne";"Div inf. d'Allemagne";"Semi-Professional";"3000";"8700660"
"930256";"Odder";"Danemark";"CampoBet 3. Division";"Amateur";"3000";"2000016262"
"1022279";"Muscat";"Oman";"Première division Gr. B";"Professional";"34000";"23237488"
"1301562";"YoungHeart";"Nouvelle-Zélande";"-";"Semi-Professional";"8000";"-1"
"1509788";"Tarragona B";"Espagne";"Superlliga Catalana";"Semi-Professional";"300";"2000289890"
"3200585";"ASV Geel";"Belgique";"Troisième division VV B";"Amateur";"10022";"18097865"
"5390099";"UDIB";"Guinée-Bissau";"Première division";"Semi-Professional";"12000";"13211628"
"5430415";"Leo Victor";"Suriname";"Major League du Suriname";"Professional";"3500";"37040965"
"5430477";"Guantánamo";"Cuba";"Ligue nationale";"Semi-Professional";"5000";"19166492"
"5430480";"Holguín";"Cuba";"Ligue nationale";"Semi-Professional";"1500";"19166492"
"5622885";"Kigwancha";"Corée du Nord";"Ligue nord-coréenne";"Semi-Professional";"30000";"23100525"
"5623522";"Hilal Al-Quds";"Palestine";"D1 de Cisjordanie";"Professional";"12500";"23091052"
"5627025";"Binh Duong";"Vietnam";"-";"Professional";"18250";"-1"
"5640798";"Písek";"Rép. tchèque";"3ème DivisionCFL";"Semi-Professional";"4350";"136041"
"5724410";"Chur";"Suisse";"Ligue 2 Inter Gr 5";"Semi-Professional";"2996";"98005773"
"5725071";"Dornach";"Suisse";"Ligue 2 Inter Gr 3";"Semi-Professional";"2500";"98005771"
"5727144";"Pully";"Suisse";"Ligue 2 Inter Gr 1";"Semi-Professional";"1000";"98005769"
"5727261";"Muri";"Suisse";"Division inférieure";"Semi-Professional";"2350";"137891"
"5744873";"Petrovac";"Monténégro";"Premiership";"Professional";"1630";"5745020"
"6000000";"Oberneuland";"Allemagne";"Brême";"Semi-Professional";"5050";"35024472"
"7443036";"Monzón";"Espagne";"D3 Fédé espagnole Gr17";"Semi-Professional";"5000";"2000099927"
"7446413";"Arroyo";"Espagne";"Preferente Extremadura Gr";"Semi-Professional";"4100";"67101214"
"7452061";"Siete Villas";"Espagne";"Preferente Cantabria";"Semi-Professional";"600";"67101191"
"7521264";"Gyula";"Hongrie";"Division III - Sud-Est";"Semi-Professional";"2700";"2000270609"
"7521288";"Tiszaújváros";"Hongrie";"Division III - Nord-Est";"Semi-Professional";"4000";"2000270607"
"7601665";"MO Béjaïa";"Algérie";"Division inférieure d'Alg";"Semi-Professional";"25000";"13220910"
"7983757";"Enna";"Italie";"Série D Grp.I";"Semi-Professional";"1400";"1400408"
"8427635";"Aiglon";"Martinique";"Régionale 1";"Semi-Professional";"10000";"82062798"
"13117788";"Police FC";"Rwanda";"Première division";"Professional";"1000";"13211703"
"13183429";"Ngezi Platinum";"Zimbabwe";"Première division";"Professional";"1000";"13190228"
"15071876";"Perth Glory (NPL)";"Australie";"NPL WA";"Semi-Professional";"3000";"130189"
"16009432";"AKA Tirol";"Autriche";"Championnat junior";"Amateur";"2000";"16068419"
"16009435";"AKA St. Pölten NÖ";"Autriche";"Championnat junior";"Amateur";"2000";"16068419"
"16074954";"Union Ostermiething";"Autriche";"Oberösterreich";"Semi-Professional";"1000";"16000663"
"19019955";"Universitario de Sucre";"Bolivie";"D2";"Semi-Professional";"32700";"86009019"
"23396078";"Kuching";"Malaisie";"Super League";"Professional";"26000";"5624536"
"24038155";"Ðakovo Croatia";"Croatie";"3ème Division";"Semi-Professional";"1022";"145436"
"25004976";"Brozany";"Rép. tchèque";"Troisième division CFL B";"Semi-Professional";"4350";"25060473"
"27147895";"SfB-Oure FA";"Danemark";"Danmarksserien, pulje 3";"Amateur";"7000";"27001496"
"35116409";"Bissingen";"Allemagne";"Bade-Württemberg";"Semi-Professional";"3000";"8700002"
"38005149";"Hatvan";"Hongrie";"Division III - Nord-Est";"Professional";"2500";"2000270607"
"38005161";"Sényo";"Hongrie";"Division III - Nord-Est";"Semi-Professional";"750";"2000270607"
"38005167";"Tiszafüred";"Hongrie";"Division III - Nord-Est";"Semi-Professional";"1200";"2000270607"
"43048153";"Rotonda";"Italie";"-";"Amateur";"600";"-1"
"43048806";"Ilvamaddalena";"Italie";"Eccellenza Sardegna";"Semi-Professional";"1000";"43064538"
"43066349";"Chisola";"Italie";"Série D Grp.A";"Semi-Professional";"1000";"1400400"
"43076737";"Roccella";"Italie";"Prima Categoria Calabria ";"Amateur";"2000";"43411783"
"43106374";"Progresso";"Italie";"Série D Grp.D";"Semi-Professional";"500";"1400403"
"43126683";"Montespaccato";"Italie";"Série D Grp.G";"Semi-Professional";"1300";"1400406"
"43127073";"Portici";"Italie";"Eccellenza Campania 1 Grp";"Semi-Professional";"10500";"43064522"
"43156700";"Sarnese";"Italie";"Série D Grp.H";"Semi-Professional";"3246";"1400407"
"43157223";"Nuova Florida";"Italie";"Eccellenza Lazio Grp.A";"Semi-Professional";"800";"43064527"
"43204796";"Molfetta";"Italie";"Promozione Puglia Grp.A";"Amateur";"4000";"43104649"
"43204801";"Carbonia";"Italie";"Eccellenza Sardegna";"Semi-Professional";"1500";"43064538"
"43599641";"Vogherese";"Italie";"Série D Grp.B";"Semi-Professional";"4000";"1400401"
"43607886";"Viareggio";"Italie";"Eccellenza Toscana Grp.A";"Semi-Professional";"7000";"43064541"
"53037079";"Herd";"Norvège";"D4 Sunnmøre";"Amateur";"500";"53162017"
"53072600";"Fyllingsdalen";"Norvège";"3ème division Groupe 4";"Amateur";"3500";"53057344"
"57031764";"Progresul Spartac";"Roumanie";"D3 roumaine groupe 5";"Professional";"990";"57015181"
"57071961";"Sporting Liesti";"Roumanie";"D3 roumaine groupe 2";"Semi-Professional";"2500";"57015177"
"57114221";"Oltul Curtisoara";"Roumanie";"D3 roumaine groupe 5";"Semi-Professional";"0";"57015181"
"57172823";"Muscelul ARO Câmpulung";"Roumanie";"D3 roumaine groupe 6";"Semi-Professional";"10000";"57015182"
"57187799";"Kids Tâmpa Brasov";"Roumanie";"D3 roumaine groupe 4";"Professional";"5000";"57015180"
"65001061";"Hanover Park";"Afrique du Sud";"Div. inférieure Cape O";"Semi-Professional";"3000";"65010780"
"67000116";"Marchamalo";"Espagne";"D3 Fédé espagnole Gr18";"Semi-Professional";"1200";"2000099928"
"67000122";"Villacañas";"Espagne";"D3 Fédé espagnole Gr18";"Semi-Professional";"2000";"2000099928"
"67016727";"Illueca";"Espagne";"D3 Fédé espagnole Gr17";"Semi-Professional";"2000";"2000099927"
"67035559";"Azuqueca";"Espagne";"D3 Fédé espagnole Gr18";"Semi-Professional";"1000";"2000099928"
"67051319";"Estradense";"Espagne";"D3 Fédé espagnole Gr1";"Semi-Professional";"700";"2000099911"
"67128963";"F.C. La Calzada";"Espagne";"D3 Fédé espagnole Gr16";"Semi-Professional";"2500";"2000099926"
"67181500";"Cerdanyola";"Espagne";"D3 Fédé espagnole Gr5";"Semi-Professional";"2000";"2000099915"
"67224617";"Colunga";"Espagne";"D3 Fédé espagnole Gr2";"Semi-Professional";"500";"2000099912"
"67224704";"Calamonte";"Espagne";"D3 Fédé espagnole Gr14";"Semi-Professional";"800";"2000099924"
"67243420";"Huétor Vega";"Espagne";"D3 Fédé espagnole Gr9";"Semi-Professional";"1000";"2000099919"
"67258196";"Las Palmas C";"Espagne";"D3 Fédé espagnole Gr12";"Semi-Professional";"1600";"2000099922"
"67259095";"U.D. Ourense";"Espagne";"D2 Fédé espagnole Gr1";"Professional";"5659";"2000099903"
"67276750";"Torina";"Espagne";"D3 Fédé espagnole Gr3";"Semi-Professional";"3000";"2000099913"
"67276756";"Tarancón";"Espagne";"D3 Fédé espagnole Gr18";"Semi-Professional";"4500";"2000099928"
"69005059";"Emmenbrücke";"Suisse";"Ligue 2 Inter Gr 4";"Semi-Professional";"8200";"98005772"
"70081704";"Çorlu Spor 1947";"Turquie";"3ème division Grp 1";"Professional";"5300";"70043162"
"71026832";"Podillia";"Ukraine";"Première Ligue";"Professional";"6800";"5314302"
"75016830";"Lautaro de Buin";"Chili";"3ème Division";"Semi-Professional";"3700";"5250794"
"76040921";"Al Hilal (COL)";"Colombie";"MagFútbol";"Amateur";"4350";"2000173866"
"78012164";"Villa Teresa";"Uruguay";"1ère div. amateur";"Semi-Professional";"18850";"5512772"
"80000638";"Municipal Cañar";"Équateur";"S.C. de Cañar";"Semi-Professional";"7000";"2000172957"
"82061065";"Atlántico FC";"Rép. Dominicaine";"Liga Mayor";"Semi-Professional";"2000";"82061057"
"84107068";"Celoricense";"Portugal";"Championnat National - A";"Semi-Professional";"500";"55065643"
"87000492";"Mictlán";"Guatemala";"Ligue Nationale";"Professional";"3000";"87000495"
"91149434";"Kaan-Marienborn";"Allemagne";"Div inf. d'Allemagne";"Amateur";"4000";"8700660"
"95055261";"Black Bulls";"Mozambique";"Première division";"Professional";"3000";"13191166"
"95063408";"TelOne FC";"Zimbabwe";"Première division";"Professional";"5000";"13190228"
"98008799";"Taverne";"Suisse";"1ère Ligue - Groupe 3";"Semi-Professional";"1304";"5724966"
"98042421";"Muri-Gümligen";"Suisse";"Ligue 2 Inter Gr 2";"Semi-Professional";"1500";"98005770"
"2000006100";"Racing Murcia";"Espagne";"-";"Professional";"3000";"-1"
"2000069717";"Real Boyacá";"Colombie";"Division 1 U20";"Amateur";"500";"76050811"
"2000078683";"Sócrates Valencia F.C.";"Colombie";"3ème Division";"Amateur";"1000";"5260949"
"2000094950";"Loto FC";"Bénin";"Ligue 1 du Bénin";"Professional";"4000";"13211624"
"2000110775";"Tienda Margo's F.C.";"Colombie";"3ème Division";"Amateur";"7500";"5260949"
"2000116587";"Depor Valencia F.C.";"Colombie";"Liga Vallecaucana";"Amateur";"5000";"2000173873"
"2000122839";"SG St.Andrä/WAC Jun. 1c";"Autriche";"-";"Semi-Professional";"2300";"-1"
"2000126251";"CSO Baicoi";"Roumanie";"D3 roumaine groupe 4";"Semi-Professional";"0";"57015180"
"2000127945";"Turbo F.C";"Colombie";"Liga Antioqueña";"Amateur";"1000";"2000173837"
"2000128009";"Pamplona F.C.";"Colombie";"3ème Division";"Amateur";"2500";"5260949"
"2000174388";"Olympic C.D.";"Colombie";"Liga Santandereana";"Amateur";"30000";"2000173871"
"2000177760";"Área Chica";"Colombie";"Liga de Córdoba";"Amateur";"1500";"2000173857"
"2000183707";"Costa Orientale Sarda";"Italie";"Série D Grp.G";"Semi-Professional";"1000";"1400406"
"2000186092";"Molino Viejo";"Colombie";"Liga Antioqueña";"Amateur";"1200";"2000173837"
"2000252824";"Armadale Thistle";"Écosse";"SW Championship";"Semi-Professional";"0";"2000280992"
"2000255200";"Distrito F.C.";"Colombie";"Liga Vallecaucana";"Semi-Professional";"5000";"2000173873"
"2000255893";"Bogotá City F.C.";"Colombie";"3ème Division";"Amateur";"3500";"5260949"
"2000261991";"Cleveland Force SC";"États-Unis";"USSL W League";"Semi-Professional";"0";"2000335881"
"2000262014";"St. Charles FC";"États-Unis";"USSL W League";"Semi-Professional";"0";"2000335881"
"2000262059";"Tampa Bay United";"États-Unis";"USSL W League";"Semi-Professional";"0";"2000335881"
"2000278619";"Batumi";"Géorgie";"Ligue féminine de Géorgie";"Semi-Professional";"1000";"2000233751"
"2000290849";"Stourbridge";"Angleterre";"D1 nat. fém Midlands";"Semi-Professional";"2000";"2000168703"
"2000314830";"Penybont";"Pays de Galles";"D2 Sud";"Amateur";"1500";"2000314851"
"2000337542";"Bonnyrigg Rose";"Écosse";"SW Championship";"Semi-Professional";"0";"2000280992"
"2000338448";"Charlotte Eagles";"États-Unis";"USSL W League";"Semi-Professional";"5300";"2000335881"
"2000338672";"Athens United";"États-Unis";"USSL W League";"Semi-Professional";"0";"2000335881"
"2000358757";"Deportivo Claret";"Rép. Dominicaine";"Liga Femenina";"Amateur";"1000";"2000359528"
"2000361144";"Buxoro";"Ouzbékistan";"Ligue fém. d'Ouzbékistan";"Semi-Professional";"0";"2000338398"
"2000361246";"Club Colonial";"Martinique";"LFF de Martinique";"Amateur";"9300";"2000274212"
"2000370457";"KFUM Oslo";"Norvège";"Deuxième division Gr 2";"Amateur";"2200";"2000367203"
"2000377141";"CastrumFavara";"Italie";"Série D Grp.I";"Semi-Professional";"3500";"1400408"
"2000483919";"B. Ho Chi Minh City";"Vietnam";"Premier League";"Professional";"18250";"8550000"
"629";"Chelmsford";"Angleterre";"Enterprise South";"Professional";"3065";"5123055"
"647";"Dover";"Angleterre";"Enterprise South";"Semi-Professional";"6500";"5123055"
"988";"AFC";"Pays-Bas";"Tweede Divisie des Pays-B";"Amateur";"4000";"37059991"
"1225";"Wiltz";"Luxembourg";"Division d'honeur";"Semi-Professional";"3000";"5340022"
"1349";"Melhus Fotball";"Norvège";"3ème division Groupe 2";"Amateur";"500";"53057342"
"2330";"De Treffers";"Pays-Bas";"Tweede Divisie des Pays-B";"Amateur";"4700";"37059991"
"109108";"Mandalskameratene";"Norvège";"D4 Agder";"Amateur";"4700";"53162011"
"130376";"Diyarbakirspor";"Turquie";"Régionale amateur G2";"Semi-Professional";"500";"70086160"
"130517";"Dinamo Vologda";"Russie";"Division 2 B - Groupe 2";"Professional";"2490";"2000272303"
"133669";"Eastern";"Hong Kong (RP de Chine)";"1ère Division";"Professional";"6664";"5624449"
"135382";"Perak";"Malaisie";"Division inférieure";"Professional";"42500";"1013060"
"136472";"Trayal";"Serbie";"D1 serbe";"Semi-Professional";"10331";"5776050"
"137960";"Bleiburg";"Autriche";"Kärnten";"Semi-Professional";"3000";"16000660"
"301113";"Atlético de Alagoinhas";"Brésil";"Division inférieure";"Professional";"16000";"19102111"
"301210";"CCL";"Brésil";"Division inférieure";"Professional";"35000";"19102111"
"301310";"JOI";"Brésil";"D4";"Professional";"22000";"19127222"
"319115";"JAC";"Brésil";"Division inférieure";"Professional";"5000";"19102111"
"426814";"Wolves FC";"Australie";"NPL Queensland";"Semi-Professional";"1000";"15041771"
"432287";"Waterside Karori";"Nouvelle-Zélande";"Ligue centrale NZ";"Amateur";"4275";"88006344"
"432915";"AS Magenta";"Nlle-Calédonie";"Division d'Honneur";"Semi-Professional";"10500";"8457145"
"450627";"Gebzespor";"Turquie";"Super League Amateur";"Semi-Professional";"15462";"70084836"
"811339";"Lagun Onak";"Espagne";"D3 Fédé espagnole Gr4";"Semi-Professional";"3000";"2000099914"
"814056";"R. Bouzas";"Espagne";"Division régionale";"Semi-Professional";"2500";"115064"
"814404";"Vilassar";"Espagne";"D3 Fédé espagnole Gr5";"Professional";"4200";"2000099915"
"814489";"Pozoblanco";"Espagne";"D3 Fédé espagnole Gr10";"Semi-Professional";"3500";"2000099920"
"814695";"Ibarra";"Espagne";"-";"Semi-Professional";"3000";"-1"
"814892";"River Ebro";"Espagne";"Preferente La Rioja";"Semi-Professional";"3000";"67101218"
"814932";"Tamarite";"Espagne";"D3 Fédé espagnole Gr17";"Semi-Professional";"800";"2000099927"
"831355";"Terracina";"Italie";"Eccellenza Lazio Grp.B";"Semi-Professional";"4000";"43064528"
"880297";"Ravensburg";"Allemagne";"Bade-Württemberg";"Semi-Professional";"3000";"8700002"
"880370";"Villingen";"Allemagne";"Bade-Württemberg";"Semi-Professional";"12000";"8700002"
"919113";"AS Gosier";"Guadeloupe";"Régionale 1";"Semi-Professional";"2500";"82062570"
"932442";"Sundby";"Danemark";"CampoBet 3. Division";"Semi-Professional";"1200";"2000016262"
"1503462";"Berceo";"Espagne";"D3 Fédé espagnole Gr16";"Semi-Professional";"2000";"2000099926"
"3200577";"KFC Nijlen";"Belgique";"Deuxième division BVV";"Amateur";"2000";"18097862"
"4212389";"Vilafranca";"Espagne";"Superlliga Catalana";"Semi-Professional";"5000";"2000289890"
"4212608";"Beti Onak";"Espagne";"D3 Fédé espagnole Gr15";"Semi-Professional";"1500";"2000099925"
"5000210";"Florø";"Norvège";"D4 Sogn & Fj.";"Semi-Professional";"1500";"53162016"
"5201753";"Formartine Utd";"Écosse";"Highlands";"Semi-Professional";"2100";"61006615"
"5430468";"Ciego de Ávila";"Cuba";"Ligue nationale";"Semi-Professional";"3000";"19166492"
"5512556";"Sud América";"Uruguay";"1ère div. amateur";"Semi-Professional";"3700";"5512772"
"5623531";"Al Thahereya";"Palestine";"D1 de Cisjordanie";"Professional";"18000";"23091052"
"7446365";"San Ignacio";"Espagne";"D3 Fédé espagnole Gr4";"Semi-Professional";"1500";"2000099914"
"7446424";"Olivenza";"Espagne";"-";"Semi-Professional";"5000";"-1"
"7452067";"Pasaia";"Espagne";"D3 Fédé espagnole Gr4";"Semi-Professional";"1000";"2000099914"
"7452078";"Torrejón";"Espagne";"D3 Fédé espagnole Gr7";"Semi-Professional";"500";"2000099917"
"7520459";"Balassagyarmat";"Hongrie";"divison inférieure";"Semi-Professional";"1000";"7520394"
"8066991";"Baltika-2";"Russie";"Division 2 B - Groupe 2";"Professional";"14660";"2000272303"
"8159213";"K Achel VV";"Belgique";"Troisième division VV B";"Amateur";"1500";"18097865"
"8160781";"KFC Voorde-Appelterre";"Belgique";"Troisième division VV A";"Amateur";"1500";"18097864"
"8164195";"Sportief Rotselaar";"Belgique";"Deuxième division BVV";"Amateur";"1000";"18097862"
"8700519";"Eltersdorf";"Allemagne";"Bavière nord";"Semi-Professional";"2500";"91109039"
"8711900";"Göppingen";"Allemagne";"Bade-Württemberg";"Semi-Professional";"4500";"8700002"
"13101994";"Dadjê FC";"Bénin";"Ligue 1 du Bénin";"Professional";"0";"13211624"
"13114765";"FC Platinum";"Zimbabwe";"Première division";"Professional";"15000";"13190228"
"13114983";"Kator";"Soudan du Sud";"Première division";"Semi-Professional";"7000";"13211718"
"16001027";"ASK Kohfidisch";"Autriche";"Division autrichienne du ";"Semi-Professional";"2000";"16000666"
"16010514";"SV Pachern";"Autriche";"Styrian LL";"Semi-Professional";"3000";"16000659"
"18045778";"US Hostert";"Luxembourg";"Division Nationale";"Semi-Professional";"1500";"5340000"
"18088180";"HO Kalken";"Belgique";"Deuxième division VV A";"Amateur";"2000";"18097860"
"19051303";"Sampaio Corrêa (RJ)";"Brésil";"Division inférieure";"Professional";"3000";"19102111"
"20017566";"All Saints Utd";"Antigua-et-Barbuda";"Première division";"Semi-Professional";"12000";"20017552"
"24052492";"Varteks";"Croatie";"3ème Division";"Semi-Professional";"5500";"145436"
"34001419";"Club Colonial";"Martinique";"Régionale 1";"Semi-Professional";"9300";"82062798"
"35016581";"VfL Oldenburg";"Allemagne";"Div inf. d'Allemagne";"Semi-Professional";"3500";"8700660"
"35130705";"ASC Dortmund";"Allemagne";"Westphalie";"Semi-Professional";"2620";"8700005"
"38060073";"Szegedi VSE";"Hongrie";"Division III - Sud-Est";"Semi-Professional";"5000";"2000270609"
"41021342";"Persewar";"Indonésie";"Ligue Nuswantara";"Professional";"17407";"41042746"
"43012507";"Agnonese";"Italie";"Eccellenza Molise";"Semi-Professional";"5000";"43064534"
"43058680";"Pomezia";"Italie";"Eccellenza Lazio Grp.A";"Semi-Professional";"3000";"43064527"
"43065029";"Castelnuovo Vomano";"Italie";"-";"Semi-Professional";"1500";"-1"
"43066101";"Ciliverghe";"Italie";"Eccellenza Lombardia 3";"Semi-Professional";"1000";"43064532"
"43066107";"Rezzato";"Italie";"-";"Semi-Professional";"550";"-1"
"43076699";"Savignanese";"Italie";"Promozione Emilia-Romagna";"Amateur";"1658";"43104626"
"43157338";"Cartigliano";"Italie";"Terza Categoria";"Amateur";"1000";"43411873"
"43204806";"Atletico Uri";"Italie";"Eccellenza Sardegna";"Semi-Professional";"800";"43064538"
"43210782";"Scanzorosciate";"Italie";"Série D Grp.B";"Semi-Professional";"615";"1400401"
"43457083";"Tiferno";"Italie";"-";"Semi-Professional";"1500";"-1"
"45005939";"Kansai Univ.";"Japon";"-";"Amateur";"3000";"-1"
"45016398";"Kanto Gakuin Univ.";"Japon";"-";"Amateur";"500";"-1"
"51014450";"Uruapan";"Mexique";"Première division Série B";"Semi-Professional";"4000";"51066840"
"57142945";"KSE Târgu Secuiesc";"Roumanie";"D3 roumaine groupe 2";"Professional";"3000";"57015177"
"57175068";"Vulturii Farcasesti";"Roumanie";"D3 roumaine groupe 6";"Semi-Professional";"0";"57015182"
"57175106";"CS Gheorgheni";"Roumanie";"D3 roumaine groupe 1";"Semi-Professional";"0";"7540206"
"58126843";"Ural-2";"Russie";"Division 2 B - Groupe 4";"Professional";"500";"2000272306"
"67016669";"Jove Español";"Espagne";"D3 Fédé espagnole Gr6";"Semi-Professional";"4100";"2000099916"
"67105837";"Calamocha";"Espagne";"D3 Fédé espagnole Gr17";"Semi-Professional";"1000";"2000099927"
"67128091";"Almudévar";"Espagne";"D3 Fédé espagnole Gr17";"Semi-Professional";"500";"2000099927"
"67128958";"Casalarreina";"Espagne";"Preferente La Rioja";"Amateur";"700";"67101218"
"67129155";"Penya Independent";"Espagne";"-";"Semi-Professional";"1500";"-1"
"67174027";"El Palmar";"Espagne";"D3 Fédé espagnole Gr13";"Semi-Professional";"500";"2000099923"
"67188517";"Gerena";"Espagne";"-";"Semi-Professional";"4100";"-1"
"67210005";"Silva";"Espagne";"D3 Fédé espagnole Gr1";"Semi-Professional";"1000";"2000099911"
"67224716";"Cantolagua";"Espagne";"1ª Aut. Navarra";"Semi-Professional";"1000";"2000185390"
"67260616";"Épila";"Espagne";"D3 Fédé espagnole Gr17";"Semi-Professional";"600";"2000099927"
"67264213";"Beti Kozkor";"Espagne";"D3 Fédé espagnole Gr15";"Semi-Professional";"500";"2000099925"
"67276797";"Torreperogil";"Espagne";"D3 Fédé espagnole Gr9";"Semi-Professional";"3000";"2000099919"
"70057305";"Kelkit Hürriyet SK";"Turquie";"Régionale amateur G3";"Professional";"1100";"70086161"
"70061806";"Kirikkale FK";"Turquie";"3ème division Grp 2";"Professional";"15450";"70043163"
"70108468";"Bursa Yildirim";"Turquie";"3ème division Grp 1";"Professional";"3000";"70043162"
"70136100";"Karabük I.Y.";"Turquie";"3ème division Grp 3";"Professional";"11378";"70043164"
"71016622";"Probiy";"Ukraine";"Première Ligue";"Professional";"600";"5314302"
"71033268";"Chernihiv";"Ukraine";"Première Ligue";"Professional";"500";"5314302"
"78014831";"Huracán del Paso";"Uruguay";"1ère div. amateur";"Semi-Professional";"4500";"5512772"
"82061648";"Slingerz";"Guyana";"Super Ligue";"Semi-Professional";"2000";"45082433"
"98048899";"Lachen/Altendorf";"Suisse";"Ligue 2 Inter Gr 3";"Semi-Professional";"500";"98005771"
"2000111526";"Ursaria";"Espagne";"-";"Semi-Professional";"2000";"-1"
"2000116400";"Valencia F.C.";"Colombie";"Liga Vallecaucana";"Amateur";"1500";"2000173873"
"2000117797";"Customs Utd";"Thaïlande";"D3 Est";"Professional";"2000";"2000038393"
"2000120068";"Atlético Zamba";"Colombie";"Division 1 U20";"Amateur";"1000";"76050811"
"2000181438";"Young Reds";"Belgique";"Deuxième division BVV";"Professional";"14538";"18097862"
"2000193407";"U. Molinense";"Espagne";"D3 Fédé espagnole Gr13";"Semi-Professional";"3000";"2000099923"
"2000277941";"Kastoria";"Grèce";"Third Division";"Semi-Professional";"8000";"2000343096"
"2000282426";"Reus F.C.";"Espagne";"D2 Fédé espagnole Gr3";"Professional";"4450";"2000099905"
"2000287400";"CSM Sacele";"Roumanie";"D3 roumaine groupe 4";"Semi-Professional";"3500";"57015180"
"2000290823";"Durham Cestria";"Angleterre";"D1 nat. fém Nord";"Semi-Professional";"1800";"2000168702"
"2000314677";"Carmarthen";"Pays de Galles";"D2 Sud";"Amateur";"3000";"2000314851"
"2000358760";"Unión VPN";"Rép. Dominicaine";"Liga Femenina";"Amateur";"1800";"2000359528"
"2000359570";"SC Kourou";"Guyane";"Première Division";"Amateur";"2850";"2000274185"
"678";"Macclesfield";"Angleterre";"-";"Professional";"5500";"-1"
"751";"Trans";"Estonie";"Première Ligue";"Professional";"1065";"7681558"
"1393";"Sola";"Norvège";"3ème division Groupe 5";"Amateur";"750";"53057345"
"108993";"Siegen";"Allemagne";"Division Régionale Ouest";"Semi-Professional";"19400";"35010927"
"130067";"Tafea";"Vanuatu";"Premier League de Port Vi";"Semi-Professional";"5000";"8459267"
"130349";"Kusadasispor";"Turquie";"Régionale amateur G8";"Professional";"8000";"70086166"
"130794";"Fernández Vial";"Chili";"Association du football a";"Semi-Professional";"30448";"75042234"
"135377";"Pahang";"Malaisie";"Division inférieure";"Professional";"40000";"1013060"
"135406";"Al-Saqr";"Yémen";"Division inférieure";"Semi-Professional";"15000";"23090901"
"142370";"Guarany de Bagé";"Brésil";"D4";"Professional";"10000";"19127222"
"432161";"Mitchelton";"Australie";"FQ Premier League 2";"Semi-Professional";"1000";"2000085505"
"432280";"North Shore United";"Nouvelle-Zélande";"NRFL Championship";"Amateur";"1000";"88006348"
"478893";"Znamya Truda";"Russie";"Division 2 B - Groupe 3";"Professional";"2500";"2000272305"
"783726";"Kanoya Taiiku Univ.";"Japon";"-";"Amateur";"4000";"-1"
"790929";"St. Paul's Utd";"Saint-Kitts";"Super League";"Semi-Professional";"3500";"45082430"
"814104";"Bembibre";"Espagne";"D3 Fédé espagnole Gr8";"Semi-Professional";"2750";"2000099918"
"814364";"Castro";"Espagne";"D3 Fédé espagnole Gr3";"Semi-Professional";"1000";"2000099913"
"814864";"Agoncillo";"Espagne";"D3 Fédé espagnole Gr16";"Semi-Professional";"2000";"2000099926"
"877198";"Bayern Hof";"Allemagne";"Bavière nord";"Semi-Professional";"8100";"91109039"
"1032765";"Al-Mesaimeer";"Qatar";"D2 du Qatar";"Professional";"45857";"5632158"
"1300727";"Banga";"Lituanie";"TOPsport A lyga";"Professional";"2300";"2300046"
"4212425";"Bezana";"Espagne";"D3 Fédé espagnole Gr3";"Semi-Professional";"3000";"2000099913"
"4300744";"Oskarshamns AIK";"Suède";"1ère Division Sud";"Semi-Professional";"3000";"8114887"
"5100088";"Brackley";"Angleterre";"Enterprise National";"Semi-Professional";"4100";"109201"
"5622866";"Persipal";"Indonésie";"Championnat Groupe 2";"Professional";"20000";"41042742"
"5625246";"Baltimore (HAI)";"Haïti";"Première division";"Professional";"4200";"73100020"
"5725049";"La Tour/Le Pâquier";"Suisse";"Division inférieure";"Semi-Professional";"1200";"137891"
"5726212";"Urania Genève Sport";"Suisse";"Ligue 2 Inter Gr 1";"Semi-Professional";"4000";"98005769"
"5754056";"Tekstilac Ites";"Serbie";"D1 serbe";"Professional";"1500";"5776050"
"6002505";"SW Essen";"Allemagne";"Rhin bas";"Semi-Professional";"9950";"91109041"
"6600087";"Blankenberge";"Belgique";"Troisième division VV A";"Amateur";"3000";"18097864"
"7452087";"U.D. Santa Marta";"Espagne";"D3 Fédé espagnole Gr8";"Semi-Professional";"1000";"2000099918"
"7452102";"Alcudia";"Espagne";"D3 Fédé espagnole Gr11";"Semi-Professional";"2000";"2000099921"
"7452117";"Muleño";"Espagne";"D3 Fédé espagnole Gr13";"Semi-Professional";"4100";"2000099923"
"7500911";"Balkan Botevgrad";"Bulgarie";"Ligue 3 SO";"Amateur";"10000";"7500139"
"7521285";"Szekszárd";"Hongrie";"Division III - Sud-Ouest";"Semi-Professional";"5000";"2000270611"
"7580828";"Bilje";"Slovénie";"2ème Division";"Semi-Professional";"1000";"7580001"
"7841980";"Reynir S.";"Islande";"3ème division";"Semi-Professional";"1200";"39033648"
"7880209";"Al Himriya";"E.A.U.";"1ère Division A";"Professional";"5000";"7880028"
"8700314";"Bautzen";"Allemagne";"Nord-Est (S)";"Semi-Professional";"5000";"8700007"
"12009061";"JS Talangaï";"Congo";"Championnat national du C";"Professional";"33037";"13191378"
"13104399";"Deportivo Unidad";"Guinée Éq.";"D1 insulaire";"Professional";"15250";"13221306"
"13186886";"Liga Desportiva";"Mozambique";"Division inférieure du Mo";"Professional";"5000";"13191167"
"13196187";"Herentals FC";"Zimbabwe";"Première division";"Professional";"1500";"13190228"
"15001316";"Ipswich Knights";"Australie";"FQPL3 - Metro";"Semi-Professional";"750";"130186"
"15021677";"Dandenong City";"Australie";"NPL Victoria";"Semi-Professional";"4200";"130188"
"16009506";"UFC Jennersdorf";"Autriche";"Division autrichienne du ";"Semi-Professional";"1500";"16000666"
"16010578";"SK Meiningen";"Autriche";"Landesliga Vorarlberg";"Semi-Professional";"1500";"16036206"
"16023763";"Union Dietach";"Autriche";"Division régionale centre";"Semi-Professional";"2500";"5607687"
"16023777";"SV Union Lind";"Autriche";"Unterliga Ouest (K)";"Semi-Professional";"1500";"16036185"
"16144375";"Blau-Weiße Jungs";"Autriche";"-";"Semi-Professional";"5595";"-1"
"18003080";"RUS Givry";"Belgique";"Provincial Luxembourg";"Amateur";"2000";"8154775"
"18009893";"Sporting Bruxelles";"Belgique";"Deuxième division ACFF";"Amateur";"2000";"18097863"
"19344101";"Maricá";"Brésil";"D4";"Professional";"2000";"19127222"
"19363420";"POU";"Brésil";"D4";"Professional";"26000";"19127222"
"22075878";"Kyustendil";"Bulgarie";"Ligue 3 SO";"Amateur";"0";"7500139"
"23502309";"Kelana Utd";"Malaisie";"Ligue nationale";"Amateur";"20000";"2000338502"
"29066004";"Chester";"Angleterre";"Enterprise North";"Semi-Professional";"5453";"5123054"
"35117251";"RW Hadamar";"Allemagne";"Div inf. d'Allemagne";"Semi-Professional";"3000";"8700660"
"38015184";"Rákosmente";"Hongrie";"divison inférieure";"Professional";"1000";"7520394"
"38017665";"Dunaújváros";"Hongrie";"Division III - Sud-Ouest";"Professional";"10046";"2000270611"
"38033004";"Komárom";"Hongrie";"Division III - Nord-Ouest";"Semi-Professional";"1500";"2000270610"
"38060116";"FC Sopron";"Hongrie";"Division III - Nord-Ouest";"Professional";"4500";"2000270610"
"39029829";"Kormákur/Hvöt";"Islande";"Deuxième division";"Semi-Professional";"1000";"39030708"
"43036954";"Budoni";"Italie";"Série D Grp.G";"Semi-Professional";"1000";"1400406"
"43048162";"F.C. Nereto";"Italie";"Promozione Abruzzo Grp.A";"Amateur";"500";"43104614"
"43076652";"Mori S.Stefano";"Italie";"Eccellenza Trentino-Alto ";"Semi-Professional";"450";"43064543"
"43157220";"Unipomezia";"Italie";"Série D Grp.F";"Semi-Professional";"3000";"1400405"
"43204771";"Cittadella Vis";"Italie";"Série D Grp.D";"Semi-Professional";"300";"1400403"
"43315403";"Gioiese";"Italie";"Eccellenza Calabria";"Semi-Professional";"1500";"43064521"
"43321197";"Rondinella Marzocco";"Italie";"Eccellenza Toscana Grp.B";"Semi-Professional";"4800";"43064542"
"47073398";"Šiauliai";"Lituanie";"TOPsport A lyga";"Professional";"3500";"2300046"
"57031221";"Sticla Ariesul Turda";"Roumanie";"D3 roumaine groupe 8";"Semi-Professional";"10000";"57015314"
"57048269";"CSO Plopeni";"Roumanie";"D3 roumaine groupe 2";"Semi-Professional";"7500";"57015177"
"57048690";"Bucovina Radauti";"Roumanie";"D3 roumaine groupe 1";"Professional";"2000";"7540206"
"57080965";"CS Blejoi";"Roumanie";"D3 roumaine groupe 2";"Semi-Professional";"1000";"57015177"
"59007803";"FC Floresti";"Moldavie";"Liga 1 Groupe B";"Professional";"4981";"2000283331"
"67000088";"Felanitx";"Espagne";"D3 Fédé espagnole Gr11";"Semi-Professional";"2000";"2000099921"
"67023712";"Pozuelo";"Espagne";"D3 Fédé espagnole Gr7";"Semi-Professional";"2000";"2000099917"
"67041111";"Vianés";"Espagne";"D3 Fédé espagnole Gr16";"Semi-Professional";"650";"2000099926"
"67070359";"Conil";"Espagne";"D3 Fédé espagnole Gr10";"Semi-Professional";"3000";"2000099920"
"67210055";"Arucas";"Espagne";"D3 Fédé espagnole Gr12";"Amateur";"2000";"2000099922"
"67224511";"Barco";"Espagne";"D3 Fédé espagnole Gr1";"Semi-Professional";"800";"2000099911"
"67259059";"C.F. Trujillo";"Espagne";"Preferente Extremadura Gr";"Semi-Professional";"2000";"67101214"
"70135946";"Söke 1970";"Turquie";"3ème division Grp 4";"Professional";"1000";"70043165"
"71100478";"Metalurg Zp";"Ukraine";"Première Ligue";"Professional";"11883";"5314302"
"75041132";"Deportes Colina";"Chili";"3ème Division";"Professional";"4000";"5250794"
"91016870";"Lupo Martini";"Allemagne";"Division de Saxe";"Semi-Professional";"1100";"35102297"
"98009911";"Unterstrass";"Suisse";"Division inférieure";"Amateur";"1000";"137891"
"98009951";"Binningen";"Suisse";"Ligue 2 Inter Gr 3";"Semi-Professional";"2150";"98005771"
"2000008394";"Fauve Azur";"Cameroun";"Élite One";"Professional";"42500";"13172336"
"2000027397";"Ajoie-Monterri";"Suisse";"Ligue 2 Inter Gr 3";"Semi-Professional";"1050";"98005771"
"2000034648";"Racing Rioja";"Espagne";"-";"Professional";"1160";"-1"
"2000045784";"Zadar";"Croatie";"D4 Sud";"Semi-Professional";"5860";"661724"
"2000095665";"Macclesfield";"Angleterre";"Enterprise North";"Semi-Professional";"5500";"5123054"
"2000170183";"Zürich City";"Suisse";"Ligue 2 Inter Gr 3";"Amateur";"1000";"98005771"
"2000261947";"AC Connecticut";"États-Unis";"USSL W League";"Semi-Professional";"15000";"2000335881"
"2000261987";"Patuxent Football Athl.";"États-Unis";"USSL W League";"Semi-Professional";"0";"2000335881"
"2000262010";"Kings Hammer FC";"États-Unis";"USSL W League";"Semi-Professional";"0";"2000335881"
"2000262054";"Florida Elite SA";"États-Unis";"USSL W League";"Semi-Professional";"0";"2000335881"
"2000262101";"Olympic Club SC";"États-Unis";"USSL W League";"Semi-Professional";"0";"2000335881"
"2000282398";"Real Casalnuovo";"Italie";"-";"Semi-Professional";"1500";"-1"
"2000290831";"Northampton";"Angleterre";"D1 nat. fém Midlands";"Amateur";"1000";"2000168703"
"2000292375";"Norwich";"Angleterre";"D1 nat. fém SE";"Semi-Professional";"600";"2000168704"
"2000338861";"Palm City Americanas";"États-Unis";"USSL W League";"Semi-Professional";"0";"2000335881"
"2000339043";"Northern Colorado Rain";"États-Unis";"USSL W League";"Semi-Professional";"6500";"2000335881"
"2000339154";"M. City Torque";"Uruguay";"Première Division";"Amateur";"250";"2000338480"
"2000347056";"YASA Queens";"Zambie";"Championnat féminin";"Professional";"500";"2000346822"
"2000363143";"Coritiba";"Brésil";"Troisième division";"Professional";"1500";"2000338892"
"2000363407";"Rio Negro (RR)";"Brésil";"Troisième division";"Professional";"5000";"2000338892"
"2000367552";"Flint Town";"Pays de Galles";"D2 Nord";"Amateur";"3000";"2000314847"
"2000380783";"Surf";"Porto Rico";"LFPR";"Semi-Professional";"900";"82076123"
"2000383175";"QZ Yaxin";"Chine";"D2 Sud";"Professional";"10000";"1002873"
"192";"Eendracht Zele";"Belgique";"Provinciale Flandres-Ori.";"Amateur";"3500";"8154772"
"244";"Olsa Brakel";"Belgique";"Troisième division VV A";"Amateur";"3000";"18097864"
"971";"Doxa Vyrona";"Grèce";"Division C Groupe 5";"Semi-Professional";"4340";"36087247"
"1020";"IJsselmeervogels";"Pays-Bas";"Tweede Divisie des Pays-B";"Amateur";"8000";"37059991"
"1325";"Harstad";"Norvège";"3ème division Groupe 1";"Semi-Professional";"800";"53057341"
"1389";"Skjervøy";"Norvège";"3ème division Groupe 1";"Amateur";"1500";"53057341"
"1424";"Volda";"Norvège";"3ème division Groupe 2";"Amateur";"2500";"53057342"
"1538";"Albion Rovers";"Écosse";"Lowland League d'Écosse";"Semi-Professional";"1600";"61063387"
"1543";"Berwick";"Angleterre";"Lowland League d'Écosse";"Semi-Professional";"4099";"61063387"
"1552";"Cowdenbeath";"Écosse";"Lowland League d'Écosse";"Semi-Professional";"4409";"61063387"
"1559";"East Stirlingshire";"Écosse";"Lowland League d'Écosse";"Semi-Professional";"3076";"61063387"
"1617";"Inter Bratislava";"Slovaquie";"2ème Division";"Professional";"11591";"7560277"
"1638";"Rudar (V)";"Slovénie";"2ème Division";"Semi-Professional";"1864";"7580001"
"1940";"The New Saints";"Angleterre";"JD Cymru Premier";"Professional";"1804";"130672"
"2041";"AS Poissy";"France";"-";"Amateur";"0";"-1"
"2081";"Vannes OC";"France";"National 3 - Groupe C";"Semi-Professional";"1500";"2000279694"
"2200";"Giorgione";"Italie";"Eccellenza Veneto 2";"Semi-Professional";"5000";"43064546"
"2408";"Lamego";"Portugal";"D2 Viseu";"Amateur";"3500";"2000016919"
"2412";"Arrifanense";"Portugal";"Deuxième division Aveiro";"Amateur";"2500";"2000016773"
"2449";"Câmara Lobos";"Portugal";"Div d'honneur Madeira";"Amateur";"2500";"83141260"
"2451";"Macedo Cavaleiros";"Portugal";"Div d'honneur Bragança";"Amateur";"1000";"83141263"
"2464";"Mangualde";"Portugal";"Division d'honneur Viseu";"Amateur";"3000";"83141251"
"2467";"Lousanense";"Portugal";"Deuxième division Coimbra";"Amateur";"2000";"2000016766"
"2493";"Oliveira Douro";"Portugal";"Division d'élite 2 Porto";"Amateur";"1500";"83208756"
"2720";"Dumiense";"Portugal";"Pro-national Braga";"Semi-Professional";"1500";"83141246"
"101261";"Casale";"Italie";"Promozione Piemonte e Val";"Amateur";"5000";"43104645"
"102358";"Racing Club Haitien";"Haïti";"Première division";"Professional";"15000";"73100020"
"102374";"Universidad (HON)";"Honduras";"-";"Professional";"5500";"-1"
"105188";"Aurora";"Guatemala";"Ligue Nationale";"Professional";"12453";"87000495"
"121262";"Gama";"Brésil";"Division inférieure";"Professional";"22000";"19102111"
"129152";"MuSa";"Finlande";"2e Division Groupe B";"Semi-Professional";"750";"33000117"
"129201";"VIFK";"Finlande";"2e Division Groupe C";"Amateur";"1000";"33000120"
"129663";"Olymp. Volou";"Grèce";"DAG - Thessaly";"Semi-Professional";"9000";"36042417"
"130065";"AS Vénus";"Tahiti";"Première division";"Semi-Professional";"3000";"8457147"
"130266";"Perth SC";"Australie";"NPL WA";"Semi-Professional";"7500";"130189"
"130270";"SC Sorrento";"Australie";"NPL WA";"Semi-Professional";"5000";"130189"
"130508";"Nosta";"Russie";"Division 2 B - Groupe 4";"Professional";"6000";"2000272306"
"130512";"Spartak Nalchik";"Russie";"Division 2 B - Groupe 1";"Professional";"13800";"2000272302"
"130763";"Wits";"Afrique du Sud";"Div. inf. Gauteng";"Amateur";"5515";"65010785"
"130766";"Santos F.C.";"Afrique du Sud";"Div. inférieure Cape O";"Semi-Professional";"35000";"65010780"
"130791";"Naval de Talcahuano";"Chili";"3ème Division";"Semi-Professional";"7200";"5250794"
"130825";"SZEOL";"Hongrie";"Division inférieure U19";"Semi-Professional";"5000";"38044505"
"135252";"Baqa'a";"Jordanie";"Première division";"Professional";"5000";"5635278"
"135304";"Yarmouk (KUW)";"Koweït";"1ère division";"Professional";"15000";"23078275"
"135305";"Al Shabab (KUW)";"Koweït";"Première division koweïti";"Professional";"18000";"23063354"
"136239";"Motorlet";"Rép. tchèque";"3ème DivisionCFL";"Semi-Professional";"4125";"136041"
"136418";"Daejeon Korail";"Corée du Sud";"Ligue K3";"Semi-Professional";"478";"66010517"
"136422";"Gangneung City";"Corée du Sud";"Ligue K3";"Semi-Professional";"21274";"66010517"
"138446";"Rilski Sportist";"Bulgarie";"Ligue 3 SO";"Amateur";"5000";"7500139"
"303612";"Noroeste";"Brésil";"Division inférieure";"Professional";"15420";"19102111"
"308262";"Plaza Amador";"Panama";"Première Division";"Professional";"23000";"86000021"
"318913";"Velo Clube";"Brésil";"Division inférieure";"Professional";"8136";"19102111"
"428545";"AS Tefana";"Tahiti";"Première division";"Semi-Professional";"5000";"8457147"
"432240";"Canberra Olympic";"Australie";"Capital Premier League";"Semi-Professional";"4125";"15088302"
"450325";"Karadeniz Eregli Bld.";"Turquie";"3ème division Grp 3";"Semi-Professional";"2000";"70043164"
"450542";"Beykoz Ishakli";"Turquie";"3ème division Grp 1";"Professional";"4500";"70043162"
"458636";"Kilis Bld. Spor";"Turquie";"3ème division Grp 2";"Semi-Professional";"2500";"70043163"
"459118";"Hacettepe 1945";"Turquie";"Super League Amateur";"Semi-Professional";"18029";"70084836"
"476302";"Arsenal-2 Tula";"Russie";"Division 2 B - Groupe 3";"Professional";"1604";"2000272305"
"513007";"HPS";"Finlande";"2e Division Groupe B";"Semi-Professional";"600";"33000117"
"530153";"La Louvière Centre";"Belgique";"Troisième division ACFF A";"Amateur";"11500";"18097866"
"652830";"Uskok";"Croatie";"3ème Division";"Semi-Professional";"1300";"145436"
"678280";"Pelopas Kiatou";"Grèce";"Division C Groupe 4";"Semi-Professional";"2000";"36087246"
"686592";"Aias Salaminas";"Grèce";"Division C Groupe 6";"Semi-Professional";"640";"36087248"
"710012";"Kotwica";"Pologne";"-";"Professional";"3014";"-1"
"714240";"Znicz Pruszków";"Pologne";"D2";"Professional";"1977";"129559"
"729483";"Samora Correia";"Portugal";"Championnat National - C";"Semi-Professional";"1500";"55065660"
"734116";"Monção";"Portugal";"Championnat National - A";"Semi-Professional";"3000";"55065643"
"734121";"FC Amares";"Portugal";"Div rég. Inférieures";"Amateur";"5000";"83148877"
"734122";"Valenciano";"Portugal";"Première division Viana";"Amateur";"1500";"83141256"
"734128";"Fornos Algodres";"Portugal";"Première division Guarda";"Amateur";"600";"83141266"
"734131";"Fazendense";"Portugal";"Div d'honneur Santarém";"Amateur";"1000";"83141255"
"734135";"Silves";"Portugal";"Première division Algarve";"Amateur";"1000";"83141265"
"734357";"Madalena";"Portugal";"Division des Açores";"Amateur";"2500";"2000019650"
"734360";"Flamengos";"Portugal";"Ligue des Açores";"Amateur";"600";"83141252"
"736267";"Académica/SF";"Portugal";"Première division Coimbra";"Amateur";"2000";"83141254"
"740495";"Cerveira";"Portugal";"Première division Viana";"Amateur";"1250";"83141256"
"740502";"Sabugal";"Portugal";"Première division Guarda";"Amateur";"2800";"83141266"
"744724";"Sátão";"Portugal";"Division d'honneur Viseu";"Amateur";"500";"83141251"
"750750";"Lillehammer";"Norvège";"3ème division Groupe 3";"Semi-Professional";"1000";"53057343"
"760980";"Stord";"Norvège";"3ème division Groupe 5";"Semi-Professional";"2000";"53057345"
"780802";"Shiritsu Funabashi H.S.";"Japon";"Premier League U18 E";"Amateur";"0";"45115574"
"792274";"Tiono";"Japon";"Nippon Soccer League";"Semi-Professional";"2500";"107256"
"792398";"Goal Getter";"Japon";"Nippon Soccer League";"Professional";"12000";"107256"
"814375";"Revilla";"Espagne";"D3 Fédé espagnole Gr3";"Semi-Professional";"600";"2000099913"
"814443";"Becerril";"Espagne";"D3 Fédé espagnole Gr8";"Semi-Professional";"2000";"2000099918"
"814715";"Tenisca";"Espagne";"D3 Fédé espagnole Gr12";"Semi-Professional";"6000";"2000099922"
"814739";"Cieza";"Espagne";"D3 Fédé espagnole Gr13";"Semi-Professional";"5000";"2000099923"
"814861";"S.P. Villafranca";"Espagne";"D3 Fédé espagnole Gr14";"Amateur";"3000";"2000099924"
"814940";"Zuera";"Espagne";"D3 Fédé espagnole Gr17";"Amateur";"2500";"2000099927"
"819111";"Condal";"Espagne";"Preferente Asturias";"Semi-Professional";"2000";"67101190"
"831351";"Jesi";"Italie";"Eccellenza Marche";"Semi-Professional";"5000";"43064533"
"919119";"ASC Le Geldar";"Guyane";"Régional 1 de Guyane";"Semi-Professional";"2850";"82062411"
"1503428";"Portmany";"Espagne";"D3 Fédé espagnole Gr11";"Amateur";"1200";"2000099921"
"3500222";"Vendée Luçon";"France";"-";"Semi-Professional";"2000";"-1"
"4100013";"U. Tomar";"Portugal";"Div d'honneur Santarém";"Amateur";"1000";"83141255"
"4212259";"Moscardó";"Espagne";"D2 Fédé espagnole Gr5";"Professional";"5000";"2000099907"
"5100123";"Dartford";"Angleterre";"Première Ligue Isthmian";"Semi-Professional";"4040";"5103714"
"5100210";"Worthing";"Angleterre";"Enterprise South";"Semi-Professional";"4500";"5123055"
"5103643";"Eastbourne Borough";"Angleterre";"Enterprise South";"Professional";"4151";"5123055"
"5280414";"River Plate (PAR)";"Paraguay";"2ème division";"Professional";"5000";"79010962"
"5340741";"Township Rollers";"Botswana";"Première division";"Professional";"10000";"13211659"
"5340919";"Big Bullets";"Malawi";"Super League";"Professional";"40000";"13211652"
"5380020";"RAC Casablanca";"Maroc";"Première division";"Professional";"15000";"12058772"
"5390074";"Inter Club";"Congo";"Championnat national du C";"Professional";"33037";"13191378"
"5390090";"Milo FC";"Guinée";"Ligue 1";"Professional";"2000";"13211636"
"5390101";"Os Balantas";"Guinée-Bissau";"Première division";"Semi-Professional";"3000";"13211628"
"5390102";"Sp. Bafatá";"Guinée-Bissau";"Divisions inférieures de ";"Semi-Professional";"2000";"13211657"
"5410607";"Al-Shoulla";"Arabie saoudite";"D2 Groupe A";"Semi-Professional";"8000";"23155549"
"5430471";"Cienfuegos";"Cuba";"Ligue nationale";"Semi-Professional";"4000";"19166492"
"5430474";"Granma";"Cuba";"Ligue nationale";"Semi-Professional";"1000";"19166492"
"5430607";"Jong Holland (CUR)";"Curaçao";"Ligue de Curaçao";"Semi-Professional";"15000";"45082480"
"5623536";"Al Makbar";"Palestine";"D1 de Cisjordanie";"Professional";"12500";"23091052"
"5625255";"Cavaly";"Haïti";"Première division";"Semi-Professional";"2000";"73100020"
"5635330";"Ma'an SC";"Jordanie";"1ère Division";"Professional";"4125";"5635282"
"5645573";"Hlucin";"Rép. tchèque";"3ème Division tchèque";"Semi-Professional";"987";"136042"
"5684694";"Victoria Utd";"Cameroun";"Élite One";"Professional";"0";"13172336"
"5701961";"Gyeongju KHNP";"Corée du Sud";"Ligue K3";"Semi-Professional";"12000";"66010517"
"5711057";"Busan TC";"Corée du Sud";"Ligue K3";"Semi-Professional";"12349";"66010517"
"5724408";"Zofingen";"Suisse";"Division inférieure";"Semi-Professional";"1300";"137891"
"5741309";"Kabel";"Serbie";"D1 serbe";"Semi-Professional";"1200";"5776050"
"5746212";"FAP";"Serbie";"D1 serbe";"Semi-Professional";"10249";"5776050"
"6100063";"Castelnuovo Garfagnana";"Italie";"Eccellenza Toscana Grp.A";"Semi-Professional";"1800";"43064541"
"7000088";"Torre Moncorvo";"Portugal";"Div d'honneur Bragança";"Amateur";"2000";"83141263"
"7445154";"Castelldefells";"Espagne";"Superlliga Catalana";"Semi-Professional";"2500";"2000289890"
"7452105";"Collerense";"Espagne";"D3 Fédé espagnole Gr11";"Semi-Professional";"1000";"2000099921"
"7500442";"Zagorets";"Bulgarie";"Ligue 3 SE";"Amateur";"5069";"7500138"
"7505855";"Septemvri Tervel";"Bulgarie";"Ligue 3 NE";"Amateur";"6000";"7500140"
"7508658";"Sozopol";"Bulgarie";"Ligue 3 SE";"Amateur";"3500";"7500138"
"7508865";"Vitosha Bistritsa";"Bulgarie";"Division inférieure";"Amateur";"2000";"7500142"
"7520471";"REAC";"Hongrie";"divison inférieure";"Semi-Professional";"7500";"7520394"
"7521272";"Mátészalka";"Hongrie";"divison inférieure";"Semi-Professional";"2500";"7520394"
"7521291";"Balatonfüred";"Hongrie";"Division III - Nord-Ouest";"Professional";"1200";"2000270610"
"7521332";"Salgótarján";"Hongrie";"divison inférieure";"Semi-Professional";"7000";"7520394"
"7542454";"Unirea Dej";"Roumanie";"D3 roumaine groupe 8";"Professional";"5000";"57015314"
"7600724";"CO Médénine";"Tunisie";"Ligue amateur 1 - GD";"Semi-Professional";"7500";"13205835"
"7840109";"Sindri";"Islande";"3ème division";"Semi-Professional";"1200";"39033648"
"7920296";"Hajer";"Arabie saoudite";"D2 Groupe B";"Semi-Professional";"19550";"23155550"
"7920354";"Ohod";"Arabie saoudite";"D2 Groupe B";"Semi-Professional";"24000";"23155550"
"7980367";"Pomigliano";"Italie";"Eccellenza Campania 1 Grp";"Semi-Professional";"1600";"43064522"
"7983735";"Saluzzo";"Italie";"Série D Grp.A";"Semi-Professional";"1730";"1400400"
"7983767";"Sangiustese";"Italie";"-";"Semi-Professional";"3700";"-1"
"8064339";"Rubin-2";"Russie";"Division 2 B - Groupe 4";"Professional";"27756";"2000272306"
"8071691";"Strogino";"Russie";"Division 2 B - Groupe 3";"Professional";"2000";"2000272305"
"8156370";"K Eendracht Aalst Lede";"Belgique";"Troisième division VV A";"Amateur";"7500";"18097864"
"8181595";"E. Elene-Grotenberge";"Belgique";"Troisième division VV A";"Amateur";"1500";"18097864"
"8300262";"AB";"Féroé";"D1";"Semi-Professional";"880";"8300362"
"8505599";"KuPS Akatemia";"Finlande";"1ère Division";"Semi-Professional";"8000";"129131"
"8625326";"GC Mascara";"Algérie";"Ligue 2 - Centre-Ouest";"Semi-Professional";"20000";"2000021476"
"8627520";"Linguère";"Sénégal";"Première division";"Professional";"8000";"13191657"
"12040900";"Kafr El Zayat";"Égypte";"D2";"Professional";"2000";"12040323"
"12076506";"LYS FC";"Côte d'Ivoire";"Deuxième division Pool A";"Professional";"8000";"12081971"
"12078389";"AJEL Rufisque";"Sénégal";"Première division";"Professional";"7500";"13191657"
"12078985";"AFE";"Mali";"Première division";"Semi-Professional";"1000";"13162593"
"12093144";"ES Bafing";"Côte d'Ivoire";"Ligue 2 - B";"Professional";"3000";"12081972"
"13100089";"Nairobi City";"Kenya";"Super League du Kénya";"Professional";"5000";"12084359"
"13100667";"AS Kigali";"Rwanda";"Première division";"Professional";"8000";"13211703"
"13102248";"US GN";"Niger";"Super Ligue";"Professional";"30000";"13211700"
"13127932";"Kariobangi Sharks";"Kenya";"Première division";"Professional";"15000";"13211639"
"13153607";"Raya";"Égypte";"D2";"Semi-Professional";"22500";"12040323"
"13186846";"Nouakchott Kings";"Mauritanie";"Super D1";"Professional";"6347";"13211655"
"13186871";"AS OTR";"Togo";"Première division du Togo";"Professional";"10000";"13211727"
"13198838";"UPDF";"Ouganda";"Premier League";"Professional";"2000";"39037297"
"13211841";"Deportivo Mongomo";"Guinée Éq.";"Première division - Conti";"Professional";"10900";"13221307"
"13221324";"15 de Agosto";"Guinée Éq.";"Première division - Conti";"Professional";"0";"13221307"
"15004699";"Para Hills";"Australie";"NPL South Australia";"Semi-Professional";"4125";"15045003"
"16000157";"Innsbrucker AC";"Autriche";"Ligue régionale Tyrol d'A";"Amateur";"1500";"16302524"
"16001067";"UFC Fehring";"Autriche";"Styrian LL";"Semi-Professional";"2000";"16000659"
"16001116";"FC St. Michael/L.";"Autriche";"Unterliga Est (K)";"Semi-Professional";"1500";"16036186"
"16001173";"SV Traun";"Autriche";"Landesliga Est (OÖ)";"Semi-Professional";"6700";"16036196"
"16009462";"ASK Bad Vöslau";"Autriche";"-";"Semi-Professional";"2000";"-1"
"16036022";"SK St. Andrä/Lav.";"Autriche";"Unterliga Est (K)";"Semi-Professional";"2300";"16036186"
"16074856";"SGA Sirnitz";"Autriche";"Under-League Central (K)";"Semi-Professional";"1500";"2000471840"
"17030115";"Gazovik";"Biélorussie";"2ème Division";"Amateur";"400";"7483369"
"18104741";"RFC Mandel United";"Belgique";"Deuxième division VV A";"Amateur";"8700";"18097860"
"20500263";"Vaughan Azzurri";"Canada";"Ligue 1 Ontario";"Amateur";"200";"20500261"
"20500265";"Sigma FC";"Canada";"Ligue 1 Ontario";"Amateur";"500";"20500261"
"22017040";"Yambol 1915";"Bulgarie";"Ligue 3 SE";"Amateur";"18000";"7500138"
"23335643";"Al-Ain";"Arabie saoudite";"D2 Groupe A";"Semi-Professional";"10000";"23155549"
"23423229";"Lae City";"Papouasie";"Championnat PNG";"Semi-Professional";"0";"8459343"
"24051468";"GOŠK-Dubrovnik 1919";"Croatie";"D4 Sud";"Semi-Professional";"6000";"661724"
"25004974";"Domažlice";"Rép. tchèque";"3ème DivisionCFL";"Semi-Professional";"4125";"136041"
"25021183";"Zápy";"Rép. tchèque";"Troisième division CFL B";"Semi-Professional";"0";"25060473"
"27019958";"ASPIRE";"Qatar";"-";"Amateur";"16000";"-1"
"30052340";"ABM Galaxy";"Vanuatu";"Premier League de Port Vi";"Semi-Professional";"5000";"8459267"
"34012522";"US Matoury";"Guyane";"Régional 1 de Guyane";"Semi-Professional";"2353";"82062411"
"34054269";"NT HM Codion";"Chine";"D2 Nord";"Professional";"11000";"1002872"
"36001844";"Orestis Orestiadas";"Grèce";"Division C Groupe 1";"Semi-Professional";"2500";"36087243"
"36015286";"Miltiadis Pyrgou";"Grèce";"Division C Groupe 4";"Semi-Professional";"200";"36087246"
"36018257";"AERA";"Grèce";"Division C Groupe 5";"Semi-Professional";"500";"36087247"
"36031188";"Lefkimmi";"Grèce";"Division C Groupe 3";"Semi-Professional";"500";"36087245"
"36031538";"Elassona";"Grèce";"Division C Groupe 3";"Semi-Professional";"800";"36087245"
"36041637";"Aris Filiaton";"Grèce";"Division C Groupe 3";"Semi-Professional";"2500";"36087245"
"36048028";"Thyella Rafinas";"Grèce";"Division C Groupe 6";"Semi-Professional";"500";"36087248"
"36052461";"Sarakinos";"Grèce";"Division C Groupe 2";"Semi-Professional";"1500";"36087244"
"36056611";"Ermis Exochis";"Grèce";"Division C Groupe 2";"Semi-Professional";"300";"36087244"
"36059915";"Aetos Ofryniou";"Grèce";"Division C Groupe 1";"Semi-Professional";"144";"36087243"
"36060201";"Saronikos Anavyssou";"Grèce";"Division C Groupe 6";"Semi-Professional";"1000";"36087248"
"36086375";"Akrites Sykeon";"Grèce";"Division C Groupe 2";"Semi-Professional";"2000";"36087244"
"36500002";"St Joseph's (GIB)";"Gibraltar";"Gib Football League";"Semi-Professional";"2226";"36532636"
"38042165";"Füzesgyarmati SK";"Hongrie";"divison inférieure";"Semi-Professional";"1000";"7520394"
"38060023";"Körösladány";"Hongrie";"divison inférieure";"Semi-Professional";"1200";"7520394"
"38060051";"Kelen SC";"Hongrie";"divison inférieure";"Semi-Professional";"1500";"7520394"
"38060096";"Fonix";"Hongrie";"divison inférieure";"Semi-Professional";"200";"7520394"
"40035631";"Kerala FC";"Inde";"Championnat National";"Professional";"80000";"5624525"
"43048786";"Città di Castello";"Italie";"Promozione Umbria Grp.A";"Amateur";"1500";"43104662"
"43066363";"Borgaro";"Italie";"Eccellenza Piemonte 1";"Semi-Professional";"500";"43064535"
"43076612";"Kras Repen";"Italie";"Eccellenza Friuli-Venezia";"Semi-Professional";"1000";"43064526"
"43076651";"Levico";"Italie";"Eccellenza Trentino-Alto ";"Semi-Professional";"400";"43064543"
"43079128";"Ugento";"Italie";"Eccellenza Puglia";"Semi-Professional";"300";"43064537"
"43092864";"Vigasio";"Italie";"Série D Grp.C";"Semi-Professional";"300";"1400402"
"43157345";"CareniPievigina";"Italie";"Eccellenza Veneto 2";"Semi-Professional";"1500";"43064546"
"43157897";"Acerrana";"Italie";"Série D Grp.H";"Semi-Professional";"800";"1400407"
"43210979";"Costa d'Amalfi";"Italie";"Eccellenza Campania 2 Grp";"Semi-Professional";"4000";"43064523"
"43607733";"Leon (MB)";"Italie";"Série D Grp.B";"Semi-Professional";"1600";"1400401"
"43614918";"Aurora Alto Casertano";"Italie";"Eccellenza Molise";"Semi-Professional";"500";"43064534"
"47001127";"BFC";"Lettonie";"Tonybet Virsliga";"Professional";"610";"8403697"
"52100618";"Shamrock Rovers II";"Irlande";"-";"Professional";"10500";"-1"
"55001087";"Vinhais";"Portugal";"Div d'honneur Bragança";"Amateur";"2000";"83141263"
"55001098";"Canedo";"Portugal";"Deuxième division Aveiro";"Amateur";"2000";"2000016773"
"55007160";"Bombarralense";"Portugal";"Division d'honneur Leiria";"Amateur";"1482";"83141253"
"55010406";"Vidago";"Portugal";"Div d'honneur Vila";"Amateur";"1500";"83141258"
"55010409";"U. Nogueirense";"Portugal";"Première division Porto d";"Amateur";"2000";"83141244"
"55012080";"Andorinha";"Portugal";"Div d'honneur Madeira";"Amateur";"500";"83141260"
"55020420";"SC Santacruzense";"Portugal";"Div d'honneur Madeira";"Amateur";"3000";"83141260"
"55020423";"Estrela Calheta";"Portugal";"Div d'honneur Madeira";"Amateur";"800";"83141260"
"55020426";"1º Maio Funchal";"Portugal";"Div d'honneur Madeira";"Amateur";"500";"83141260"
"55020431";"Canicense";"Portugal";"D2 Madeira";"Amateur";"2000";"2000016771"
"55027801";"Ponte da Barca";"Portugal";"Première division Viana";"Amateur";"1300";"83141256"
"55027897";"Portalegrense";"Portugal";"Div d'honneur Portalegre";"Amateur";"10000";"83141264"
"55038910";"Redondense";"Portugal";"Division d'élite Évora";"Amateur";"500";"83141259"
"55038931";"Fayal";"Portugal";"Division des Açores";"Amateur";"1000";"2000019650"
"55038939";"Stª Eulália Vizela";"Portugal";"Division d'honneur Braga";"Amateur";"1200";"83141247"
"55065687";"Carapinheirense";"Portugal";"Première division Coimbra";"Amateur";"1000";"83141254"
"55072751";"Moimenta da Beira";"Portugal";"Division d'honneur Viseu";"Amateur";"1032";"83141251"
"55072764";"Ouriense";"Portugal";"Div d'honneur Santarém";"Amateur";"260";"83141255"
"57050303";"Timisul Sag";"Roumanie";"D3 roumaine groupe 7";"Semi-Professional";"500";"57015313"
"57059836";"Fundulea";"Roumanie";"D3 roumaine groupe 3";"Semi-Professional";"6000";"57015179"
"57061158";"Axiopolis Cernavoda";"Roumanie";"D3 roumaine groupe 3";"Professional";"500";"57015179"
"57082720";"Crisul Sântandrei";"Roumanie";"D3 roumaine groupe 8";"Semi-Professional";"0";"57015314"
"57088202";"CSO Filiasi";"Roumanie";"D3 roumaine groupe 5";"Professional";"2000";"57015181"
"58135242";"Orenburg-2";"Russie";"Division 2 B - Groupe 4";"Professional";"10046";"2000272306"
"58153555";"Volna NN";"Russie";"Division 2 B - Groupe 4";"Professional";"1500";"2000272306"
"61072175";"Caley Braves";"Écosse";"Lowland League d'Écosse";"Semi-Professional";"500";"61063387"
"63000897";"Stará Lubovna";"Slovaquie";"2ème Division";"Professional";"1000";"7560277"
"65010433";"Diamond City";"Afrique du Sud";"Div. inférieure Cape N";"Semi-Professional";"0";"65010781"
"65010484";"NWU";"Afrique du Sud";"Div. inférieure NO";"Semi-Professional";"0";"65010782"
"65039584";"Bizana Pondo Chiefs";"Afrique du Sud";"Div. inf. Cape est";"Semi-Professional";"0";"65010788"
"66002955";"Gimhae";"Corée du Sud";"Ligue K3";"Professional";"35000";"66010517"
"67016628";"Yagüe";"Espagne";"D3 Fédé espagnole Gr16";"Amateur";"1160";"2000099926"
"67016721";"Caspe";"Espagne";"D3 Fédé espagnole Gr17";"Amateur";"1000";"2000099927"
"67019708";"O. Xátiva";"Espagne";"Comunitat Valenciana 2";"Semi-Professional";"3600";"2000289882"
"67041101";"At. Pueblonuevo";"Espagne";"D3 Fédé espagnole Gr14";"Amateur";"1500";"2000099924"
"67059930";"Mercadal";"Espagne";"D3 Fédé espagnole Gr11";"Semi-Professional";"450";"2000099921"
"67100086";"Urraca";"Espagne";"Preferente Asturias";"Semi-Professional";"1700";"67101190"
"67105828";"Belchite 97";"Espagne";"D3 Fédé espagnole Gr17";"Semi-Professional";"0";"2000099927"
"67109676";"Borja";"Espagne";"Preferente Aragón Gr. 1";"Semi-Professional";"450";"67101219"
"67270073";"F.E. Grama";"Espagne";"D3 Fédé espagnole Gr5";"Semi-Professional";"4000";"2000099915"
"67291331";"Urduliz";"Espagne";"División Honor Vizcaya";"Semi-Professional";"2500";"67101192"
"70009355";"Çayeli Spor";"Turquie";"3ème division Grp 3";"Professional";"2000";"70043164"
"70009403";"Galata SK";"Turquie";"3ème division Grp 1";"Semi-Professional";"1000";"70043162"
"70014468";"Tavsanli Linyitspor";"Turquie";"Régionale amateur G5";"Semi-Professional";"5049";"70086163"
"70041042";"K. Çekmece Sinop";"Turquie";"3ème division Grp 1";"Professional";"1000";"70043162"
"70042972";"Silifke Bld.";"Turquie";"3ème division Grp 2";"Professional";"1400";"70043163"
"70043152";"Eskisehir Anadolu Spor";"Turquie";"3ème division Grp 4";"Professional";"34930";"70043165"
"70043217";"Bulvarspor";"Turquie";"3ème division Grp 1";"Professional";"2581";"70043162"
"70054541";"1926 Bulancakspor";"Turquie";"3ème division Grp 3";"Semi-Professional";"3500";"70043164"
"70055754";"Malatya Yesilyurt SK";"Turquie";"3ème division Grp 2";"Semi-Professional";"1500";"70043163"
"70061805";"Erciyes 38";"Turquie";"3ème division Grp 2";"Professional";"1000";"70043163"
"70081109";"12 Bingöl Spor";"Turquie";"3ème division Grp 2";"Semi-Professional";"3000";"70043163"
"70081142";"Kestel Çilek Spor";"Turquie";"3ème division Grp 1";"Semi-Professional";"3000";"70043162"
"70081332";"Inkilap FSK";"Turquie";"3ème division Grp 1";"Semi-Professional";"4500";"70043162"
"70081386";"Bornova 1877";"Turquie";"3ème division Grp 4";"Professional";"9138";"70043165"
"70081592";"Suvermez Kapadokya Spor";"Turquie";"3ème division Grp 2";"Semi-Professional";"300";"70043163"
"70081777";"Yalova FK";"Turquie";"3ème division Grp 1";"Semi-Professional";"8980";"70043162"
"70108403";"Polatli 1926";"Turquie";"3ème division Grp 1";"Professional";"3000";"70043162"
"70108484";"Denizli I.Y.";"Turquie";"3ème division Grp 4";"Semi-Professional";"18745";"70043165"
"70108639";"Türk Metal 1963";"Turquie";"3ème division Grp 2";"Professional";"15450";"70043163"
"70108729";"Nigde Bld.";"Turquie";"3ème division Grp 2";"Professional";"500";"70043163"
"70108813";"Yozgat Bld. Bozok Spor";"Turquie";"3ème division Grp 3";"Professional";"7600";"70043164"
"70135982";"Bursa Nilüfer";"Turquie";"3ème division Grp 1";"Professional";"2450";"70043162"
"70136077";"Tire 2021 FK";"Turquie";"3ème division Grp 4";"Professional";"15000";"70043165"
"70136145";"Mazidagi Fosfat Spor";"Turquie";"3ème division Grp 2";"Professional";"2337";"70043163"
"79012071";"Deportivo Capiatá";"Paraguay";"2ème division";"Professional";"15000";"79010962"
"79012073";"Deportivo Santaní";"Paraguay";"2ème division";"Professional";"6000";"79010962"
"82079135";"PVV";"Suriname";"Major League du Suriname";"Professional";"1000";"37040965"
"82079419";"Sporting Club BM";"Guadeloupe";"Régionale 1";"Amateur";"1250";"82062570"
"83169313";"Aparecida FC";"Portugal";"Championnat National - B";"Semi-Professional";"1000";"55065659"
"84107060";"Aliança Gandra";"Portugal";"Première division Porto d";"Amateur";"700";"83141244"
"84107099";"GRAP";"Portugal";"Deuxième division Leiria";"Amateur";"372";"2000016922"
"84107179";"Praia de Milfontes";"Portugal";"Première division Beja";"Amateur";"500";"83141261"
"84107195";"Rebordelo";"Portugal";"Div d'honneur Bragança";"Amateur";"500";"83141263"
"84109967";"GD Resende";"Portugal";"Championnat National - B";"Semi-Professional";"960";"55065659"
"87000504";"Malacateco";"Guatemala";"Ligue Nationale";"Professional";"8000";"87000495"
"96030339";"Skra Czestochowa";"Pologne";"Troisième division G3";"Semi-Professional";"498";"96116935"
"96502157";"CSF Spartanii-Sportul";"Moldavie";"Super Liga de Moldavie";"Professional";"350";"59007607"
"98009922";"Rothrist";"Suisse";"Ligue 2 Inter Gr 4";"Semi-Professional";"1400";"98005772"
"98009946";"Brunnen";"Suisse";"Division inférieure";"Semi-Professional";"1150";"137891"
"98009973";"Weesen";"Suisse";"Ligue 2 Inter Gr 5";"Semi-Professional";"1000";"98005773"
"98010033";"Concordia LS";"Suisse";"Ligue 2 Inter Gr 1";"Amateur";"1000";"98005769"
"2000006027";"Estudiantes de Medellín";"Colombie";"Liga Antioqueña";"Amateur";"1500";"2000173837"
"2000008232";"Ferroválvulas";"Colombie";"Liga Antioqueña";"Amateur";"1000";"2000173837"
"2000011368";"Academia Crespo";"Colombie";"Division 1 U20";"Amateur";"1000";"76050811"
"2000013891";"Canberra Croatia";"Australie";"NPL ACT";"Semi-Professional";"2000";"432083"
"2000015243";"La Chalaca";"Colombie";"Liga Antioqueña";"Amateur";"2500";"2000173837"
"2000015940";"CSF Balti";"Moldavie";"Super Liga de Moldavie";"Professional";"5953";"59007607"
"2000020726";"Club Milano";"Italie";"Série D Grp.A";"Semi-Professional";"500";"1400400"
"2000021160";"OFK Mladost";"Monténégro";"Premiership";"Professional";"4300";"5745020"
"2000025431";"United City";"Philippines";"Division inférieure";"Professional";"20000";"23151834"
"2000048916";"Portimonense Clube";"Portugal";"Championnat National - D";"Semi-Professional";"200";"55065661"
"2000053097";"Plata, Vinotinto y Oro";"Colombie";"Division 1 U20";"Amateur";"500";"76050811"
"2000069718";"Sellos Colombianos";"Colombie";"Liga Antioqueña";"Amateur";"2000";"2000173837"
"2000086148";"Olimpicas Fútbol";"Colombie";"Liga del N. de Santander";"Amateur";"3000";"2000173868"
"2000107716";"Yumbo F.C.";"Colombie";"Liga Vallecaucana";"Amateur";"5000";"2000173873"
"2000111029";"CSM Adjud";"Roumanie";"D3 roumaine groupe 1";"Semi-Professional";"5000";"7540206"
"2000111726";"Torre del Mar";"Espagne";"D3 Fédé espagnole Gr9";"Semi-Professional";"1000";"2000099919"
"2000152024";"South Melbourne";"Australie";"NPLF Victoria";"Semi-Professional";"15000";"2000150114"
"2000152440";"Heidelberg Utd";"Australie";"NPLF Victoria";"Semi-Professional";"1400";"2000150114"
"2000157085";"Sydney Olympic";"Australie";"NPLF NSW";"Semi-Professional";"25000";"2000150119"
"2000168710";"Doncaster";"Angleterre";"D1 nat. fém Nord";"Semi-Professional";"15231";"2000168702"
"2000169150";"Fulham";"Angleterre";"D1 nat. fém SE";"Semi-Professional";"1500";"2000168704"
"2000172258";"C.E.I.F. F.C.";"Colombie";"Liga de Bogota";"Amateur";"2000";"2000173840"
"2000181447";"Eupen U23";"Belgique";"Troisième division ACFF B";"Semi-Professional";"500";"18097867"
"2000183924";"TA Tiankuang";"Chine";"D2 Nord";"Professional";"32000";"1002872"
"2000185375";"Perth RedStar";"Australie";"NPL WA";"Semi-Professional";"2500";"130189"
"2000188795";"Marignane GCB FC";"France";"Régional 1 - Méditerranée";"Amateur";"1900";"2000003905"
"2000196564";"Anthoupoli Larisas";"Grèce";"Division C Groupe 3";"Semi-Professional";"3000";"36087245"
"2000223679";"GFC";"Égypte";"D2 B - Groupe 3";"Semi-Professional";"15000";"2000468282"
"2000252709";"VGA Saint-Maur";"France";"D3 - Groupe A";"Semi-Professional";"3500";"2000278258"
"2000252740";"FC Lorient";"France";"D3 - Groupe A";"Semi-Professional";"1000";"2000278258"
"2000259441";"Medkila";"Norvège";"Deuxième division Gr 2";"Amateur";"800";"2000367203"
"2000260278";"Malženice";"Slovaquie";"2ème Division";"Professional";"1000";"7560277"
"2000263439";"NF Ardea";"Italie";"-";"Semi-Professional";"800";"-1"
"2000272035";"Police FC (TRI)";"Trinité-et-Tobago";"LFF de TT";"Semi-Professional";"10000";"2000274200"
"2000272038";"Romana FC";"Italie";"-";"Semi-Professional";"4000";"-1"
"2000272897";"QPCC";"Trinité-et-Tobago";"D1 de TT";"Amateur";"1200";"2000278982"
"2000272943";"TLH Rangers";"Trinité-et-Tobago";"D1 de TT";"Amateur";"1500";"2000278982"
"2000273559";"Atletico Castegnato";"Italie";"-";"Amateur";"1000";"-1"
"2000277929";"Prague";"Rép. tchèque";"Première Division";"Semi-Professional";"2025";"2000209811"
"2000278767";"Kashi";"Inde";"Division nationale";"Professional";"25000";"40026565"
"2000280283";"Pyunik";"Arménie";"Premier League";"Semi-Professional";"770";"2000233896"
"2000301786";"HJS";"Finlande";"2e Division Groupe B";"Semi-Professional";"3500";"33000117"
"2000314812";"Llangefni";"Pays de Galles";"North Wales Coast League";"Amateur";"2800";"2000488528"
"2000314846";"Pwllheli";"Pays de Galles";"North Wales Coast League";"Amateur";"500";"2000488528"
"2000315466";"Nees Atromitou";"Grèce";"Première Division";"Semi-Professional";"5000";"2000232803"
"2000323955";"Lausanne-Sport";"Suisse";"Lower Division";"Amateur";"12577";"2000345088"
"2000327878";"Kvarnsvedens IK";"Suède";"Deuxième division";"Amateur";"2000";"2000234536"
"2000335759";"Deportivo Moquegua";"Pérou";"2ème Division";"Professional";"25000";"5290553"
"2000337338";"Weymouth Wales";"Barbade";"Division 1";"Amateur";"2000";"2000274194"
"2000338022";"FC Trollhättan";"Suède";"Première div. - Centre";"Amateur";"5100";"2000327938"
"2000338025";"IS Halmia";"Suède";"Première division - Sud";"Amateur";"1000";"2000327937"
"2000338848";"ALC Longvic";"France";"D3 - Groupe B";"Semi-Professional";"1500";"2000278259"
"2000338872";"City Lads";"Afrique du Sud";"Super League d'AS";"Semi-Professional";"8000";"2000338387"
"2000338874";"Copperbelt";"Afrique du Sud";"Super League d'AS";"Semi-Professional";"15000";"2000338387"
"2000338916";"Royal AM";"Afrique du Sud";"Ligues féminines Sasol";"Professional";"12000";"2000338388"
"2000338933";"Richmond United";"Afrique du Sud";"Super League d'AS";"Semi-Professional";"1000";"2000338387"
"2000339001";"Juventus de Yopougon";"Côte d'Ivoire";"D1 de Côte d'Ivoire";"Amateur";"4000";"2000338494"
"2000339196";"Liverpool F.C.";"Uruguay";"Première Division";"Amateur";"6674";"2000338480"
"2000339237";"AO Étincelles";"Burkina Faso";"D1 du Burkina Faso";"Amateur";"0";"2000338498"
"2000339238";"Colombes de l'USFA";"Burkina Faso";"D1 du Burkina Faso";"Amateur";"0";"2000338498"
"2000339435";"VJS";"Finlande";"Div. inférieure féminine";"Amateur";"4600";"2000439966"
"2000339472";"Neom SC";"Arabie saoudite";"Premier League";"Professional";"12000";"2000338506"
"2000340675";"Sepahan";"Iran";"Ligue féminine Kowsar";"Semi-Professional";"5000";"2000338515"
"2000340809";"Bourges FC";"France";"D3 - Groupe A";"Semi-Professional";"1000";"2000278258"
"2000340814";"AS Cannes";"France";"D3 - Groupe B";"Semi-Professional";"10000";"2000278259"
"2000342595";"TuWe";"Finlande";"Div. inférieure féminine";"Semi-Professional";"0";"2000439966"
"2000343185";"Simba Queens";"Tanzanie";"Premier League fém.";"Professional";"60000";"2000343118"
"2000343598";"Kampala Queens";"Ouganda";"SLF d'Ouganda";"Semi-Professional";"10000";"2000343115"
"2000344271";"April 25";"Corée du Nord";"D1 de Corée du Nord";"Semi-Professional";"0";"2000343108"
"2000345421";"Dakar Sacré-Coeur";"Sénégal";"D1 du Sénégal";"Amateur";"0";"2000343120"
"2000345507";"Jappo Olympique";"Sénégal";"D1 du Sénégal";"Amateur";"0";"2000343120"
"2000346300";"Somerset Trojans";"Bermudes";"Ligue féminine";"Amateur";"1000";"2000274192"
"2000346830";"R.U. Tenerife";"Espagne";"D3 Fédé espagnole Gr12";"Semi-Professional";"2500";"2000099922"
"2000347065";"Zanaco";"Zambie";"Championnat féminin";"Professional";"20000";"2000346822"
"2000347958";"Holguín";"Cuba";"Liga Nacional";"Amateur";"1500";"2000274188"
"2000349336";"Herentals Queens";"Zimbabwe";"D1 du Zimbabwe";"Semi-Professional";"0";"2000343114"
"2000353774";"CF Akbou";"Algérie";"D1 d'Algérie";"Semi-Professional";"2000";"2000343139"
"2000354741";"RS Berkane";"Maroc";"Championnat du Maroc";"Professional";"0";"2000338483"
"2000355596";"Lekie Filles";"Cameroun";"D1 du Cameroun";"Semi-Professional";"0";"2000343137"
"2000355599";"AS Awa";"Cameroun";"D1 du Cameroun";"Semi-Professional";"0";"2000343137"
"2000357064";"Hasaacas";"Ghana";"D1 du Ghana";"Semi-Professional";"0";"2000343130"
"2000357686";"Hà N?i II";"Vietnam";"Ligue féminine nationale";"Semi-Professional";"5000";"2000343101"
"2000358667";"East Bengal";"Inde";"Ligue féminine d'Inde";"Semi-Professional";"23500";"2000343111"
"2000359469";"Ordabasy";"Kazakhstan";"-";"Semi-Professional";"0";"-1"
"2000359966";"Homs Governate SC";"Syrie";"Première Division";"Semi-Professional";"0";"2000343103"
"2000360590";"Camilo Zuñiga";"Colombie";"3ème Division";"Amateur";"3500";"5260949"
"2000364035";"ASF Sousse";"Tunisie";"Première div. de Tunisie";"Semi-Professional";"1000";"2000343116"
"2000364394";"Lusitânia Lourosa";"Portugal";"Division 4";"Amateur";"700";"2000469387"
"2000366283";"Alverca";"Portugal";"Division 4";"Amateur";"500";"2000469387"
"2000367091";"Ac. Viseu";"Portugal";"Division 4";"Amateur";"700";"2000469387"
"2000367117";"Académica/SF";"Portugal";"Division 4";"Amateur";"200";"2000469387"
"2000367999";"Penafiel";"Portugal";"Division 4";"Amateur";"200";"2000469387"
"2000369601";"Barbosa F.C.";"Colombie";"3ème Division";"Amateur";"40000";"5260949"
"2000370441";"Frigg";"Norvège";"Deuxième division Gr 2";"Amateur";"1000";"2000367203"
"2000372067";"AAS Sarcelles";"France";"D3 - Groupe A";"Semi-Professional";"500";"2000278258"
"2000375829";"Real Normanna";"Italie";"Série D Grp.H";"Semi-Professional";"2565";"1400407"
"2000376967";"Lexington Sporting Club";"États-Unis";"USSL W League";"Amateur";"500";"2000335881"
"2000380275";"RAS Jodoigne";"Belgique";"Belgian Lower Division";"Amateur";"2500";"2000421253"
"2000405158";"Guelwaars";"Sénégal";"Deuxième division";"Semi-Professional";"1000";"12078428"
"2000431128";"Victory Eagles";"Sainte-Lucie";"LFF de  Sainte-Lucie";"Amateur";"1000";"2000274208"
"2000441151";"Marine";"Angleterre";"D1 nat. fém SO";"Semi-Professional";"500";"2000168705"
"2000443823";"FC Cajamarca";"Pérou";"2ème Division";"Professional";"18000";"5290553"
"2000469063";"Zamalek";"Égypte";"PLF d'Égypte";"Professional";"2500";"2000338481"
"2000475277";"ASTDV";"France";"National 3 - Groupe D";"Semi-Professional";"2500";"2000279695"
"2000481243";"Alma Fano";"Italie";"Promozione Marche Grp.A";"Amateur";"4046";"43104642"
"251";"RFC Tournai";"Belgique";"Deuxième division ACFF";"Amateur";"7540";"18097863"
"2211";"Mobilieri Ponsacco";"Italie";"Promozione Toscana Grp.B";"Amateur";"400";"43104658"
"2360";"Rijnsburgse Boys";"Pays-Bas";"Tweede Divisie des Pays-B";"Amateur";"6100";"37059991"
"116315";"Huracán Buceo";"Uruguay";"1ère div. amateur";"Amateur";"2738";"5512772"
"128495";"Shizuoka Sangyo Univ.";"Japon";"-";"Amateur";"1000";"-1"
"130042";"Nelson Suburbs";"Nouvelle-Zélande";"Southern League";"Amateur";"2000";"2000095538"
"135393";"SLNA";"Vietnam";"Premier League";"Professional";"18000";"8550000"
"136468";"Dubocica";"Serbie";"D1 serbe";"Semi-Professional";"8136";"5776050"
"137933";"Sursee";"Suisse";"Ligue 2 Inter Gr 4";"Semi-Professional";"3500";"98005772"
"458602";"Gölcükspor";"Turquie";"Régionale amateur G9";"Semi-Professional";"2000";"70086167"
"539512";"FC De Kempen";"Belgique";"Troisième division VV B";"Amateur";"1800";"18097865"
"707637";"Biellese";"Italie";"Série D Grp.A";"Semi-Professional";"5827";"1400400"
"750774";"Tiller";"Norvège";"3ème division Groupe 2";"Amateur";"700";"53057342"
"790926";"Superstars";"Saint-Kitts";"Super League";"Semi-Professional";"3500";"45082430"
"814068";"Barreda";"Espagne";"Preferente Cantabria";"Semi-Professional";"5000";"67101191"
"814370";"C.D. Naval";"Espagne";"Preferente Cantabria";"Semi-Professional";"1500";"67101191"
"879203";"Weiden";"Allemagne";"Bavière nord";"Semi-Professional";"7600";"91109039"
"879272";"Ratingen";"Allemagne";"Rhin bas";"Semi-Professional";"5000";"91109041"
"879343";"SC Victoria";"Allemagne";"Hambourg";"Semi-Professional";"8000";"35024475"
"1300770";"Rodange";"Luxembourg";"Division Nationale";"Semi-Professional";"3400";"5340000"
"4212366";"Coria";"Espagne";"D3 Fédé espagnole Gr10";"Semi-Professional";"6000";"2000099920"
"5201516";"Banks O'Dee";"Écosse";"Highlands";"Semi-Professional";"2000";"61006615"
"5201776";"Inverurie Locos";"Écosse";"Highlands";"Semi-Professional";"1700";"61006615"
"5340962";"Ferroviário de Nampula";"Mozambique";"Première division";"Professional";"5000";"13191166"
"5395665";"Geylang Int.";"Singapour";"Champ. Singapour";"Professional";"8000";"5395850"
"5622838";"Amrokkang";"Corée du Nord";"Ligue nord-coréenne";"Semi-Professional";"17500";"23100525"
"5623528";"Al Khalil";"Palestine";"D1 de Cisjordanie";"Professional";"4000";"23091052"
"5724406";"Grenchen";"Suisse";"Division inférieure";"Semi-Professional";"10964";"137891"
"5727241";"Collex-Bossy";"Suisse";"Ligue 2 Inter Gr 1";"Semi-Professional";"1350";"98005769"
"5727254";"Ascona";"Suisse";"Division inférieure";"Amateur";"1400";"137891"
"7742876";"Persibo";"Indonésie";"Ligue Nuswantara";"Professional";"20000";"41042746"
"7981245";"Pinerolo";"Italie";"Eccellenza Piemonte 2";"Semi-Professional";"2000";"43064536"
"8351589";"Prishtina";"Kosovo";"Superleague";"Professional";"13429";"89056580"
"8632134";"FC Ebedei";"Nigeria";"Division inférieure";"Professional";"350";"13110053"
"8700458";"Griesheim";"Allemagne";"Div inf. d'Allemagne";"Semi-Professional";"5000";"8700660"
"8712353";"Eichede";"Allemagne";"Schleswig-Holstein";"Semi-Professional";"3000";"35024476"
"13128381";"Atlabara Juba";"Soudan du Sud";"Première division";"Semi-Professional";"2000";"13211718"
"13146393";"Orapa Utd";"Botswana";"Première division";"Professional";"2000";"13211659"
"15018713";"North Geelong Warriors";"Australie";"VPL 2";"Semi-Professional";"4000";"15090908"
"16001310";"FC Koblach";"Autriche";"Vorarlberg";"Semi-Professional";"1500";"16000658"
"16010489";"Annabichler SV";"Autriche";"Under-League Central (K)";"Semi-Professional";"2000";"2000471840"
"16010520";"USV Mooskirchen";"Autriche";"Ligue haute C-O (St)";"Semi-Professional";"1500";"16036176"
"23035951";"Sobaeksu";"Corée du Nord";"Ligue nord-coréenne";"Semi-Professional";"30000";"23100525"
"24013833";"Gaj Mace";"Croatie";"Ligue 4 Centre";"Semi-Professional";"500";"2000005495"
"25057462";"Prepere";"Rép. tchèque";"4ème Division C";"Semi-Professional";"4050";"136045"
"35116405";"Oberachern";"Allemagne";"Bade-Württemberg";"Semi-Professional";"1500";"8700002"
"35117246";"Hürth";"Allemagne";"Div inf. d'Allemagne";"Semi-Professional";"1092";"8700660"
"35120645";"Hilden";"Allemagne";"Rhin bas";"Semi-Professional";"2000";"91109041"
"43006444";"Figline";"Italie";"Eccellenza Toscana Grp.B";"Semi-Professional";"4000";"43064542"
"43036951";"Albese";"Italie";"Eccellenza Piemonte 2";"Semi-Professional";"2050";"43064536"
"43058677";"Villafranca Veronese";"Italie";"Eccellenza Veneto 1";"Semi-Professional";"1000";"43064545"
"43066345";"Castellazzo";"Italie";"Promozione Piemonte e Val";"Amateur";"400";"43104648"
"43066357";"Vallée d'Aoste";"Italie";"-";"Amateur";"2518";"-1"
"43076694";"Alfonsine";"Italie";"-";"Semi-Professional";"1301";"-1"
"43076749";"Pro Livorno";"Italie";"Eccellenza Toscana Grp.A";"Semi-Professional";"14267";"43064541"
"43076786";"Canosa";"Italie";"Eccellenza Puglia";"Semi-Professional";"1000";"43064537"
"43077343";"Finale";"Italie";"Promozione Liguria Grp.A";"Amateur";"4000";"43104633"
"43092847";"Forsempronese";"Italie";"Série D Grp.F";"Semi-Professional";"1000";"1400405"
"43093752";"U.S. Albenga";"Italie";"-";"Semi-Professional";"3800";"-1"
"43157971";"Mariglianese";"Italie";"Prima Categoria Campania ";"Amateur";"2500";"43411787"
"43599648";"Sasso Marconi";"Italie";"Série D Grp.D";"Semi-Professional";"1800";"1400403"
"45005978";"Toyo Univ.";"Japon";"-";"Amateur";"500";"-1"
"47070349";"JK Vaprus";"Estonie";"Première Ligue";"Semi-Professional";"1801";"7681558"
"47085235";"Arsimi";"Macédoine du N.";"Ligue 1";"Professional";"300";"8401070"
"57068914";"Unirea Tasnad";"Roumanie";"D3 roumaine groupe 8";"Semi-Professional";"1000";"57015314"
"67016673";"Crevillente";"Espagne";"D3 Fédé espagnole Gr6";"Semi-Professional";"4100";"2000099916"
"67051299";"Choco";"Espagne";"Preferente Autonómica Gal";"Semi-Professional";"500";"67101189"
"67128971";"P.E. Sant Jordi";"Espagne";"Ibiza-Formentera";"Amateur";"2500";"67101224"
"68017475";"Eskilsminne IF";"Suède";"1ère Division Sud";"Semi-Professional";"3500";"8114887"
"70054543";"Ünye 1957 Spor";"Turquie";"Régionale amateur G3";"Semi-Professional";"10340";"70086161"
"82061764";"Ponce";"Porto Rico";"LFPR";"Semi-Professional";"2000";"82076123"
"84152882";"Amical Saint-Prex";"Suisse";"1ère Ligue - Groupe 1";"Semi-Professional";"1000";"5724964"
"98002186";"Bazenheid";"Suisse";"Division inférieure";"Semi-Professional";"1000";"137891"
"98005828";"Thalwil";"Suisse";"Ligue 2 Inter Gr 3";"Semi-Professional";"1600";"98005771"
"98009947";"Perlen-Buchrain";"Suisse";"Division inférieure";"Semi-Professional";"500";"137891"
"98010024";"Forward-Morges";"Suisse";"Division inférieure";"Semi-Professional";"3000";"137891"
"2000004194";"Persekat";"Indonésie";"Championnat Groupe 1";"Semi-Professional";"10000";"41042741"
"2000027969";"Gallipoli";"Italie";"Eccellenza Puglia";"Semi-Professional";"4868";"43064537"
"2000064916";"Besa Biel/Bienne";"Suisse";"1ère Ligue - Groupe 2";"Amateur";"5200";"5724965"
"2000064936";"Collina d'Oro";"Suisse";"1ère Ligue - Groupe 3";"Amateur";"1500";"5724966"
"2000091184";"Caterpillar Motor";"Colombie";"Liga de Bogota";"Amateur";"3200";"2000173840"
"2000115553";"Talento y Vida F.C.";"Colombie";"Division 1 U20";"Amateur";"12000";"76050811"
"2000152739";"GX Lanhang";"Chine";"D2 Sud";"Professional";"35000";"1002873"
"2000181442";"STVV U23";"Belgique";"Deuxième division BVV";"Professional";"1000";"18097862"
"2000181448";"Jong Essevee";"Belgique";"Deuxième division VV A";"Semi-Professional";"1500";"18097860"
"2000181742";"CSKA 1948 III";"Bulgarie";"-";"Amateur";"0";"-1"
"2000185403";"Talentos Envigado";"Colombie";"3ème Division";"Amateur";"7500";"5260949"
"2000214995";"Cádiz";"Espagne";"D4 - Groupe 10";"Amateur";"500";"2000488674"
"2000262052";"Tennessee SC";"États-Unis";"USSL W League";"Semi-Professional";"0";"2000335881"
"2000314669";"Coed Duon";"Pays de Galles";"SWWGL Division One";"Amateur";"1000";"2000370610"
"2000315647";"Keynsham";"Angleterre";"D1 nat. fém SO";"Semi-Professional";"2000";"2000168705"
"2000316873";"Castellón";"Espagne";"D4 - Groupe 6";"Amateur";"4050";"2000326934"
"2000316887";"Murcia";"Espagne";"D4 - Groupe 13";"Amateur";"1500";"2000488683"
"2000317226";"Sevilla B";"Espagne";"D4 - Groupe 10";"Amateur";"800";"2000488674"
"2000317478";"Almería";"Espagne";"D4 - Groupe 9";"Amateur";"10000";"2000488671"
"2000318425";"Orzán";"Espagne";"D4 - Groupe 1";"Amateur";"350";"2000326939"
"2000318961";"Madrid FC C";"Espagne";"D4 - Groupe 7";"Amateur";"2500";"2000490609"
"2000319084";"Villarreal B";"Espagne";"D4 - Groupe 6";"Amateur";"600";"2000326934"
"2000319086";"Mérida";"Espagne";"D4 - Groupe 14";"Amateur";"200";"2000488685"
"2000319215";"Ejea";"Espagne";"D4 - Groupe 17";"Amateur";"2249";"2000488690"
"2000319216";"Zaragoza B";"Espagne";"D4 - Groupe 17";"Amateur";"1500";"2000488690"
"2000319219";"S. Gijón B";"Espagne";"D4 - Groupe 2";"Amateur";"500";"2000326938"
"2000320833";"Levante C";"Espagne";"D4 - Groupe 6";"Amateur";"200";"2000326934"
"2000320851";"Elche B";"Espagne";"D4 - Groupe 6";"Semi-Professional";"600";"2000326934"
"2000321676";"Barcelona C";"Espagne";"D4 - Groupe 5";"Semi-Professional";"500";"2000326935"
"2000322386";"Las Rozas";"Espagne";"D4 - Groupe 7";"Amateur";"3000";"2000490609"
"2000322547";"Bizkerre B";"Espagne";"D4 - Groupe 4";"Amateur";"300";"2000326936"
"2000322642";"Eibar C";"Espagne";"D4 - Groupe 4";"Semi-Professional";"1000";"2000326936"
"2000322812";"Logroñés";"Espagne";"D4 - Groupe 16";"Amateur";"200";"2000488687"
"2000322826";"Málaga B";"Espagne";"D4 - Groupe 9";"Semi-Professional";"3000";"2000488671"
"2000322833";"Logroño B";"Espagne";"D4 - Groupe 16";"Amateur";"1000";"2000488687"
"2000323039";"Oviedo B";"Espagne";"D4 - Groupe 2";"Amateur";"300";"2000326938"
"2000323557";"S. Huelva B";"Espagne";"D4 - Groupe 10";"Amateur";"300";"2000488674"
"2000323637";"F. Albacete B";"Espagne";"D4 - Groupe 18";"Semi-Professional";"300";"2000488693"
"2000324232";"R.U. Tenerife B";"Espagne";"D4 - Groupe 12";"Amateur";"2000";"2000488681"
"2000326019";"Real San Sebastián C";"Espagne";"D4 - Groupe 4";"Semi-Professional";"300";"2000326936"
"2000326549";"Alavés B";"Espagne";"D4 - Groupe 4";"Amateur";"400";"2000326936"
"2000328201";"Canaria Guada B";"Espagne";"D4 - Groupe 12";"Amateur";"200";"2000488681"
"2000328222";"Europa B";"Espagne";"D4 - Groupe 5";"Amateur";"4000";"2000326935"
"2000329286";"Alhama B";"Espagne";"D4 - Groupe 13";"Semi-Professional";"500";"2000488683"
"2000329328";"R. Jaén";"Espagne";"D4 - Groupe 9";"Amateur";"4000";"2000488671"
"2000329866";"Balears B";"Espagne";"D4 - Groupe 11";"Amateur";"1200";"2000488678"
"2000330381";"Córdoba B";"Espagne";"D4 - Groupe 10";"Amateur";"100";"2000488674"
"2000335277";"Getafe B";"Espagne";"D4 - Groupe 7";"Amateur";"300";"2000490609"
"2000335392";"Olympia Las Rozas B";"Espagne";"D4 - Groupe 7";"Amateur";"400";"2000490609"
"2000337912";"FC Djursholm";"Suède";"Première division - Nord";"Amateur";"800";"2000327935"
"2000337943";"Mutilvera";"Espagne";"D4 - Groupe 15";"Amateur";"2500";"2000488686"
"2000337946";"F. Tenerife B";"Espagne";"D4 - Groupe 12";"Amateur";"500";"2000488681"
"2000346754";"Arguineguín";"Espagne";"D4 - Groupe 12";"Amateur";"350";"2000488681"
"2000364014";"IFK Lidingö";"Suède";"Première division - Nord";"Amateur";"1500";"2000327935"
"2000370634";"Amigos del Balón";"Colombie";"3ème Division";"Amateur";"1500";"5260949"
"2000370911";"Avilés B";"Espagne";"D4 - Groupe 2";"Amateur";"500";"2000326938"
"2000373525";"Vigo B";"Espagne";"D4 - Groupe 1";"Semi-Professional";"4000";"2000326939"
"2000373756";"Pozuelo B";"Espagne";"D4 - Groupe 7";"Amateur";"2000";"2000490609"
"2000376583";"Intercity";"Espagne";"D4 - Groupe 6";"Amateur";"1500";"2000326934"
"2000376855";"R. Santander B";"Espagne";"D4 - Groupe 3";"Amateur";"4000";"2000326937"
"2000376927";"Bergantiños";"Espagne";"D4 - Groupe 1";"Amateur";"3800";"2000326939"
"2000376971";"Ebro";"Espagne";"D4 - Groupe 17";"Amateur";"400";"2000488690"
"2000377012";"Guadalajara";"Espagne";"D4 - Groupe 18";"Amateur";"500";"2000488693"
"2000382722";"J. Grande B";"Espagne";"Lower Division";"Amateur";"400";"2000338755"
"2000384786";"Sportextremadura B";"Espagne";"D4 - Groupe 14";"Amateur";"900";"2000488685"
"2000397293";"Arenas de Armilla";"Espagne";"D4 - Groupe 9";"Amateur";"1500";"2000488671"
"2000401212";"Toledo";"Espagne";"D4 - Groupe 18";"Amateur";"1000";"2000488693"
"2000425068";"Burgos B";"Espagne";"D4 - Groupe 8";"Amateur";"400";"2000488664"
"2000453063";"U. Murcia";"Espagne";"D4 - Groupe 13";"Amateur";"1000";"2000488683"
"2000453225";"Argual B";"Espagne";"D4 - Groupe 12";"Amateur";"3500";"2000488681"
"2000453233";"Llanes";"Espagne";"D4 - Groupe 2";"Amateur";"2000";"2000326938"
"2000464273";"Olímpico de León B";"Espagne";"D4 - Groupe 8";"Semi-Professional";"200";"2000488664"
"2000469794";"Geneto";"Espagne";"D4 - Groupe 12";"Amateur";"600";"2000488681"
"2000487345";"Cáceres At. B";"Espagne";"D4 - Groupe 14";"Amateur";"500";"2000488685"
"2000487672";"Manacor";"Espagne";"D4 - Groupe 11";"Amateur";"4000";"2000488678"
"2000487755";"Tudelano";"Espagne";"D4 - Groupe 15";"Amateur";"1700";"2000488686"
"2000487883";"S.D. Logroñés";"Espagne";"D4 - Groupe 16";"Amateur";"1000";"2000488687"
"2000487893";"Zaragoza";"Espagne";"D4 - Groupe 17";"Semi-Professional";"2500";"2000488690"
"220";"Lille Utd";"Belgique";"Troisième division VV B";"Amateur";"1500";"18097865"
"555";"Slagelse";"Danemark";"Zealand Series";"Amateur";"4400";"2000170401"
"608";"Bath City";"Angleterre";"Enterprise South";"Semi-Professional";"4070";"5123055"
"662";"Hereford Utd";"Angleterre";"-";"Professional";"0";"-1"
"940";"Hanovre";"Allemagne";"Div inf. d'Allemagne";"Semi-Professional";"16000";"8700660"
"1275";"Bangor";"Irlande du Nord";"NIFL Premiership";"Semi-Professional";"2750";"130023"
"1367";"Orkla";"Norvège";"D4 Trøndelag B";"Amateur";"1500";"53162020"
"1420";"Vigør";"Norvège";"D4 Agder";"Amateur";"1500";"53162011"
"1606";"Home Utd";"Singapour";"-";"Professional";"0";"-1"
"2196";"Pergocrema";"Italie";"-";"Amateur";"3279";"-1"
"121191";"Halle 96";"Allemagne";"Nord-Est (S)";"Semi-Professional";"8200";"8700007"
"121212";"VfR Mannheim";"Allemagne";"Bade-Württemberg";"Semi-Professional";"8000";"8700002"
"129874";"Junak";"Croatie";"D4 Sud";"Semi-Professional";"3000";"661724"
"135362";"N. Sembilan";"Malaisie";"Super League";"Professional";"40000";"5624536"
"135408";"Al-Ahli Sana'a";"Yémen";"First Division A";"Semi-Professional";"3000";"2000416310"
"301200";"Uberlândia";"Brésil";"D4";"Professional";"53350";"19127222"
"309355";"Escuela Carlos Sarmiento";"Colombie";"Liga Vallecaucana";"Amateur";"300";"2000173873"
"311000";"Ceilândia";"Brésil";"D4";"Professional";"5000";"19127222"
"428552";"AS Dragon";"Tahiti";"Première division";"Semi-Professional";"5000";"8457147"
"455067";"Yalovaspor";"Turquie";"Régionale amateur G5";"Semi-Professional";"8980";"70086163"
"485686";"Auda";"Lettonie";"Tonybet Virsliga";"Professional";"6747";"8403697"
"814062";"Viveiro";"Espagne";"D3 Fédé espagnole Gr1";"Semi-Professional";"3000";"2000099911"
"814378";"Textil Escudo";"Espagne";"Preferente Cantabria";"Semi-Professional";"800";"67101191"
"876474";"Rotenburg";"Allemagne";"Div inf. d'Allemagne";"Semi-Professional";"3000";"8700660"
"877213";"Teveren";"Allemagne";"Div inf. d'Allemagne";"Semi-Professional";"7500";"8700660"
"877221";"Würzburger FV";"Allemagne";"Bavière nord";"Semi-Professional";"3500";"91109039"
"879187";"Feucht";"Allemagne";"Div inf. d'Allemagne";"Semi-Professional";"3500";"8700660"
"879189";"Neumarkt";"Allemagne";"Bavière nord";"Semi-Professional";"8000";"91109039"
"879191";"Ismaning";"Allemagne";"Bavière sud";"Semi-Professional";"5000";"91109040"
"879207";"Schwaben Augsburg";"Allemagne";"Div. régionale Sud-ouest";"Semi-Professional";"5000";"91107111"
"879211";"Denzlingen";"Allemagne";"Bade-Württemberg";"Semi-Professional";"3500";"8700002"
"879252";"Marburg";"Allemagne";"Hesse";"Semi-Professional";"5000";"8700003"
"879258";"Wismar";"Allemagne";"Nord-Est (N)";"Semi-Professional";"18000";"8700008"
"879264";"Freialdenhoven";"Allemagne";"Div inf. d'Allemagne";"Semi-Professional";"3500";"8700660"
"879276";"Neumünster";"Allemagne";"Schleswig-Holstein";"Semi-Professional";"6000";"35024476"
"879301";"Rheine";"Allemagne";"Westphalie";"Semi-Professional";"7500";"8700005"
"879313";"Sprockhövel";"Allemagne";"Westphalie";"Semi-Professional";"3500";"8700005"
"879340";"Halstenbek";"Allemagne";"Hambourg";"Amateur";"3000";"35024475"
"879390";"Weiche II";"Allemagne";"Div inf. d'Allemagne";"Semi-Professional";"10000";"8700660"
"879392";"TSB Flensburg";"Allemagne";"Div inf. d'Allemagne";"Semi-Professional";"5000";"8700660"
"879408";"Oldenburger SV";"Allemagne";"Schleswig-Holstein";"Semi-Professional";"3500";"35024476"
"879428";"Heeslingen";"Allemagne";"Division de Saxe";"Semi-Professional";"4000";"35102297"
"879467";"Ramlingen";"Allemagne";"Div inf. d'Allemagne";"Semi-Professional";"2500";"8700660"
"879477";"Aumund-Vegesack";"Allemagne";"Brême";"Semi-Professional";"3000";"35024472"
"879490";"OSC Bremerhaven";"Allemagne";"Brême";"Semi-Professional";"10000";"35024472"
"879496";"Woltmershausen";"Allemagne";"Brême";"Amateur";"5000";"35024472"
"879500";"Vahr";"Allemagne";"Div inf. d'Allemagne";"Amateur";"2500";"8700660"
"879632";"Ludwigsfelde";"Allemagne";"Div inf. d'Allemagne";"Semi-Professional";"7500";"8700660"
"879663";"Rostocker FC";"Allemagne";"Div inf. d'Allemagne";"Semi-Professional";"2000";"8700660"
"879878";"Hamborn";"Allemagne";"Div inf. d'Allemagne";"Semi-Professional";"5500";"8700660"
"879890";"Nettetal";"Allemagne";"Div inf. d'Allemagne";"Semi-Professional";"3500";"8700660"
"879929";"Vreden";"Allemagne";"Westphalie";"Semi-Professional";"3000";"8700005"
"880001";"Engers";"Allemagne";"Sud-Est";"Semi-Professional";"4000";"8700004"
"880021";"Auersmacher";"Allemagne";"Sud-Est";"Semi-Professional";"3000";"8700004"
"880196";"Hünfeld";"Allemagne";"Hesse";"Semi-Professional";"3000";"8700003"
"880240";"Waldgirmes";"Allemagne";"Hesse";"Semi-Professional";"3500";"8700003"
"880405";"ASV Cham";"Allemagne";"Bavière nord";"Semi-Professional";"2500";"91109039"
"880453";"Gundelfingen";"Allemagne";"Bavière sud";"Semi-Professional";"8000";"91109040"
"892526";"Regensburg II";"Allemagne";"Bavière nord";"Professional";"5000";"91109039"
"892923";"Lübeck II";"Allemagne";"Div inf. d'Allemagne";"Semi-Professional";"17849";"8700660"
"1012120";"Kiyovu";"Rwanda";"Première division";"Professional";"8000";"13211703"
"1301381";"Borac";"Serbie";"D1 serbe";"Semi-Professional";"8000";"5776050"
"1503270";"Acero";"Espagne";"Comunitat Valenciana 1";"Semi-Professional";"5000";"2000289880"
"3200568";"RFCB Sprimont";"Belgique";"Troisième division ACFF B";"Amateur";"2500";"18097867"
"3608761";"Erkenschwick";"Allemagne";"Westphalie";"Semi-Professional";"14380";"8700005"
"4203161";"Plasencia";"Espagne";"Preferente Extremadura Gr";"Semi-Professional";"4300";"67101214"
"4212290";"Gijón Industrial";"Espagne";"D3 Fédé espagnole Gr2";"Semi-Professional";"4100";"2000099912"
"4212378";"C.D. Puertollano";"Espagne";"-";"Semi-Professional";"7240";"-1"
"4212780";"Parla";"Espagne";"D3 Fédé espagnole Gr7";"Semi-Professional";"2500";"2000099917"
"4212906";"Mosconia";"Espagne";"D3 Fédé espagnole Gr2";"Semi-Professional";"4000";"2000099912"
"5100132";"Havant & W";"Angleterre";"Southern League Premier S";"Semi-Professional";"5800";"94048276"
"5340041";"Mondercange";"Luxembourg";"Division d'honeur";"Semi-Professional";"3304";"5340022"
"5340081";"WA Tlemcen";"Algérie";"Division inférieure d'Alg";"Semi-Professional";"30000";"13220910"
"5602981";"Köflach";"Autriche";"Styrian LL";"Semi-Professional";"2500";"16000659"
"5608968";"Kapfenberger SV Amateure";"Autriche";"Ligue haute Nord (St)";"Semi-Professional";"2000";"16036178"
"5623370";"PDRM";"Malaisie";"Super League";"Professional";"16000";"5624536"
"5627023";"Thanh Hoa";"Vietnam";"Premier League";"Professional";"14000";"8550000"
"5627070";"Than Quang Ninh";"Vietnam";"Division inférieure";"Professional";"3000";"8550034"
"5727279";"Uster";"Suisse";"Ligue 2 Inter Gr 3";"Semi-Professional";"7000";"98005771"
"6000001";"Emden";"Allemagne";"Division Rég. Nord";"Semi-Professional";"7500";"26"
"6002204";"Wandsbek";"Allemagne";"Div inf. d'Allemagne";"Amateur";"1000";"8700660"
"6002375";"Dassendorf";"Allemagne";"Hambourg";"Semi-Professional";"2500";"35024475"
"6002530";"Zehlendorf";"Allemagne";"Div. régionale Nord-est";"Semi-Professional";"4500";"91107110"
"6002592";"Grimma";"Allemagne";"Nord-Est (S)";"Semi-Professional";"1200";"8700007"
"7400959";"Southern District";"Hong Kong (RP de Chine)";"1ère Division";"Professional";"9000";"5624449"
"7521270";"Makó";"Hongrie";"divison inférieure";"Professional";"3500";"7520394"
"7540445";"Aerostar";"Roumanie";"D3 roumaine groupe 1";"Professional";"1360";"7540206"
"7580943";"Slovan";"Slovénie";"2ème Division";"Semi-Professional";"3000";"7580001"
"7747141";"Persipa";"Indonésie";"Ligue Nuswantara";"Semi-Professional";"10000";"41042746"
"7880049";"Al-Dhaid";"E.A.U.";"1ère Division A";"Professional";"4000";"7880028"
"7980053";"Anagni";"Italie";"Eccellenza Lazio Grp.B";"Semi-Professional";"1000";"43064528"
"8152873";"KFC Houtvenne";"Belgique";"D1 nationale - VV";"Amateur";"500";"2000370106"
"8178065";"KFC Wambeek-Ternat";"Belgique";"Troisième division VV A";"Amateur";"2000";"18097864"
"8351590";"Trepça '89";"Kosovo";"Première division";"Professional";"3200";"89056581"
"8700212";"Sasel";"Allemagne";"Hambourg";"Semi-Professional";"3000";"35024475"
"8700216";"USC Paloma";"Allemagne";"Hambourg";"Semi-Professional";"2000";"35024475"
"8700230";"PSV Neumünster";"Allemagne";"Schleswig-Holstein";"Semi-Professional";"2000";"35024476"
"8700252";"Vorsfelde";"Allemagne";"Div inf. d'Allemagne";"Semi-Professional";"3000";"8700660"
"8700258";"Bersenbrück";"Allemagne";"Division de Saxe";"Semi-Professional";"3000";"35102297"
"8700277";"Bremer TS";"Allemagne";"Brême";"Semi-Professional";"2500";"35024472"
"8700279";"KSV Vatan";"Allemagne";"Brême";"Semi-Professional";"4000";"35024472"
"8700289";"Sp. Lichtenberg";"Allemagne";"Nord-Est (N)";"Semi-Professional";"1000";"8700008"
"8700291";"Tasmania Berlin";"Allemagne";"Nord-Est (N)";"Semi-Professional";"3500";"8700008"
"8700324";"Rudolstadt";"Allemagne";"Nord-Est (S)";"Semi-Professional";"3000";"8700007"
"8700342";"Sandersdorf";"Allemagne";"Nord-Est (S)";"Semi-Professional";"7000";"8700007"
"8700385";"Kleve";"Allemagne";"Rhin bas";"Semi-Professional";"5056";"91109041"
"8700399";"Mechtersheim";"Allemagne";"Div inf. d'Allemagne";"Semi-Professional";"2186";"8700660"
"8700436";"Weidenhausen";"Allemagne";"Hesse";"Semi-Professional";"1500";"8700003"
"8700445";"Eddersheim";"Allemagne";"Hesse";"Semi-Professional";"4000";"8700003"
"8700472";"Normannia Gmünd";"Allemagne";"Bade-Württemberg";"Semi-Professional";"5000";"8700002"
"8700496";"Offenburg";"Allemagne";"Div inf. d'Allemagne";"Semi-Professional";"15000";"8700660"
"8700504";"Coburg";"Allemagne";"Bavière nord";"Semi-Professional";"4500";"91109039"
"8700533";"Kottern";"Allemagne";"Bavière sud";"Semi-Professional";"5000";"91109040"
"8709080";"Landsberg";"Allemagne";"Bavière sud";"Semi-Professional";"6000";"91109040"
"8709486";"Pfeddersheim";"Allemagne";"Div inf. d'Allemagne";"Semi-Professional";"2500";"8700660"
"8711052";"Hanauer FC";"Allemagne";"Hesse";"Semi-Professional";"800";"8700003"
"8711559";"Wernigerode";"Allemagne";"Nord-Est (S)";"Semi-Professional";"4000";"8700007"
"8712008";"Blumenthal";"Allemagne";"Brême";"Semi-Professional";"5000";"35024472"
"8712345";"Bordesholm";"Allemagne";"Div inf. d'Allemagne";"Semi-Professional";"4500";"8700660"
"8712361";"HEBC";"Allemagne";"Hambourg";"Semi-Professional";"3000";"35024475"
"8712471";"Münster II";"Allemagne";"Westphalie";"Semi-Professional";"1300";"8700005"
"8723276";"Magdeburg II";"Allemagne";"Div. régionale Nord-est";"Semi-Professional";"1000";"91107110"
"8725658";"Brinkum";"Allemagne";"Brême";"Semi-Professional";"2200";"35024472"
"12015153";"Akonangui FC";"Guinée Éq.";"Première division - Conti";"Professional";"10000";"13221307"
"13128383";"Munuki";"Soudan du Sud";"Divisions inférieures du ";"Semi-Professional";"7000";"13211720"
"13161724";"Wolaita Dicha";"Éthiopie";"Première division";"Professional";"1000";"13211690"
"13176183";"CSD Ebenezer";"Guinée Éq.";"D1 insulaire";"Professional";"2000";"13221306"
"14031221";"All Boys (Santa Rosa)";"Argentine";"4ème division non AFA";"Semi-Professional";"4500";"14037261"
"16074708";"FC Buch";"Autriche";"1. Klasse Est (T)";"Semi-Professional";"1500";"16068354"
"16075542";"SV Hinterberg";"Autriche";"Unterliga Nord B (St)";"Semi-Professional";"2500";"16068376"
"18040470";"RCS Verlaine";"Belgique";"Troisième division ACFF B";"Amateur";"2000";"18097867"
"18113721";"RFC Raeren-Eynatten";"Belgique";"Deuxième division ACFF";"Amateur";"1700";"18097863"
"22011462";"Bansko";"Bulgarie";"Ligue 3 SO";"Amateur";"3000";"7500139"
"22029000";"Neftochimic";"Bulgarie";"Ligue 3 SE";"Amateur";"19837";"7500138"
"23151392";"Ayeyawady Utd";"Birmanie";"Ligue nationale";"Professional";"50000";"23090922"
"23159016";"Shabab Rafah";"Palestine";"Premier League Gaza";"Semi-Professional";"5000";"23159013"
"23359269";"QD Red Lions";"Chine";"1ère Division";"Professional";"23000";"131126"
"23502306";"Sabah";"Malaisie";"Ligue nationale";"Amateur";"35250";"2000338502"
"23502351";"LC Sailors";"Singapour";"Premier League";"Semi-Professional";"5000";"2000338503"
"29130446";"Darlington";"Angleterre";"Enterprise North";"Semi-Professional";"3300";"5123054"
"35016261";"Fernwald";"Allemagne";"Hesse";"Semi-Professional";"2500";"8700003"
"35018637";"Buchholz";"Allemagne";"Hambourg";"Semi-Professional";"1500";"35024475"
"35021807";"Baumberg";"Allemagne";"Rhin bas";"Semi-Professional";"1500";"91109041"
"35024566";"Waldalgesheim";"Allemagne";"Div inf. d'Allemagne";"Semi-Professional";"3500";"8700660"
"35024601";"Niendorfer TSV";"Allemagne";"Hambourg";"Semi-Professional";"3500";"35024475"
"35024614";"Bornreihe";"Allemagne";"Div inf. d'Allemagne";"Semi-Professional";"2500";"8700660"
"35024644";"Eckernförde";"Allemagne";"Div inf. d'Allemagne";"Semi-Professional";"3500";"8700660"
"35102287";"Gonsenheim";"Allemagne";"Sud-Est";"Semi-Professional";"3000";"8700004"
"35102291";"Todesfelde";"Allemagne";"Schleswig-Holstein";"Semi-Professional";"1000";"35024476"
"35102292";"SV Rugenbergen";"Allemagne";"Div inf. d'Allemagne";"Semi-Professional";"2500";"8700660"
"35102296";"Hollenbach";"Allemagne";"Bade-Württemberg";"Semi-Professional";"3500";"8700002"
"35103602";"FC Union 60";"Allemagne";"Brême";"Semi-Professional";"1500";"35024472"
"35103833";"Arm. Ludwigshafen";"Allemagne";"Sud-Est";"Semi-Professional";"2700";"8700004"
"35116219";"Germania Egestorf";"Allemagne";"Division de Saxe";"Semi-Professional";"3000";"35102297"
"35116399";"Hennef";"Allemagne";"Rhin moyen";"Semi-Professional";"5000";"91109042"
"35116412";"Türkspor Kiel";"Allemagne";"Schleswig-Holstein";"Semi-Professional";"2500";"35024476"
"35116416";"Dornbreite";"Allemagne";"Div inf. d'Allemagne";"Semi-Professional";"1500";"8700660"
"35116419";"Ennepetal";"Allemagne";"Westphalie";"Semi-Professional";"6200";"8700005"
"35117221";"Ammerthal";"Allemagne";"Div inf. d'Allemagne";"Semi-Professional";"1500";"8700660"
"35117225";"Sonthofen";"Allemagne";"Div inf. d'Allemagne";"Semi-Professional";"5000";"8700660"
"35117234";"Gievenbeck";"Allemagne";"Westphalie";"Semi-Professional";"3000";"8700005"
"35117239";"Sonsbeck";"Allemagne";"Rhin bas";"Semi-Professional";"2000";"91109041"
"35120656";"Wiesbach";"Allemagne";"Sud-Est";"Semi-Professional";"2000";"8700004"
"35130689";"Diefflen";"Allemagne";"Sud-Est";"Semi-Professional";"2000";"8700004"
"35130692";"Neudrossenfeld";"Allemagne";"Bavière nord";"Semi-Professional";"2500";"91109039"
"35130693";"TSV Dachau";"Allemagne";"Div inf. d'Allemagne";"Semi-Professional";"3000";"8700660"
"35130695";"Leher TS";"Allemagne";"Brême";"Amateur";"7000";"35024472"
"35130710";"Süderelbe";"Allemagne";"Hambourg";"Semi-Professional";"2500";"35024475"
"39001208";"Hamar";"Islande";"Quatrième division";"Semi-Professional";"1300";"7841964"
"39002899";"KV";"Islande";"3ème division";"Semi-Professional";"500";"39033648"
"43066396";"Pro Dronero";"Italie";"Eccellenza Piemonte 2";"Semi-Professional";"400";"43064536"
"43076733";"Sersale";"Italie";"Promozione Calabria Grp.A";"Amateur";"1000";"43104617"
"43106474";"Argentina Arma";"Italie";"Seconda Categoria";"Amateur";"500";"43411872"
"43157200";"Castelvetro";"Italie";"-";"Semi-Professional";"500";"-1"
"43269672";"P.C. Tor Sapienza";"Italie";"Eccellenza Lazio Grp.A";"Semi-Professional";"3500";"43064527"
"43315323";"F.C. Sorrento";"Italie";"-";"Amateur";"3300";"-1"
"43320822";"Nibbiano Valtidone";"Italie";"Eccellenza Emilia-Romagna";"Semi-Professional";"450";"43064524"
"58011250";"Energia Luki";"Russie";"Division 2 B - Groupe 2";"Professional";"3500";"2000272303"
"66026705";"Paju";"Corée du Sud";"Ligue K3";"Professional";"23000";"66010517"
"67034817";"Villaverde San Andrés";"Espagne";"D3 Fédé espagnole Gr7";"Semi-Professional";"300";"2000099917"
"67035584";"Danok Bat";"Espagne";"Division 1 U19 d'Espagne ";"Semi-Professional";"1944";"67248625"
"67109614";"C.P. San Cristóbal";"Espagne";"D3 Fédé espagnole Gr5";"Semi-Professional";"500";"2000099915"
"70054205";"Manavgat Bld.";"Turquie";"Régionale amateur G7";"Semi-Professional";"5000";"70086165"
"70055762";"Dersim Spor";"Turquie";"Régionale amateur G1";"Semi-Professional";"3000";"70086159"
"76066099";"Pedro Sellares";"Colombie";"Liga Vallecaucana";"Amateur";"5000";"2000173873"
"82070144";"Hereford";"Angleterre";"Enterprise North";"Semi-Professional";"5214";"5123054"
"91147784";"Essingen";"Allemagne";"Bade-Württemberg";"Semi-Professional";"4000";"8700002"
"91147785";"Backnang";"Allemagne";"Bade-Württemberg";"Semi-Professional";"5000";"8700002"
"91147856";"Mahlsdorf";"Allemagne";"Nord-Est (N)";"Semi-Professional";"2500";"8700008"
"91148097";"Arnstadt";"Allemagne";"Div inf. d'Allemagne";"Semi-Professional";"2000";"8700660"
"91148167";"RSV Eintracht";"Allemagne";"Nord-Est (S)";"Semi-Professional";"3000";"8700007"
"91148171";"Staaken";"Allemagne";"Div inf. d'Allemagne";"Semi-Professional";"1500";"8700660"
"91148280";"Friedberg";"Allemagne";"Hesse";"Semi-Professional";"4000";"8700003"
"91148300";"Dietkirchen";"Allemagne";"Div inf. d'Allemagne";"Semi-Professional";"3000";"8700660"
"91148352";"SV Steinbach";"Allemagne";"Div inf. d'Allemagne";"Semi-Professional";"1000";"8700660"
"91148368";"Karbach";"Allemagne";"-";"Semi-Professional";"0";"-1"
"91148412";"Dudenhofen";"Allemagne";"Sud-Est";"Semi-Professional";"1500";"8700004"
"91148416";"Morlautern";"Allemagne";"Div inf. d'Allemagne";"Semi-Professional";"2500";"8700660"
"91148469";"Harksheide";"Allemagne";"Hambourg";"Semi-Professional";"1500";"35024475"
"91148485";"Wilhelmsburg";"Allemagne";"Hambourg";"Amateur";"2500";"35024475"
"91148518";"Geestemünde";"Allemagne";"Brême";"Semi-Professional";"2000";"35024472"
"91148586";"Fortuna Köln II";"Allemagne";"Rhin moyen";"Semi-Professional";"1500";"91109042"
"91148598";"HSC Hannover";"Allemagne";"Division Rég. Nord";"Semi-Professional";"5000";"26"
"91148602";"Eilvese";"Allemagne";"Div inf. d'Allemagne";"Semi-Professional";"1000";"8700660"
"91148799";"Satrup";"Allemagne";"Schleswig-Holstein";"Semi-Professional";"1000";"35024476"
"91148914";"Hohenwestedt";"Allemagne";"Schleswig-Holstein";"Semi-Professional";"1500";"35024476"
"91148942";"Fortuna Regensburg";"Allemagne";"Bavière nord";"Semi-Professional";"1200";"91109039"
"91149038";"Abtswind";"Allemagne";"Div inf. d'Allemagne";"Semi-Professional";"1500";"8700660"
"91149077";"Kirchanschöring";"Allemagne";"Bavière sud";"Semi-Professional";"1500";"91109040"
"91149085";"Erlbach";"Allemagne";"Bavière sud";"Semi-Professional";"2000";"91109040"
"91149089";"Deisenhofen";"Allemagne";"Bavière sud";"Semi-Professional";"1500";"91109040"
"91149106";"Kirchheimer SC";"Allemagne";"Div inf. d'Allemagne";"Semi-Professional";"5000";"8700660"
"91149126";"Nördlingen";"Allemagne";"Bavière sud";"Semi-Professional";"9000";"91109040"
"91149171";"Endenich";"Allemagne";"Div inf. d'Allemagne";"Semi-Professional";"3500";"8700660"
"91149175";"BW Friesdorf";"Allemagne";"Div inf. d'Allemagne";"Semi-Professional";"1000";"8700660"
"91149225";"Frechen";"Allemagne";"Rhin moyen";"Semi-Professional";"1500";"91109042"
"91149253";"Vichttal";"Allemagne";"Rhin moyen";"Semi-Professional";"2000";"91109042"
"91149271";"Schonnebeck";"Allemagne";"Rhin bas";"Semi-Professional";"1500";"91109041"
"91149403";"Clarholz";"Allemagne";"Westphalie";"Semi-Professional";"1500";"8700005"
"91149430";"Brünninghausen";"Allemagne";"Div inf. d'Allemagne";"Semi-Professional";"2625";"8700660"
"91156704";"Krieschow";"Allemagne";"Nord-Est (S)";"Semi-Professional";"1000";"8700007"
"91156830";"Kornburg";"Allemagne";"Bavière nord";"Semi-Professional";"1700";"91109039"
"91156868";"Gebenbach";"Allemagne";"Bavière nord";"Semi-Professional";"2000";"91109039"
"91156892";"Türkspor Augsburg";"Allemagne";"Bavière sud";"Semi-Professional";"10400";"91109040"
"91157010";"Hemelingen";"Allemagne";"Brême";"Semi-Professional";"2500";"35024472"
"91157076";"Reinfeld";"Allemagne";"Schleswig-Holstein";"Semi-Professional";"1000";"35024476"
"91157145";"Eintracht Celle";"Allemagne";"Div inf. d'Allemagne";"Semi-Professional";"2000";"8700660"
"91157200";"Finnentrop";"Allemagne";"Westphalie";"Semi-Professional";"3000";"8700005"
"91157227";"Siegburg";"Allemagne";"Rhin moyen";"Semi-Professional";"10000";"91109042"
"91157232";"Glesch-Paffendorf";"Allemagne";"Div inf. d'Allemagne";"Semi-Professional";"2000";"8700660"
"91165906";"Meerbusch";"Allemagne";"Rhin bas";"Semi-Professional";"1200";"91109041"
"91173749";"ATSV Erlangen";"Allemagne";"Bavière nord";"Semi-Professional";"3000";"91109039"
"91173942";"Donaustauf";"Allemagne";"Div inf. d'Allemagne";"Semi-Professional";"1500";"8700660"
"91173998";"Makkabi Berlin";"Allemagne";"Nord-Est (N)";"Semi-Professional";"3500";"8700008"
"91174206";"Komet Arsten";"Allemagne";"Div inf. d'Allemagne";"Amateur";"4000";"8700660"
"91174245";"Hanauer SC 1960";"Allemagne";"Hesse";"Semi-Professional";"16000";"8700003"
"91174391";"Quierschied";"Allemagne";"Div inf. d'Allemagne";"Semi-Professional";"5000";"8700660"
"91175375";"Tornesch";"Allemagne";"Div inf. d'Allemagne";"Semi-Professional";"1500";"8700660"
"91176212";"Erlensee";"Allemagne";"Div inf. d'Allemagne";"Semi-Professional";"2500";"8700660"
"91176217";"Büderich";"Allemagne";"Rhin bas";"Semi-Professional";"6000";"91109041"
"91176227";"Königsdorf";"Allemagne";"Rhin moyen";"Semi-Professional";"1500";"91109042"
"91183066";"TuRa Bremen";"Allemagne";"Div inf. d'Allemagne";"Amateur";"4000";"8700660"
"91183353";"Schafhausen";"Allemagne";"Div inf. d'Allemagne";"Semi-Professional";"2000";"8700660"
"91188617";"Düneberg";"Allemagne";"Div inf. d'Allemagne";"Amateur";"2000";"8700660"
"91189359";"RW Walldorf";"Allemagne";"Hesse";"Semi-Professional";"2500";"8700003"
"91189396";"Mutschelbach";"Allemagne";"Div inf. d'Allemagne";"Semi-Professional";"2500";"8700660"
"91189569";"TVD Velbert";"Allemagne";"Div inf. d'Allemagne";"Semi-Professional";"5000";"8700660"
"91201574";"Bövinghausen";"Allemagne";"-";"Semi-Professional";"0";"-1"
"91201748";"Porz";"Allemagne";"Rhin moyen";"Semi-Professional";"5500";"91109042"
"98000197";"Schöftland";"Suisse";"Division inférieure";"Semi-Professional";"2000";"137891"
"98008702";"Spiez";"Suisse";"Division inférieure";"Semi-Professional";"1400";"137891"
"98040199";"Prishtina Bern";"Suisse";"1ère Ligue - Groupe 1";"Amateur";"3500";"5724964"
"2000018941";"Matera Grumentum";"Italie";"-";"Semi-Professional";"7490";"-1"
"2000034649";"Huracán Balazote";"Espagne";"D3 Fédé espagnole Gr18";"Semi-Professional";"1000";"2000099928"
"2000072812";"Schöningen";"Allemagne";"Division Rég. Nord";"Semi-Professional";"5000";"26"
"2000073751";"Marienberg";"Allemagne";"Div inf. d'Allemagne";"Semi-Professional";"4000";"8700660"
"2000073752";"Freital";"Allemagne";"Nord-Est (S)";"Semi-Professional";"5000";"8700007"
"2000074192";"Bitburg";"Allemagne";"Div inf. d'Allemagne";"Semi-Professional";"7000";"8700660"
"2000074285";"Mülheim";"Allemagne";"Div inf. d'Allemagne";"Semi-Professional";"6000";"8700660"
"2000074286";"Hohkeppel";"Allemagne";"Rhin moyen";"Semi-Professional";"2000";"91109042"
"2000074854";"Schermbeck";"Allemagne";"Westphalie";"Semi-Professional";"3400";"8700005"
"2000075623";"Baumholder";"Allemagne";"Div inf. d'Allemagne";"Semi-Professional";"6000";"8700660"
"2000077388";"Holzhausen";"Allemagne";"Div inf. d'Allemagne";"Semi-Professional";"3000";"8700660"
"2000106330";"Dynamo Schwerin";"Allemagne";"Nord-Est (N)";"Semi-Professional";"2000";"8700008"
"2000108649";"RW Koblenz";"Allemagne";"Sud-Est";"Semi-Professional";"9500";"8700004"
"2000110328";"Galapagar";"Espagne";"D3 Fédé espagnole Gr7";"Semi-Professional";"1000";"2000099917"
"2000178195";"Adler Union Frintrop";"Allemagne";"Rhin bas";"Semi-Professional";"1500";"91109041"
"2000185211";"Bekasi City";"Indonésie";"Championnat Groupe 1";"Professional";"30000";"41042741"
"2000185428";"Alsterbrüder";"Allemagne";"Div inf. d'Allemagne";"Amateur";"1000";"8700660"
"2000185431";"ETSV Hamburg";"Allemagne";"Hambourg";"Semi-Professional";"500";"35024475"
"2000186069";"SV Meppen II";"Allemagne";"Division de Saxe";"Semi-Professional";"1000";"35102297"
"2000197611";"Cosmos Koblenz";"Allemagne";"Sud-Est";"Semi-Professional";"4000";"8700004"
"2000200834";"Türkspor Dortmund";"Allemagne";"Westphalie";"Semi-Professional";"1500";"8700005"
"2000203007";"SC St. Tönis";"Allemagne";"Rhin bas";"Semi-Professional";"2000";"91109041"
"2000233873";"Anenii Noi";"Moldavie";"Ligue féminine";"Semi-Professional";"1500";"2000233874"
"2000233911";"Nimoreni";"Moldavie";"Ligue féminine";"Semi-Professional";"4300";"2000233874"
"2000262067";"United PDX";"États-Unis";"USSL W League";"Semi-Professional";"0";"2000335881"
"2000262106";"Stockton Cargo SC";"États-Unis";"USSL W League";"Semi-Professional";"0";"2000335881"
"2000278004";"Belceanka";"Moldavie";"Ligue féminine";"Semi-Professional";"5953";"2000233874"
"2000278009";"Real Succes";"Moldavie";"Ligue féminine";"Semi-Professional";"150";"2000233874"
"2000278593";"Ekonomist";"Monténégro";"Ligue féminine";"Semi-Professional";"5214";"2000232846"
"2000314656";"Rhyl 1879";"Pays de Galles";"-";"Amateur";"3000";"-1"
"2000328011";"Tauro";"Panama";"Première Division";"Semi-Professional";"0";"2000338488"
"2000328112";"FS Nanshi";"Chine";"1ère Division";"Professional";"8000";"131126"
"2000337541";"St Mirren";"Écosse";"L1 féminine d'Écosse";"Amateur";"200";"2000337547"
"2000337543";"Queen of the South";"Écosse";"L1 féminine d'Écosse";"Semi-Professional";"0";"2000337547"
"2000338408";"Lancaster Inferno FC";"États-Unis";"USSL W League";"Semi-Professional";"0";"2000335881"
"2000339041";"Flatirons FC";"États-Unis";"USSL W League";"Semi-Professional";"0";"2000335881"
"2000351236";"Nicu Gane Falticeni";"Roumanie";"D3 - Séries 1";"Amateur";"4000";"2000351341"
"2000351256";"FC Botosani";"Roumanie";"D3 - Séries 1";"Amateur";"0";"2000351341"
"2000351258";"KSE Târgu Secuiesc";"Roumanie";"D3 - Séries 1";"Amateur";"0";"2000351341"
"2000362143";"FC Chisinau";"Moldavie";"Ligue féminine";"Semi-Professional";"0";"2000233874"
"2000380442";"Murcia Promises";"Espagne";"Division régionale";"Semi-Professional";"1500";"115064"
"2000413688";"Gloria Buzau";"Roumanie";"D3 - Séries 1";"Amateur";"0";"2000351341"
"2000433428";"Emulation";"Martinique";"LFF de Martinique";"Amateur";"1250";"2000274212"
"2000439191";"HangZ LP Wuyue";"Chine";"D2 Nord";"Professional";"10200";"1002872"
"2000457999";"B&O Los Embajadores";"Colombie";"3ème Division";"Amateur";"750";"5260949"
"2000461700";"DL Kewei";"Chine";"3ème Division";"Professional";"3975";"5627655"
"2000483007";"Legends F.C.";"Colombie";"Liga de Cundinamarca";"Amateur";"2500";"2000173858"
"635";"Chorley";"Angleterre";"Enterprise North";"Semi-Professional";"4100";"5123054"
"716";"St. Albans City";"Angleterre";"Première Ligue Isthmian";"Semi-Professional";"5007";"5103714"
"733";"Welling";"Angleterre";"Première Ligue Isthmian";"Semi-Professional";"4500";"5103714"
"1242";"Hamrun S.";"Malte";"Premiership";"Semi-Professional";"17797";"2300050"
"1805";"IFK Luleå";"Suède";"D2 Div. Norrland North";"Semi-Professional";"5000";"2000437818"
"1818";"Motala";"Suède";"2ème Division Est";"Semi-Professional";"8500";"56"
"1840";"Västra Frölunda";"Suède";"2ème Division Ouest G";"Semi-Professional";"5550";"58"
"2354";"Kozakken Boys";"Pays-Bas";"Tweede Divisie des Pays-B";"Amateur";"5000";"37059991"
"2518";"Olympic";"Suède";"1ère Division Sud";"Semi-Professional";"1000";"8114887"
"2557";"Husqvarna FF";"Suède";"1ère Division Sud";"Semi-Professional";"3500";"8114887"
"130031";"Institute";"Irlande du Nord";"NIFL Championship";"Semi-Professional";"6242";"130024"
"137941";"Widnau";"Suisse";"1ère Ligue - Groupe 3";"Semi-Professional";"2500";"5724966"
"301172";"MCL";"Brésil";"Division inférieure";"Professional";"40000";"19102111"
"301316";"Marcílio Dias";"Brésil";"D4";"Professional";"7500";"19127222"
"477394";"Zénith Penza";"Russie";"Division 2 B - Groupe 3";"Professional";"500";"2000272305"
"519711";"EBK";"Finlande";"D3 Eteläinen A";"Semi-Professional";"800";"2000383438"
"539023";"KFC Sint-Lenaarts";"Belgique";"Troisième division VV B";"Amateur";"2500";"18097865"
"618372";"Hammarby TFF";"Suède";"1ère Division Nord";"Professional";"3100";"8114888"
"700275";"Civitavecchia";"Italie";"Eccellenza Lazio Grp.A";"Semi-Professional";"600";"43064527"
"707646";"Astrea";"Italie";"Eccellenza Lazio Grp.A";"Semi-Professional";"2500";"43064527"
"775362";"Ritsumeikan Univ.";"Japon";"-";"Amateur";"500";"-1"
"792295";"Marutaka";"Japon";"Nippon Soccer League";"Semi-Professional";"5000";"107256"
"800962";"Spjelkavik";"Norvège";"3ème division Groupe 2";"Amateur";"1500";"53057342"
"801552";"Gjelleråsen";"Norvège";"D4 Akershus";"Amateur";"450";"53162002"
"831236";"Bagnolese";"Italie";"Promozione Emilia-Romagna";"Amateur";"1000";"43104623"
"831345";"Civitanovese";"Italie";"Eccellenza Marche";"Semi-Professional";"3700";"43064533"
"879420";"Braunschweig II";"Allemagne";"Division de Saxe";"Semi-Professional";"3000";"35102297"
"900996";"América (RJ)";"Brésil";"Division inférieure";"Professional";"13000";"19102111"
"928485";"Silkeborg KFUM";"Danemark";"Danmarksserien, pulje 3";"Amateur";"10000";"27001496"
"1103878";"Tvååker";"Suède";"2ème Division Ouest G";"Semi-Professional";"2000";"58"
"1300736";"Džiugas";"Lituanie";"TOPsport A lyga";"Professional";"3000";"2300046"
"1900709";"Warrenpoint";"Irlande du Nord";"NIFL Championship";"Semi-Professional";"4000";"130024"
"4212658";"Santurtzi";"Espagne";"D3 Fédé espagnole Gr4";"Semi-Professional";"3000";"2000099914"
"4212917";"Betis Séville B";"Espagne";"D3 Fédé espagnole Gr2";"Semi-Professional";"3000";"2000099912"
"5100145";"Weymouth";"Angleterre";"Southern League Premier S";"Semi-Professional";"6600";"94048276"
"5100163";"Oxford City";"Angleterre";"Enterprise North";"Semi-Professional";"3100";"5123054"
"5100186";"Hampton & Richmond";"Angleterre";"Enterprise South";"Semi-Professional";"3800";"5123055"
"5251725";"Deportes Iberia";"Chili";"Association du football a";"Semi-Professional";"3200";"75042234"
"5340748";"TAFIC";"Botswana";"Première division";"Professional";"27000";"13211659"
"5340946";"Highlanders FC";"Zimbabwe";"Première division";"Professional";"40000";"13190228"
"5340973";"Dragons FC";"Bénin";"Ligue 1 du Bénin";"Professional";"15000";"13211624"
"5410639";"Krka";"Slovénie";"2ème Division";"Semi-Professional";"760";"7580001"
"5512151";"Dempo";"Inde";"Championnat National";"Professional";"19400";"5624525"
"5635285";"Sahab SC";"Jordanie";"Deuxième division Grp B";"Professional";"1000";"2000113983"
"5645555";"Usti nad Orlici";"Rép. tchèque";"Troisième division CFL B";"Semi-Professional";"3900";"25060473"
"5647958";"Uherský Brod";"Rép. tchèque";"4ème Division E";"Semi-Professional";"3900";"136047"
"5648418";"Velké Mezirící";"Rép. tchèque";"4ème Division D";"Semi-Professional";"3900";"136046"
"5723562";"Frauenfeld";"Suisse";"Division inférieure";"Semi-Professional";"5375";"137891"
"5724407";"Schaffhouse";"Suisse";"1ère Ligue - Groupe 3";"Amateur";"1000";"5724966"
"5725053";"Signal FC";"Suisse";"Ligue 2 Inter Gr 1";"Semi-Professional";"1500";"98005769"
"5725063";"Stade-Payerne";"Suisse";"1ère Ligue - Groupe 1";"Semi-Professional";"1100";"5724964"
"5727250";"Kickers Luzern";"Suisse";"Division inférieure";"Semi-Professional";"2950";"137891"
"6706358";"Fraga";"Espagne";"Preferente Aragón Gr. 1";"Semi-Professional";"4000";"67101219"
"7440956";"Lenense";"Espagne";"D3 Fédé espagnole Gr2";"Semi-Professional";"2000";"2000099912"
"7441099";"San Rafael";"Espagne";"Ibiza-Formentera";"Semi-Professional";"1000";"67101224"
"7452075";"Tres Cantos";"Espagne";"D3 Fédé espagnole Gr7";"Semi-Professional";"1000";"2000099917"
"7452155";"La Solana";"Espagne";"D3 Fédé espagnole Gr18";"Semi-Professional";"1500";"2000099928"
"7521279";"Pénzügyõr";"Hongrie";"Division III - Sud-Ouest";"Semi-Professional";"2028";"2000270611"
"7521295";"Bonyhád";"Hongrie";"divison inférieure";"Semi-Professional";"2500";"7520394"
"7540072";"Gilortul";"Roumanie";"D3 roumaine groupe 6";"Semi-Professional";"800";"57015182"
"7983715";"Pontisola";"Italie";"-";"Semi-Professional";"2000";"-1"
"7983764";"Acqui FC";"Italie";"Eccellenza Piemonte 2";"Semi-Professional";"1500";"43064536"
"8325012";"South Shields";"Angleterre";"Enterprise North";"Professional";"3800";"5123054"
"12008341";"Real de Banjul";"Gambie";"Première division Gambie";"Semi-Professional";"3000";"13211633"
"13102259";"AS Douanes (NER)";"Niger";"Super Ligue";"Professional";"5000";"13211700"
"13106467";"Mufulira Wanderers";"Zambie";"Premier League de Zambie";"Professional";"10000";"13135082"
"13133303";"AS GNN";"Niger";"Super Ligue";"Professional";"5000";"13211700"
"13147130";"Ayéma FC";"Bénin";"Ligue 1 du Bénin";"Professional";"3000";"13211624"
"13162376";"Al-Ghazala SC";"Soudan du Sud";"Première division";"Amateur";"1000";"13211718"
"16001232";"Union Henndorf";"Autriche";"Ligue de Salzbourg";"Semi-Professional";"1500";"16057919"
"16001265";"S.V. Absam";"Autriche";"Tirol";"Semi-Professional";"1500";"16000665"
"19392509";"Azuriz";"Brésil";"D4";"Professional";"2100";"19127222"
"23007333";"Old Road (ATG)";"Antigua-et-Barbuda";"Première division";"Semi-Professional";"12000";"20017552"
"23191645";"Shabab Khan Yunis";"Palestine";"Premier League Gaza";"Semi-Professional";"4000";"23159013"
"23502104";"Sha Tin";"Hong Kong (RP de Chine)";"Première Division";"Semi-Professional";"2928";"2000338501"
"30002707";"Hornchurch";"Angleterre";"Enterprise South";"Semi-Professional";"3500";"5123055"
"30015287";"Farnborough";"Angleterre";"Enterprise South";"Semi-Professional";"6500";"5123055"
"35130706";"Dreieich";"Allemagne";"-";"Amateur";"0";"-1"
"38005147";"Dunaharaszti";"Hongrie";"Division III - Sud-Est";"Semi-Professional";"1200";"2000270609"
"39002901";"Kári";"Islande";"Deuxième division";"Semi-Professional";"800";"39030708"
"39009059";"KFG";"Islande";"Deuxième division";"Semi-Professional";"1400";"39030708"
"40030275";"Kashmir FC";"Inde";"Championnat National";"Professional";"10000";"5624525"
"43036957";"HinterReggio";"Italie";"-";"Amateur";"1500";"-1"
"43066139";"Verbano";"Italie";"Promozione Lombardia Grp.";"Amateur";"800";"43104637"
"43076654";"Abano";"Italie";"Seconda Categoria";"Amateur";"400";"43411872"
"43076718";"Cannara";"Italie";"Série D Grp.E";"Semi-Professional";"500";"1400404"
"43156703";"Fontanafredda";"Italie";"Eccellenza Friuli-Venezia";"Semi-Professional";"3361";"43064526"
"43156728";"Ponsacco";"Italie";"Prima Categoria Toscana G";"Amateur";"3220";"43411862"
"47094382";"Riteriai";"Lituanie";"TOPsport A lyga";"Professional";"5067";"2300046"
"57015200";"Cetatea Turnu Magurele";"Roumanie";"D3 roumaine groupe 5";"Semi-Professional";"1434";"57015181"
"57061157";"Gloria Baneasa";"Roumanie";"D3 roumaine groupe 3";"Semi-Professional";"0";"57015179"
"62160090";"Ušce";"Serbie";"D1 serbe";"Semi-Professional";"2954";"5776050"
"67041045";"Utiel";"Espagne";"D3 Fédé espagnole Gr6";"Semi-Professional";"1500";"2000099916"
"67174172";"Anaitasuna";"Espagne";"División Honor Regional G";"Semi-Professional";"500";"67101194"
"67204085";"Palencia";"Espagne";"-";"Semi-Professional";"8078";"-1"
"67224661";"Unión Puerto";"Espagne";"Preferente Las Palmas";"Semi-Professional";"2000";"67101211"
"67224686";"Ciudad de Murcia";"Espagne";"Preferente Murcia";"Semi-Professional";"2500";"67101213"
"68012711";"Karlbergs BK";"Suède";"1ère Division Nord";"Semi-Professional";"1000";"8114888"
"69000897";"Tavannes";"Suisse";"Division inférieure";"Semi-Professional";"1800";"137891"
"76003774";"Risaralda F.C.";"Colombie";"3ème Division";"Amateur";"750";"5260949"
"76040919";"Atlético Manizales";"Colombie";"Liga Caldense de Fútbol";"Amateur";"6000";"2000173850"
"82061853";"Weymouth Wales";"Barbade";"Premier League";"Professional";"2000";"82061861"
"82062458";"ASU Grand Santi";"Guyane";"Régional 1 de Guyane";"Semi-Professional";"750";"82062411"
"82062628";"Gauloise";"Guadeloupe";"Régionale 1";"Semi-Professional";"1500";"82062570"
"86042780";"Atlético Bermejo";"Bolivie";"Division inférieure";"Semi-Professional";"5000";"19166141"
"90018558";"King's Lynn";"Angleterre";"Enterprise North";"Professional";"8200";"5123054"
"98000168";"Echichens";"Suisse";"Ligue 2 Inter Gr 1";"Semi-Professional";"800";"98005769"
"98000340";"Hergiswil";"Suisse";"Ligue 2 Inter Gr 4";"Semi-Professional";"2000";"98005772"
"98000611";"Wettingen";"Suisse";"Division inférieure";"Amateur";"10000";"137891"
"98010036";"Adliswil";"Suisse";"Division inférieure";"Semi-Professional";"3000";"137891"
"98010061";"Bubendorf";"Suisse";"Division inférieure";"Semi-Professional";"700";"137891"
"98010102";"Veyrier Sports";"Suisse";"Division inférieure";"Semi-Professional";"1340";"137891"
"98010115";"Azzurri 90 LS";"Suisse";"Division inférieure";"Semi-Professional";"600";"137891"
"2000069669";"Maracaneiros";"Colombie";"Liga de Bogota";"Amateur";"750";"2000173840"
"2000107693";"Talentos G.V.";"Colombie";"Liga Vallecaucana";"Amateur";"3500";"2000173873"
"2000111007";"Uraba Antioquia";"Colombie";"3ème Division";"Amateur";"1000";"5260949"
"2000112488";"Alba";"Italie";"-";"Semi-Professional";"2050";"-1"
"2000112622";"Paracuellos";"Espagne";"-";"Semi-Professional";"700";"-1"
"2000117720";"Kanteranos FC";"Colombie";"Liga de Bogota";"Amateur";"2500";"2000173840"
"2000127992";"Quinta Oriental";"Colombie";"Liga del N. de Santander";"Amateur";"1000";"2000173868"
"2000131910";"Heraclea";"Italie";"Série D Grp.H";"Semi-Professional";"11318";"1400407"
"2000172515";"Celeste F.C.";"Colombie";"Liga de Bolivar";"Amateur";"2500";"2000173842"
"2000173681";"London Bees";"Angleterre";"D1 nat. fém SE";"Semi-Professional";"5419";"2000168704"
"2000173736";"Sporting Caquetá";"Colombie";"Liga de Caquetá";"Amateur";"6000";"2000173851"
"2000173962";"Alberto Zamora F.C.";"Colombie";"Division 1 U20";"Amateur";"500";"76050811"
"2000177753";"Incauca F.C.";"Colombie";"Liga Vallecaucana";"Amateur";"5000";"2000173873"
"2000232814";"Oqjetpes";"Kazakhstan";"Championnat";"Semi-Professional";"4158";"2000232680"
"2000233913";"Istatov";"Macédoine du N.";"Ligue 1";"Amateur";"200";"2000233879"
"2000254310";"Derry City";"Irlande du Nord";"Premiership";"Semi-Professional";"6242";"2000210815"
"2000256303";"Sogndal";"Norvège";"Deuxième division Gr 2";"Amateur";"5526";"2000367203"
"2000260967";"ShenZ Juniors";"Chine";"1ère Division";"Professional";"40000";"131126"
"2000260968";"SH Second";"Chine";"3ème Division";"Semi-Professional";"1500";"5627655"
"2000262519";"Bella Italia";"Uruguay";"1ère div. amateur";"Semi-Professional";"2050";"5512772"
"2000284708";"DUX Logroño";"Espagne";"Division 2 U19 d'Espagne ";"Semi-Professional";"1000";"67248774"
"2000332551";"Boo FF";"Suède";"Première div. - Centre";"Amateur";"1000";"2000327938"
"2000338714";"Brooke House FC";"États-Unis";"USSL W League";"Semi-Professional";"0";"2000335881"
"2000338869";"AC Houston Sur";"États-Unis";"USSL W League";"Semi-Professional";"0";"2000335881"
"2000339177";"Montevideo Wanderers";"Uruguay";"Première Division";"Amateur";"100";"2000338480"
"2000360633";"AS Anonymes";"Guadeloupe";"Première Division";"Amateur";"2500";"2000274184"
"2000360709";"Siroco";"Guadeloupe";"Première Division";"Amateur";"2500";"2000274184"
"2000361255";"Avenir (MTQ)";"Martinique";"LFF de Martinique";"Amateur";"1000";"2000274212"
"2000399647";"Lanciano F.C.";"Italie";"Eccellenza Abruzzo";"Semi-Professional";"250";"43064519"
"712";"Slough";"Angleterre";"Enterprise South";"Semi-Professional";"3453";"5123055"
"1118";"Castel di Sangro";"Italie";"Eccellenza Molise";"Semi-Professional";"7220";"43064534"
"1317";"Grei";"Norvège";"3ème division Groupe 6";"Amateur";"3825";"53057346"
"133676";"Rangers (HKG)";"Hong Kong (RP de Chine)";"1ère Division";"Professional";"1500";"5624449"
"308939";"ADM";"Brésil";"D4";"Professional";"4000";"19127222"
"432167";"Souths Utd";"Australie";"FQ Premier League 2";"Semi-Professional";"3825";"2000085505"
"459103";"B. Özgüzelderespor";"Turquie";"Régionale amateur G1";"Semi-Professional";"2550";"70086159"
"814680";"Sóller";"Espagne";"Preferente Mallorca";"Amateur";"2500";"67101209"
"814980";"Torrijos";"Espagne";"1ª Aut.Pref. La Mancha G2";"Semi-Professional";"2500";"67101222"
"831116";"Sestrese";"Italie";"-";"Amateur";"3000";"-1"
"831246";"Virtus Castelfranco";"Italie";"Promozione Emilia-Romagna";"Amateur";"1280";"43104625"
"832137";"Bojano";"Italie";"Eccellenza Molise";"Semi-Professional";"3368";"43064534"
"1000037";"Albirex (S)";"Singapour";"Champ. Singapour";"Professional";"3000";"5395850"
"4212153";"Carabanchel";"Espagne";"D3 Fédé espagnole Gr7";"Semi-Professional";"2000";"2000099917"
"5100139";"Tonbridge";"Angleterre";"Enterprise South";"Semi-Professional";"3026";"5123055"
"5100225";"Hemel Hempstead";"Angleterre";"Enterprise South";"Semi-Professional";"3400";"5123055"
"5340050";"Kaerjeng";"Luxembourg";"Division Nationale";"Semi-Professional";"2400";"5340000"
"5512123";"Hala";"Bahreïn";"D1";"Semi-Professional";"20000";"1039314"
"5622839";"Pyongyang";"Corée du Nord";"Ligue nord-coréenne";"Semi-Professional";"10000";"23100525"
"5626771";"DPMM FC";"Brunei";"Super League";"Professional";"29800";"5624536"
"5629009";"Kaya Futbol Club";"Philippines";"Ligue de Football";"Professional";"12873";"23390834"
"7452074";"H. Alicante B";"Espagne";"D3 Fédé espagnole Gr6";"Professional";"29500";"2000099916"
"7500390";"Dimitrovgrad 1947";"Bulgarie";"Ligue 3 SE";"Amateur";"10000";"7500138"
"7500393";"Asenovets";"Bulgarie";"Ligue 3 SE";"Amateur";"4000";"7500138"
"7580708";"Krsko";"Slovénie";"2ème Division";"Semi-Professional";"1470";"7580001"
"8151826";"VV Zepperen-Brustem";"Belgique";"Troisième division VV B";"Amateur";"1500";"18097865"
"8156993";"SK Lochristi";"Belgique";"Provinciale Flandres-Ori.";"Amateur";"1000";"8154772"
"8488407";"Bartinspor";"Turquie";"Régionale amateur G4";"Semi-Professional";"5300";"70086162"
"8632568";"Espoir FC";"Bénin";"Ligue 1 du Bénin";"Professional";"5000";"13211624"
"22029138";"Atletik Kuklen";"Bulgarie";"Ligue 3 SE";"Amateur";"1000";"7500138"
"23007433";"Police (GUY)";"Guyana";"Super Ligue";"Semi-Professional";"700";"45082433"
"23090908";"Al-Urooba Zabid";"Yémen";"First Division A";"Semi-Professional";"3000";"2000416310"
"23348858";"Shan Utd";"Birmanie";"Ligue nationale";"Professional";"3500";"23090922"
"23502301";"Selangor";"Malaisie";"Ligue nationale";"Amateur";"10000";"2000338502"
"23502352";"Albirex (S)";"Singapour";"Premier League";"Semi-Professional";"5000";"2000338503"
"25021182";"Povltavsko";"Rép. tchèque";"4ème Division A";"Semi-Professional";"0";"136043"
"30021186";"Scarborough Athletic";"Angleterre";"Enterprise North";"Semi-Professional";"3000";"5123054"
"31041733";"S.F.C. Minerva";"Espagne";"D3 Fédé espagnole Gr13";"Semi-Professional";"200";"2000099923"
"38001913";"Hajdúszoboszló";"Hongrie";"divison inférieure";"Professional";"3500";"7520394"
"38059942";"PTE-PEAC";"Hongrie";"Division III - Sud-Ouest";"Semi-Professional";"1500";"2000270611"
"38060233";"Majos";"Hongrie";"Division III - Sud-Ouest";"Semi-Professional";"600";"2000270611"
"43006439";"Darfo Boario";"Italie";"Eccellenza Lombardia 3";"Semi-Professional";"1200";"43064532"
"43018338";"Palazzolo Acreide";"Italie";"Eccellenza Sicilia 2";"Semi-Professional";"1000";"43064540"
"43058684";"Mazara";"Italie";"Promozione Sicilia Grp.A";"Amateur";"4266";"43104653"
"43076618";"Castiadas";"Italie";"Promozione Sardegna Grp.A";"Amateur";"250";"43104651"
"43076714";"Bastia Umbra";"Italie";"Eccellenza Umbria";"Semi-Professional";"1500";"43064544"
"43106726";"Calvi Noale";"Italie";"Série D Grp.C";"Semi-Professional";"1500";"1400402"
"43269684";"Verbania";"Italie";"Eccellenza Piemonte 1";"Semi-Professional";"2500";"43064535"
"57086179";"Urban Titu";"Roumanie";"D3 roumaine groupe 4";"Semi-Professional";"0";"57015180"
"66010007";"Mokpo";"Corée du Sud";"Ligue K3";"Semi-Professional";"10000";"66010517"
"67016657";"Avance";"Espagne";"D3 Fédé espagnole Gr15";"Amateur";"1000";"2000099925"
"67105855";"Noia";"Espagne";"D3 Fédé espagnole Gr1";"Semi-Professional";"1500";"2000099911"
"67128757";"Utrillas";"Espagne";"D3 Fédé espagnole Gr17";"Amateur";"900";"2000099927"
"67156633";"At. Ibañés";"Espagne";"Division régionale";"Semi-Professional";"1800";"115064"
"67174026";"C.F. El Castillo";"Espagne";"Division régionale";"Semi-Professional";"5000";"115064"
"67221431";"Cariñena";"Espagne";"D3 Fédé espagnole Gr17";"Semi-Professional";"1000";"2000099927"
"67224636";"Rayo Ibense";"Espagne";"Comunitat Valenciana 2";"Semi-Professional";"400";"2000289882"
"67243414";"Silla";"Espagne";"Comunitat Valenciana 1";"Semi-Professional";"4100";"2000289880"
"67243424";"Espeleño";"Espagne";"División Honor Andalucía ";"Semi-Professional";"1000";"67246444"
"67248708";"Bansander";"Espagne";"Division 1 U19 d'Espagne ";"Semi-Professional";"1200";"67248615"
"67256160";"E.I. San Martín";"Espagne";"D3 Fédé espagnole Gr2";"Semi-Professional";"5000";"2000099912"
"67276616";"Mazarrón";"Espagne";"D3 Fédé espagnole Gr13";"Semi-Professional";"7000";"2000099923"
"67291343";"At. Porcuna";"Espagne";"D3 Fédé espagnole Gr9";"Amateur";"500";"2000099919"
"85103152";"AS Lössi";"Nlle-Calédonie";"Division d'Honneur";"Semi-Professional";"10500";"8457145"
"98002353";"Liestal";"Suisse";"Ligue 2 Inter Gr 3";"Semi-Professional";"5300";"98005771"
"98005370";"Pratteln";"Suisse";"Ligue 2 Inter Gr 3";"Semi-Professional";"5200";"98005771"
"2000239225";"NEC FC";"Ouganda";"Premier League";"Professional";"10000";"39037297"
"2000241094";"Deportivo Lugo";"Colombie";"Liga Antioqueña";"Amateur";"750";"2000173837"
"2000261983";"Christos FC";"États-Unis";"USSL W League";"Semi-Professional";"0";"2000335881"
"2000261989";"AFC Ann Arbor";"États-Unis";"USSL W League";"Semi-Professional";"5000";"2000335881"
"2000262000";"Chicago City";"États-Unis";"USSL W League";"Semi-Professional";"0";"2000335881"
"2000262007";"Rochester FC";"États-Unis";"USSL W League";"Semi-Professional";"5000";"2000335881"
"2000278332";"AS United";"Macédoine du N.";"Ligue 1";"Amateur";"300";"2000233879"
"2000278333";"Skopje 2014";"Macédoine du N.";"Ligue 1";"Amateur";"200";"2000233879"
"2000278595";"Mladost 2015";"Monténégro";"Ligue féminine";"Semi-Professional";"300";"2000232846"
"2000279777";"Sestrese Bor.";"Italie";"Promozione Liguria Grp.A";"Amateur";"3000";"43104633"
"2000314828";"Taffs Well";"Pays de Galles";"D2 Sud";"Amateur";"2930";"2000314851"
"2000338444";"USL W Carolina";"États-Unis";"USSL W League";"Semi-Professional";"10500";"2000335881"
"2000339019";"Albion SC Colorado";"États-Unis";"USSL W League";"Semi-Professional";"0";"2000335881"
"2000460143";"Alianza Nacional F.C.";"Colombie";"3ème Division";"Amateur";"2500";"5260949"
"76";"1° de Maio";"Angola";"Girabola";"Amateur";"5000";"12034515"
"330";"PAR";"Brésil";"Division inférieure";"Professional";"17500";"19102111"
"837";"Louhans-Cuiseaux FC";"France";"Régional 1 - Bourgogne-Fr";"Amateur";"9750";"2000003926"
"842";"FC Gueugnon";"France";"Régional 1 - Bourgogne-Fr";"Amateur";"13148";"2000003925"
"863";"Olympique Alès Cévènnes";"France";"National 3 - Groupe H";"Semi-Professional";"10000";"2000279699"
"869";"Canet Roussillon FC";"France";"National 3 - Groupe A";"Semi-Professional";"1800";"2000279692"
"1051";"Csepel";"Hongrie";"Division III - Sud-Est";"Semi-Professional";"12000";"2000270609"
"1272";"Ards";"Irlande du Nord";"NIFL Championship";"Semi-Professional";"2750";"130024"
"1395";"Sprint-Jeløy";"Norvège";"D4 Østfold";"Semi-Professional";"1200";"53162001"
"1473";"Estrela Amadora";"Portugal";"Div rég. Inférieures";"Amateur";"2000";"83148877"
"1547";"Civil Service";"Écosse";"Lowland League d'Écosse";"Semi-Professional";"1596";"61063387"
"1549";"Clydebank";"Écosse";"Lowland League d'Écosse";"Semi-Professional";"1200";"61063387"
"1887";"Karpaty";"Ukraine";"-";"Professional";"0";"-1"
"1965";"RCO Agde";"France";"National 3 - Groupe A";"Semi-Professional";"3000";"2000279692"
"1978";"Blagnac FC";"France";"National 3 - Groupe A";"Semi-Professional";"2800";"2000279692"
"1994";"SR Colmar (ext)";"France";"-";"Semi-Professional";"1970";"-1"
"2004";"FC Flers";"France";"Régional 1 - Normandie - ";"Amateur";"1400";"2000003923"
"2007";"FC Saint-Lô Manche";"France";"Régional 1 - Normandie - ";"Amateur";"4659";"2000003923"
"2011";"Trélissac FC";"France";"Régional 1 - Nouvelle Aqu";"Amateur";"2800";"2000003911"
"2013";"Vendée Fontenay Foot";"France";"National 3 - Groupe B";"Semi-Professional";"3500";"2000279693"
"2032";"FC Montceau Bourgogne";"France";"Régional 1 - Bourgogne-Fr";"Amateur";"6000";"2000003925"
"2040";"Stade Plabennécois";"France";"Régional 1 - Bretagne - P";"Amateur";"3000";"2000003909"
"2042";"GSI Pontivy";"France";"National 3 - Groupe C";"Semi-Professional";"3140";"2000279694"
"2046";"US Raon-l'Etape";"France";"Regional 1 - Grand Est - ";"Amateur";"4000";"2000003917"
"2049";"SO Romorantin";"France";"National 3 - Groupe G";"Semi-Professional";"6200";"2000279698"
"2055";"Olympique Saint-Quentin";"France";"National 3 - Groupe E";"Semi-Professional";"10000";"2000279696"
"2063";"SO Châtellerault";"France";"National 3 - Groupe B";"Semi-Professional";"4800";"2000279693"
"2070";"US Ivry Football";"France";"National 3 - Groupe F";"Semi-Professional";"2000";"2000279697"
"2150";"Assyriska FF";"Suède";"1ère Division Nord";"Semi-Professional";"6700";"8114888"
"2165";"Sleipner";"Suède";"2ème Division Est";"Semi-Professional";"16000";"55"
"2221";"Sandonà";"Italie";"Eccellenza Veneto 2";"Semi-Professional";"2500";"43064546"
"2345";"GVVV";"Pays-Bas";"Tweede Divisie des Pays-B";"Amateur";"4000";"37059991"
"2431";"Guarda";"Portugal";"Première division Guarda";"Semi-Professional";"5000";"83141266"
"2459";"Nazarenos";"Portugal";"Division d'honneur Leiria";"Amateur";"3000";"83141253"
"2603";"Kristianstad FC";"Suède";"2ème Division SG";"Semi-Professional";"3080";"53"
"102362";"Atlético Marte";"Salvador";"El Salvador Lower Leagues";"Professional";"58360";"2000420315"
"102363";"Municipal Limeño";"Salvador";"Première Division";"Professional";"3000";"87001116"
"102375";"Piñar del Río";"Cuba";"Ligue nationale";"Semi-Professional";"3750";"19166492"
"107323";"Hannan Univ.";"Japon";"-";"Amateur";"500";"-1"
"109122";"Ulfstind";"Norvège";"3ème division Groupe 1";"Amateur";"3000";"53057341"
"112031";"Weston-super-Mare";"Angleterre";"Enterprise South";"Semi-Professional";"3500";"5123055"
"114579";"Proodeftiki";"Grèce";"DAG - Piraeus";"Semi-Professional";"4361";"36042399"
"129149";"Närpes Kraft";"Finlande";"2e Division Groupe C";"Semi-Professional";"2000";"33000120"
"129184";"PIF";"Finlande";"D3 Eteläinen A";"Amateur";"1300";"2000383441"
"129851";"Rudar";"Croatie";"4e Division Ouest";"Semi-Professional";"3000";"661722"
"130058";"Nadi";"Fidji";"Fiji National League";"Semi-Professional";"10000";"8457149"
"130762";"Ikapa Sporting";"Afrique du Sud";"D4 SAFA Western Cape";"Semi-Professional";"9000";"65025764"
"131258";"KAC Marrakech";"Maroc";"Première division";"Professional";"45240";"12019395"
"131261";"Jeanne d'Arc";"Sénégal";"National 1 du Sénégal - P";"Semi-Professional";"10000";"12093787"
"135390";"Ittihad Shajeiyah";"Palestine";"Premier League Gaza";"Semi-Professional";"8200";"23159013"
"135405";"Al Sha'ab Ibb";"Yémen";"First Division B";"Semi-Professional";"50000";"2000416311"
"135518";"Persikota";"Indonésie";"Ligue Nuswantara";"Professional";"20000";"41042746"
"136150";"Chomutov";"Rép. tchèque";"4ème Division B";"Semi-Professional";"10000";"136044"
"136200";"Kolin";"Rép. tchèque";"Troisième division CFL B";"Semi-Professional";"1500";"25060473"
"136205";"Kladno";"Rép. tchèque";"3ème DivisionCFL";"Semi-Professional";"4000";"136041"
"136252";"Benesov";"Rép. tchèque";"4ème Division A";"Semi-Professional";"8500";"136043"
"143844";"AS Vitré";"France";"National 3 - Groupe C";"Semi-Professional";"3000";"2000279694"
"301142";"Rio Branco (ES)";"Brésil";"D4";"Professional";"21000";"19127222"
"301184";"Democrata";"Brésil";"Division inférieure";"Professional";"8675";"19102111"
"303018";"CRAC";"Brésil";"Division inférieure";"Professional";"7500";"19102111"
"308263";"Árabe Unido";"Panama";"Première Division";"Professional";"4000";"86000021"
"308268";"San Francisco (PAN)";"Panama";"Première Division";"Professional";"2250";"86000021"
"308272";"Tauro";"Panama";"Première Division";"Professional";"23000";"86000021"
"425381";"Hakoah SCE";"Australie";"Football NSW League 1";"Semi-Professional";"3750";"15020803"
"426842";"White City";"Australie";"NPL South Australia";"Semi-Professional";"2000";"15045003"
"426860";"Preston Lions";"Australie";"NPL Victoria";"Semi-Professional";"8000";"130188"
"428569";"Bankstown City";"Australie";"Football NSW League 1";"Semi-Professional";"8000";"15020803"
"432099";"Devonport";"Australie";"NPL Tasmania";"Semi-Professional";"1500";"15038565"
"450324";"Çarsambaspor";"Turquie";"Régionale amateur G4";"Semi-Professional";"5690";"70086162"
"515493";"NJS";"Finlande";"2e Division Groupe B";"Semi-Professional";"1400";"33000117"
"517188";"FC Futura";"Finlande";"D3 Eteläinen B";"Amateur";"600";"2000383437"
"518311";"PuiU";"Finlande";"2e Division Groupe A";"Semi-Professional";"700";"33000118"
"684777";"Ergotelis";"Grèce";"DAG - Irakleio";"Semi-Professional";"800";"36042448"
"686661";"Aris Patron";"Grèce";"DAG - Achaia";"Semi-Professional";"2500";"36042432"
"687599";"Thyella Patron";"Grèce";"Division C Groupe 4";"Semi-Professional";"1985";"36087246"
"687602";"Alexandreia";"Grèce";"Division C Groupe 2";"Semi-Professional";"2000";"36087244"
"687605";"Apollon Kalythion";"Grèce";"Division C Groupe 5";"Semi-Professional";"1000";"36087247"
"700693";"Aglianese";"Italie";"Prima Categoria Toscana G";"Amateur";"2570";"43411860"
"702490";"Camaiore";"Italie";"Série D Grp.E";"Semi-Professional";"2000";"1400404"
"710635";"Garbarnia";"Pologne";"Quatrième division";"Professional";"1000";"96056824"
"714211";"Legionovia";"Pologne";"Quatrième division";"Semi-Professional";"1730";"96056824"
"717677";"Olimpia Elblag";"Pologne";"Troisième division G1";"Professional";"3000";"96116933"
"734120";"Serzedelo";"Portugal";"Div rég. Inférieures";"Amateur";"3000";"83148877"
"734126";"Valpaços";"Portugal";"Div d'honneur Vila";"Amateur";"1500";"83141258"
"740506";"Gin. Figueirense (CR)";"Portugal";"Première division Guarda";"Amateur";"2000";"83141266"
"740509";"Aguiar da Beira";"Portugal";"Première division Guarda";"Amateur";"1190";"83141266"
"741380";"Estação";"Portugal";"Division Castelo Branco U";"Amateur";"1500";"83191766"
"745976";"Tocha";"Portugal";"Première division Coimbra";"Amateur";"1500";"83141254"
"751324";"Gneist";"Norvège";"3ème division Groupe 4";"Amateur";"1000";"53057344"
"759318";"Fu/Vo";"Norvège";"3ème division Groupe 1";"Amateur";"500";"53057341"
"780683";"Higashi Fukuoka H.S.";"Japon";"Premier League U18 O";"Amateur";"0";"45115575"
"791050";"PHC Zebras";"Bermudes";"D1";"Semi-Professional";"850";"82001154"
"792320";"Criozao";"Japon";"Nippon Soccer League";"Professional";"22892";"107256"
"800032";"Donn";"Norvège";"D4 Agder";"Amateur";"8000";"53162011"
"829171";"Legnano";"Italie";"Eccellenza Lombardia 1";"Semi-Professional";"5000";"43064530"
"831282";"Colligiana";"Italie";"Eccellenza Toscana Grp.B";"Semi-Professional";"3000";"43064542"
"834846";"Manduria";"Italie";"Promozione Puglia Grp.B";"Amateur";"1200";"43104650"
"913911";"Sannois SG";"France";"Régional 1 - Paris Ile de";"Amateur";"8000";"2000003921"
"914544";"CMS Oissel";"France";"National 3 - Groupe D";"Semi-Professional";"2000";"2000279695"
"914554";"Moulins Yzeure Foot";"France";"National 3 - Groupe G";"Semi-Professional";"2500";"2000279698"
"914559";"Stade Bordelais";"France";"Régional 1 - Nouvelle Aqu";"Amateur";"7000";"2000003912"
"914565";"Jura Dolois Football";"France";"National 3 - Groupe F";"Semi-Professional";"1750";"2000279697"
"919112";"Etoile";"Guadeloupe";"Régionale 1";"Semi-Professional";"1200";"82062570"
"930214";"Hørsholm-Usserød";"Danemark";"CampoBet 3. Division";"Amateur";"5000";"2000016262"
"951330";"General Belgrano";"Argentine";"5ème division non AFA";"Semi-Professional";"7000";"14037263"
"951342";"Luján S.C.";"Argentine";"4ème division non AFA";"Semi-Professional";"7000";"14037261"
"1200094";"Dynamos Harare";"Zimbabwe";"Première division";"Professional";"60000";"13190228"
"1300766";"US Rumelange";"Luxembourg";"Division d'honeur";"Semi-Professional";"2950";"5340022"
"1401759";"Gallipoli";"Italie";"-";"Semi-Professional";"4868";"-1"
"3200068";"Hutnik Kraków";"Pologne";"2ème division";"Professional";"6000";"162504"
"3500294";"Lannion FC";"France";"National 3 - Groupe C";"Semi-Professional";"2000";"2000279694"
"3804421";"Cuneo";"Italie";"Eccellenza Piemonte 2";"Semi-Professional";"2399";"43064536"
"4212316";"Arteixo";"Espagne";"D3 Fédé espagnole Gr1";"Semi-Professional";"2000";"2000099911"
"4300018";"Enskede";"Suède";"2ème Division Est";"Semi-Professional";"2000";"55"
"4300655";"Friska Viljor";"Suède";"D2 Div. Norrland South";"Semi-Professional";"1500";"2000437819"
"5100015";"Alfreton";"Angleterre";"Enterprise North";"Semi-Professional";"3972";"5123054"
"5100031";"Buxton";"Angleterre";"Enterprise North";"Professional";"4000";"5123054"
"5103635";"Bedford";"Angleterre";"Enterprise North";"Semi-Professional";"3000";"5123054"
"5103697";"Curzon";"Angleterre";"Enterprise North";"Semi-Professional";"4000";"5123054"
"5201477";"Auchinleck";"Écosse";"Premier League d'Écosse d";"Semi-Professional";"4000";"2000020448"
"5201525";"Bo'ness Utd";"Écosse";"Lowland League d'Écosse";"Semi-Professional";"2600";"61063387"
"5201530";"Broxburn Athletic";"Écosse";"Lowland League d'Écosse";"Semi-Professional";"2050";"61063387"
"5201774";"Huntly";"Écosse";"Highlands";"Semi-Professional";"3700";"61006615"
"5201801";"Linlithgow Rose";"Écosse";"Lowland League d'Écosse";"Semi-Professional";"3600";"61063387"
"5201818";"Nairn County";"Écosse";"Highlands";"Semi-Professional";"2550";"61006615"
"5201857";"Tranent";"Écosse";"Lowland League d'Écosse";"Semi-Professional";"2300";"61063387"
"5250443";"Lota Schwager";"Chili";"3ème Division";"Professional";"2500";"5250794"
"5313481";"Shakhtar-3";"Ukraine";"-";"Professional";"5000";"-1"
"5340767";"EFO";"Burkina Faso";"Première division";"Professional";"15000";"13211662"
"5341459";"African Stars";"Namibie";"Première division";"Professional";"5000";"13211697"
"5341556";"Sony Ela Nguema";"Guinée Éq.";"D1 insulaire";"Professional";"15250";"13221306"
"5390121";"Gendrim";"Mauritanie";"Super D1";"Professional";"6347";"13211655"
"5390142";"Gomido";"Togo";"Première division du Togo";"Semi-Professional";"10000";"13211727"
"5410640";"Dravinja";"Slovénie";"2ème Division";"Semi-Professional";"1200";"7580001"
"5430420";"Voorwaarts (SUR)";"Suriname";"Major League du Suriname";"Semi-Professional";"1500";"37040965"
"5430616";"Didi Scherpen";"Curaçao";"Ligue de Curaçao";"Semi-Professional";"15000";"45082480"
"5512120";"Besaiteen";"Bahreïn";"D1";"Professional";"20000";"1039314"
"5626508";"Samara'a";"Irak";"Deuxième division Nord";"Professional";"10000";"2000118641"
"5626530";"Al Hilal Hudayda";"Yémen";"First Division A";"Semi-Professional";"3000";"2000416310"
"5635323";"Al-Sareeh SC";"Jordanie";"1ère Division";"Professional";"8000";"5635282"
"5643279";"Ceska Lipa";"Rép. tchèque";"Troisième division CFL B";"Semi-Professional";"3750";"25060473"
"5650134";"Králuv Dvur";"Rép. tchèque";"3ème DivisionCFL";"Semi-Professional";"3750";"136041"
"5653763";"Petrín Plzen";"Rép. tchèque";"3ème DivisionCFL";"Semi-Professional";"3750";"136041"
"5680077";"Young Tigers";"Afrique du Sud";"Div. inf. État-libre";"Semi-Professional";"3000";"65010787"
"5710844";"Changwon";"Corée du Sud";"Ligue K3";"Semi-Professional";"15000";"66010517"
"5725045";"Dardania Lausanne";"Suisse";"Ligue 2 Inter Gr 1";"Amateur";"600";"98005769"
"5725052";"Sierre";"Suisse";"Division inférieure";"Semi-Professional";"2000";"137891"
"5725073";"Lyss";"Suisse";"Ligue 2 Inter Gr 2";"Semi-Professional";"2900";"98005770"
"5727260";"Moutier";"Suisse";"Division inférieure";"Semi-Professional";"5500";"137891"
"5727263";"Bülach";"Suisse";"Ligue 2 Inter Gr 3";"Semi-Professional";"1500";"98005771"
"5745180";"Indjija";"Serbie";"D2 Voïvodine";"Semi-Professional";"3377";"5754884"
"6201448";"USC Corte";"France";"Régional 1 - Corse";"Amateur";"2000";"2000003904"
"7446458";"At. Tarazona";"Espagne";"Division régionale";"Amateur";"2000";"115064"
"7448009";"Alavés C";"Espagne";"D3 Fédé espagnole Gr4";"Professional";"2500";"2000099914"
"7481153";"Osipovichi";"Biélorussie";"1ère Division";"Professional";"1300";"7483366"
"7521298";"Dombóvár";"Hongrie";"Division III - Sud-Ouest";"Semi-Professional";"2500";"2000270611"
"7521308";"Gyöngyös";"Hongrie";"divison inférieure";"Semi-Professional";"3000";"7520394"
"7524223";"Pápa";"Hongrie";"Division III - Nord-Ouest";"Professional";"4400";"2000270610"
"7601277";"JCAT";"Côte d'Ivoire";"Division inférieure";"Semi-Professional";"20000";"13109927"
"7642394";"Lajong";"Inde";"Championnat National";"Professional";"30000";"5624525"
"7987945";"Lupa Frascati";"Italie";"Promozione Lazio Grp.C";"Amateur";"1000";"43104631"
"8154241";"Esperanza Pelt";"Belgique";"Troisième division VV B";"Amateur";"1700";"18097865"
"8162172";"Sainte-Geneviève Sports";"France";"National 3 - Groupe D";"Semi-Professional";"1500";"2000279695"
"8162173";"ASM Belfort";"France";"National 3 - Groupe F";"Semi-Professional";"5500";"2000279697"
"8162176";"US Sarre-Union";"France";"Régional 1 - Grand Est - ";"Amateur";"1500";"2000003916"
"8162224";"OC Cesson";"France";"National 3 - Groupe C";"Semi-Professional";"1500";"2000279694"
"8162238";"CA Pontarlier";"France";"National 3 - Groupe F";"Semi-Professional";"2000";"2000279697"
"8162290";"US Colomiers";"France";"National 3 - Groupe A";"Semi-Professional";"1500";"2000279692"
"8162328";"AC Seyssinet Pariset";"France";"National 3 - Groupe H";"Semi-Professional";"0";"2000279699"
"8426582";"ES Thaon";"France";"National 3 - Groupe F";"Semi-Professional";"2500";"2000279697"
"8430454";"Brétigny Foot SC";"France";"National 3 - Groupe D";"Semi-Professional";"2000";"2000279695"
"8430731";"Onet le Château";"France";"National 3 - Groupe A";"Semi-Professional";"638";"2000279692"
"8431000";"SU Dives - Cabourg";"France";"National 3 - Groupe D";"Semi-Professional";"2500";"2000279695"
"8431056";"US Castanet-Tolosan";"France";"National 3 - Groupe A";"Semi-Professional";"1800";"2000279692"
"8440739";"Vineuil SF";"France";"Régional 1 - Centre Val d";"Amateur";"600";"2000003918"
"8441021";"FC Bassin Arcachon";"France";"National 3 - Groupe A";"Semi-Professional";"2400";"2000279692"
"8443641";"RC Grasse";"France";"-";"Semi-Professional";"0";"-1"
"8444331";"Bourgoin-Jallieu";"France";"National 3 - Groupe H";"Semi-Professional";"3500";"2000279699"
"8444598";"ES Fos-sur-Mer";"France";"National 3 - Groupe H";"Semi-Professional";"17170";"2000279699"
"8449204";"US Alençon";"France";"National 3 - Groupe C";"Semi-Professional";"4000";"2000279694"
"8449848";"AS Châtaigneraie Vendée";"France";"National 3 - Groupe B";"Semi-Professional";"1500";"2000279693"
"8625335";"MSP Batna";"Algérie";"Ligue 2 - Centre-Est";"Professional";"20000";"2000021475"
"8871878";"Indust. Vieirense";"Portugal";"Division d'honneur Leiria";"Amateur";"800";"83141253"
"8872064";"Amiense";"Portugal";"Div d'honneur Santarém";"Amateur";"2000";"83141255"
"8877790";"Atalaia do Campo";"Portugal";"Première division Castelo";"Amateur";"1000";"83141262"
"8877796";"Mêda";"Portugal";"Première division Guarda";"Amateur";"1500";"83141266"
"8877843";"Messinense";"Portugal";"Première division Algarve";"Amateur";"600";"83141265"
"12005880";"Concorde (MTN)";"Mauritanie";"Divisions inférieures";"Professional";"20000";"13211693"
"12019907";"Académie JMG Paradou";"Algérie";"-";"Amateur";"300";"-1"
"12029488";"Nacional de Benguela";"Angola";"Division inférieure";"Amateur";"7000";"13109920"
"12038685";"Académie Mohammed VI";"Maroc";"-";"Amateur";"250";"-1"
"12065961";"CA Khénifra";"Maroc";"Première division";"Professional";"5000";"12058772"
"12095344";"AC Barracuda";"Togo";"Première division du Togo";"Semi-Professional";"10000";"13211727"
"13145191";"NIGELEC";"Niger";"Super Ligue";"Professional";"30000";"13211700"
"13173364";"ASC SNIM";"Mauritanie";"Super D1";"Professional";"1000";"13211655"
"13173913";"AS SONIDEP";"Niger";"Divisions inférieures du ";"Professional";"5000";"13211702"
"13194039";"Attram de Visser SA";"Ghana";"Division 1 - Zone 3";"Professional";"5000";"13219625"
"13211987";"Vitesse (BFA)";"Burkina Faso";"Première division";"Professional";"30000";"13211662"
"13216961";"Al-Merreikh";"Égypte";"D2 B - Groupe 4";"Professional";"22000";"2000468283"
"13230978";"Académie SOAR";"Guinée";"Divisions inférieures de ";"Professional";"2000";"13211638"
"14028686";"Racing (Trelew)";"Argentine";"5ème division non AFA";"Semi-Professional";"10000";"14037263"
"14031219";"Tiro Federal (Morteros)";"Argentine";"5ème division non AFA";"Semi-Professional";"2000";"14037263"
"14037233";"Vélez (San Ramón)";"Argentine";"4ème division non AFA";"Semi-Professional";"2000";"14037261"
"16009257";"Nußdorfer AC";"Autriche";"2. Ligue Comté Vienne";"Semi-Professional";"2000";"16154765"
"16010551";"FC Schlins";"Autriche";"Vorarlberg";"Semi-Professional";"1500";"16000658"
"17012001";"Smolevichi";"Biélorussie";"2ème Division";"Professional";"2000";"7483369"
"17026902";"Slonim";"Biélorussie";"1ère Division";"Professional";"2220";"7483366"
"17030327";"Energetik-BGATU";"Biélorussie";"2ème Division";"Amateur";"830";"7483369"
"18022382";"Andenne-Evelette SF";"Belgique";"Troisième division ACFF A";"Amateur";"500";"18097866"
"19005469";"Capital (DF)";"Brésil";"D4";"Professional";"8000";"19127222"
"19013098";"Delfines del Este";"Rép. Dominicaine";"Liga Mayor";"Professional";"3200";"82061057"
"22087833";"Krumovgrad";"Bulgarie";"Groupe régional A de Bulg";"Amateur";"1500";"22087057"
"23007346";"RCA";"Aruba";"Division di Honor d'Aruba";"Semi-Professional";"5500";"82061993"
"23007436";"Western Tigers";"Guyana";"Super Ligue";"Semi-Professional";"2000";"45082433"
"23017642";"Bahla";"Oman";"Ligue O";"Professional";"3000";"23071760"
"23209453";"Erakor GS";"Vanuatu";"Premier League de Port Vi";"Semi-Professional";"5000";"8459267"
"23209632";"Tiga Sport";"Nlle-Calédonie";"Division d'Honneur";"Semi-Professional";"10500";"8457145"
"23209758";"Western Utd";"Salomon";"Division inférieure";"Amateur";"30000";"23209374"
"24001857";"HAŠK 1903";"Croatie";"Ligue 4 Centre";"Semi-Professional";"1000";"2000005495"
"24021033";"Novigrad 1947";"Croatie";"Comté croate de Pazin (18";"Semi-Professional";"1000";"24000275"
"24021038";"Granicar Ðurdevac";"Croatie";"Ligue 4 Nord";"Semi-Professional";"2500";"2000122195"
"25019578";"Hodonín";"Rép. tchèque";"3ème Division tchèque";"Semi-Professional";"0";"136042"
"25019581";"Vrchovina";"Rép. tchèque";"3ème Division tchèque";"Semi-Professional";"1000";"136042"
"25021184";"Most-Souš";"Rép. tchèque";"Troisième division CFL B";"Semi-Professional";"0";"25060473"
"25042121";"Benátky";"Rép. tchèque";"Troisième division CFL B";"Semi-Professional";"0";"25060473"
"25051555";"Hostoun";"Rép. tchèque";"3ème DivisionCFL";"Semi-Professional";"3750";"136041"
"25051559";"Velvary";"Rép. tchèque";"Troisième division CFL B";"Semi-Professional";"3750";"25060473"
"25054610";"Strání";"Rép. tchèque";"4ème Division E";"Semi-Professional";"0";"136047"
"25060557";"Chlumec";"Rép. tchèque";"4ème Division C";"Semi-Professional";"0";"136045"
"25060571";"Start Brno";"Rép. tchèque";"3ème Division tchèque";"Semi-Professional";"0";"136042"
"27032494";"AB Tårnby";"Danemark";"Danmarksserien, pulje 3";"Amateur";"2000";"27001459"
"30019954";"Spennymoor";"Angleterre";"Enterprise North";"Semi-Professional";"4000";"5123054"
"31037814";"Rappr. Serie D";"Italie";"-";"Amateur";"0";"-1"
"34001420";"Club Péléen";"Martinique";"Régionale 1";"Amateur";"2000";"82062798"
"34012518";"CSC de Cayenne";"Guyane";"Régional 1 de Guyane";"Semi-Professional";"7000";"82062411"
"34015610";"ES Cannet-Rocheville";"France";"National 3 - Groupe H";"Semi-Professional";"1000";"2000279699"
"35014188";"Seligenporten";"Allemagne";"Div inf. d'Allemagne";"Amateur";"5000";"8700660"
"36023158";"Asteras Karditsas";"Grèce";"Division C Groupe 2";"Semi-Professional";"300";"36087244"
"36046619";"Anagennisi Schimatariou";"Grèce";"Division C Groupe 3";"Semi-Professional";"1180";"36087245"
"36047290";"PAOK Kristonis";"Grèce";"Division C Groupe 1";"Semi-Professional";"6000";"36087243"
"36059752";"Nea Selefkeia";"Grèce";"Division C Groupe 3";"Semi-Professional";"200";"36087245"
"36063242";"PAOK Dytikou";"Grèce";"Division C Groupe 1";"Semi-Professional";"730";"36087243"
"36092807";"Pangytheatikos";"Grèce";"Division C Groupe 4";"Semi-Professional";"2000";"36087246"
"36104377";"Panthouriakos";"Grèce";"Division C Groupe 4";"Semi-Professional";"5613";"36087246"
"36104940";"AE Evosmou";"Grèce";"Division C Groupe 2";"Semi-Professional";"650";"36087244"
"38004838";"Cegléd";"Hongrie";"divison inférieure";"Professional";"2000";"7520394"
"38013528";"Kaposvár II";"Hongrie";"-";"Semi-Professional";"6116";"-1"
"38060137";"Füzesabony";"Hongrie";"Division III - Nord-Est";"Semi-Professional";"1200";"2000270607"
"40012017";"Aizawl FC";"Inde";"Championnat National";"Professional";"20000";"5624525"
"43018319";"San Nicolò";"Italie";"-";"Semi-Professional";"1000";"-1"
"43018335";"Trevigliese";"Italie";"Série D Grp.D";"Semi-Professional";"1200";"1400403"
"43076680";"Formigine";"Italie";"Eccellenza Emilia-Romagna";"Semi-Professional";"1500";"43064524"
"43076736";"Isola Capo Rizzuto";"Italie";"Eccellenza Calabria";"Semi-Professional";"1200";"43064521"
"43092838";"Romagna Centro";"Italie";"-";"Semi-Professional";"600";"-1"
"43106438";"Boreale";"Italie";"Eccellenza Lazio Grp.A";"Semi-Professional";"1000";"43064527"
"43106515";"Matelica";"Italie";"Eccellenza Marche";"Semi-Professional";"1000";"43064533"
"43124323";"Campomorone";"Italie";"Eccellenza Liguria";"Semi-Professional";"1500";"43064529"
"43124346";"Union Pro";"Italie";"Promozione Veneto Grp.C";"Amateur";"1000";"43104666"
"43126706";"Cisanese";"Italie";"Eccellenza Lombardia 2";"Semi-Professional";"1000";"43064531"
"43126898";"Audax Cervinara";"Italie";"Promozione Campania Grp.C";"Amateur";"3300";"43104621"
"43152207";"Lupa Roma";"Italie";"-";"Amateur";"1000";"-1"
"43156692";"Frattese";"Italie";"-";"Semi-Professional";"2500";"-1"
"43156718";"OltrepòVoghera";"Italie";"-";"Semi-Professional";"4000";"-1"
"43269677";"Cavenago Fanfulla";"Italie";"-";"Amateur";"2184";"-1"
"43315364";"Albanova";"Italie";"Eccellenza Campania 1 Grp";"Semi-Professional";"2000";"43064522"
"43320855";"NibionnOggiono";"Italie";"-";"Semi-Professional";"2000";"-1"
"43607833";"Real Aversa";"Italie";"-";"Semi-Professional";"2565";"-1"
"50032772";"Avoine Chinon";"France";"Régional 1 - Centre Val d";"Amateur";"2000";"2000003918"
"50036842";"Hauts Lyonnais";"France";"National 3 - Groupe G";"Semi-Professional";"1000";"2000279698"
"50038248";"Chambéry SF";"France";"Régional 1 - Auvergne Rhô";"Amateur";"1500";"2000003903"
"50042130";"AF Bobigny";"France";"-";"Semi-Professional";"0";"-1"
"50044428";"Sarreguemines FC";"France";"Régional 1 - Grand Est - ";"Amateur";"2500";"2000003916"
"50044490";"US Philbertine";"France";"National 3 - Groupe B";"Semi-Professional";"1500";"2000279693"
"50045810";"ESA Linas-Montlhéry";"France";"National 3 - Groupe D";"Semi-Professional";"1500";"2000279695"
"50045863";"US Vimy";"France";"National 3 - Groupe E";"Semi-Professional";"2000";"2000279696"
"50045947";"Ergué-Gabéric";"France";"National 3 - Groupe C";"Semi-Professional";"1500";"2000279694"
"50046031";"AG Caen";"France";"Régional 1 - Normandie - ";"Amateur";"3500";"2000003922"
"50046391";"FC Espaly";"France";"Régional 1 - Auvergne Rhô";"Amateur";"1000";"2000003902"
"50046432";"ASPTT Dijon";"France";"National 3 - Groupe H";"Semi-Professional";"1500";"2000279699"
"50046448";"UCS Cosne";"France";"National 3 - Groupe G";"Semi-Professional";"225";"2000279698"
"50046564";"US Châteauneuf sur Loire";"France";"Régional 1 - Centre Val d";"Amateur";"4000";"2000003918"
"50055645";"Vierzon FC";"France";"National 3 - Groupe G";"Semi-Professional";"5000";"2000279698"
"50072802";"C' Chartres Football";"France";"National 3 - Groupe D";"Semi-Professional";"2500";"2000279695"
"50077211";"Thonon Evian Grand Geneve";"France";"National 3 - Groupe F";"Semi-Professional";"1500";"2000279697"
"50087334";"US Pays de Cassel";"France";"National 3 - Groupe E";"Semi-Professional";"1500";"2000279696"
"50087400";"US Pays du Valois";"France";"National 3 - Groupe E";"Semi-Professional";"1000";"2000279696"
"50087639";"AS Panazol";"France";"National 3 - Groupe B";"Semi-Professional";"1500";"2000279693"
"52065322";"Newry City";"Irlande du Nord";"NIFL Premier Intermediate";"Semi-Professional";"2275";"147023"
"53017610";"Bjørkelangen/Høland";"Norvège";"3ème division Groupe 3";"Amateur";"2400";"53057343"
"54015271";"Olimpia Grudziadz";"Pologne";"2ème division";"Professional";"5323";"162504"
"55001090";"Correlhã";"Portugal";"Première division Viana";"Amateur";"450";"83141256"
"55001107";"Vigor Mocidade";"Portugal";"Première division Coimbra";"Amateur";"1000";"83141254"
"55006613";"Régua";"Portugal";"Div d'honneur Vila";"Semi-Professional";"1000";"83141258"
"55012077";"Prado";"Portugal";"Pro-national Braga";"Amateur";"1000";"83141246"
"55024513";"Paços Brandão";"Portugal";"Première division Aveiro";"Amateur";"1500";"83141250"
"55027251";"Melgacense";"Portugal";"Première division Viana";"Amateur";"1700";"83141256"
"55027265";"Águias Moradal";"Portugal";"Première division Castelo";"Amateur";"1000";"83141262"
"55027895";"Alqueidão da Serra";"Portugal";"Division d'honneur Leiria";"Amateur";"500";"83141253"
"55027898";"Santacombadense";"Portugal";"D2 Viseu";"Amateur";"3000";"2000016919"
"55038360";"Despertar";"Portugal";"Première division Beja";"Amateur";"200";"83141261"
"55038893";"Águia Arrifes";"Portugal";"Division des Açores";"Amateur";"1000";"2000019650"
"55038921";"S. Roque Açores";"Portugal";"Ligue des Açores";"Amateur";"700";"83141252"
"55038925";"Monte Trigo";"Portugal";"Division d'élite Évora";"Amateur";"2500";"83141259"
"55038941";"Santa Marta";"Portugal";"Div d'honneur Vila";"Amateur";"1500";"83141258"
"57114034";"Dacia Buiucani";"Moldavie";"Super Liga de Moldavie";"Professional";"5200";"59007607"
"57142874";"Viitorul Onesti";"Roumanie";"D3 roumaine groupe 1";"Semi-Professional";"0";"7540206"
"57174838";"CS Medgidia";"Roumanie";"D4 roumaine Constanta";"Semi-Professional";"32700";"57048517"
"61014159";"Gretna 2008";"Écosse";"Lowland League d'Écosse";"Semi-Professional";"1088";"61063387"
"61021821";"Stirling Uni";"Écosse";"Lowland League d'Écosse";"Semi-Professional";"3808";"61063387"
"61063604";"Gala FR";"Écosse";"Lowland League d'Écosse";"Semi-Professional";"2200";"61063387"
"61073479";"Cumbernauld C";"Écosse";"Lowland League d'Écosse";"Semi-Professional";"8086";"61063387"
"63000888";"Dolný Kubín";"Slovaquie";"Division inférieure";"Professional";"1950";"7560278"
"63000895";"Spišská Nová Ves";"Slovaquie";"Division inférieure";"Professional";"4000";"7560278"
"63000901";"Raca";"Slovaquie";"Division inférieure";"Professional";"3000";"7560278"
"63023681";"Sered";"Slovaquie";"Division inférieure";"Professional";"3500";"7560278"
"65010509";"The Dolphins";"Afrique du Sud";"Div. inf. Limopo";"Semi-Professional";"0";"65010784"
"66010584";"FC PCSC";"Corée du Sud";"Ligue K3";"Semi-Professional";"12000";"66010517"
"67000105";"Valdivia";"Espagne";"Preferente Extremadura Gr";"Semi-Professional";"1000";"2000006103"
"67016702";"Burgalés";"Espagne";"Division régionale";"Semi-Professional";"0";"115064"
"67035574";"Damm";"Espagne";"Division 1 U19 d'Espagne ";"Semi-Professional";"550";"67248626"
"67035577";"Antiguoko";"Espagne";"Division 1 U19 d'Espagne ";"Semi-Professional";"4000";"67248625"
"67054478";"Barbadás";"Espagne";"D3 Fédé espagnole Gr1";"Semi-Professional";"1000";"2000099911"
"67105751";"Boiro";"Espagne";"D3 Fédé espagnole Gr1";"Semi-Professional";"1400";"2000099911"
"67109604";"Montañesa";"Espagne";"D3 Fédé espagnole Gr5";"Semi-Professional";"1500";"2000099915"
"67128922";"Bullense";"Espagne";"Preferente Murcia";"Semi-Professional";"2000";"67101213"
"67193438";"Torre Levante";"Espagne";"Division 2 U19 d'Espagne ";"Semi-Professional";"2000";"67248777"
"67196211";"Fuente Cantos";"Espagne";"Primera Extremeña G4";"Semi-Professional";"1500";"2000283766"
"67196237";"Peña Balsamaiso";"Espagne";"D3 Fédé espagnole Gr16";"Semi-Professional";"300";"2000099926"
"67248721";"San Francisco C.D.";"Espagne";"Division 1 U19 d'Espagne ";"Semi-Professional";"2000";"67248626"
"67248923";"Sobradillo";"Espagne";"Division 1 U19 d'Espagne ";"Semi-Professional";"1000";"67248629"
"67291323";"Cartes";"Espagne";"D3 Fédé espagnole Gr3";"Semi-Professional";"1000";"2000099913"
"69000873";"Agno";"Suisse";"Division inférieure";"Amateur";"1280";"137891"
"70080958";"Ceyhan 1967 FK";"Turquie";"Régionale amateur G6";"Semi-Professional";"350";"70086164"
"75043143";"Rancagua Sur";"Chili";"Groupe sud 3B";"Amateur";"2000";"75045764"
"76040720";"Banfield TFC";"Colombie";"Liga de Bogota";"Amateur";"2500";"2000173840"
"76046760";"Real Tolima F.C.";"Colombie";"Liga Tolimense";"Amateur";"4000";"2000173872"
"76057246";"Alianza Tolimense";"Colombie";"Liga Tolimense";"Amateur";"1250";"2000173872"
"76057251";"Deportivo Udinese";"Colombie";"Liga del Atlántico";"Amateur";"1500";"2000173839"
"76063701";"Atlético Colombia";"Colombie";"Liga del Atlántico";"Amateur";"1500";"2000173839"
"76063713";"Academia Tolimense";"Colombie";"Liga Tolimense";"Amateur";"1500";"2000173872"
"82070529";"Atlético Vega Real";"Rép. Dominicaine";"Liga Mayor";"Professional";"7000";"82061057"
"82076187";"Caguas FC";"Porto Rico";"LFPR";"Semi-Professional";"1500";"82076123"
"82086558";"CO Trénelle";"Martinique";"Régionale 1";"Amateur";"18000";"82062798"
"83112908";"Sambrasense";"Portugal";"Deuxième division Algarve";"Amateur";"200";"2000016724"
"84107054";"Minas de Argozelo";"Portugal";"Div d'honneur Bragança";"Amateur";"700";"83141263"
"84107178";"Portel";"Portugal";"Division d'élite Évora";"Amateur";"1500";"83141259"
"84107198";"GD Mirandês";"Portugal";"Div d'honneur Bragança";"Amateur";"700";"83141263"
"85005405";"TA Rennes";"France";"Régional 1 - Bretagne - P";"Amateur";"2000";"2000003910"
"85036458";"Racing CFF";"France";"National 3 - Groupe D";"Semi-Professional";"8000";"2000279695"
"85036835";"Olympique de Valence";"France";"Régional 1 - Auvergne Rhô";"Amateur";"14596";"2000003903"
"85037456";"GC Lucciana";"France";"National 3 - Groupe H";"Semi-Professional";"1500";"2000279699"
"85044534";"Entente UGA Ardziv";"France";"Régional 1 - Méditerranée";"Amateur";"1500";"2000003905"
"85046921";"AS Chatou";"France";"Régional 1 - Paris Ile de";"Amateur";"1000";"2000003924"
"85047443";"JA Drancy";"France";"National 3 - Groupe E";"Semi-Professional";"2500";"2000279696"
"85052595";"AF Virois";"France";"National 3 - Groupe C";"Semi-Professional";"1680";"2000279694"
"85054797";"USSA Vertou";"France";"National 3 - Groupe B";"Semi-Professional";"1700";"2000279693"
"85054828";"USS Aigues-Mortes";"France";"Régional 1 - Occitanie - ";"Amateur";"2600";"2000003906"
"85056158";"US Chauvigny";"France";"National 3 - Groupe B";"Semi-Professional";"1500";"2000279693"
"85060009";"FC Albères-Argelès";"France";"National 3 - Groupe A";"Semi-Professional";"1500";"2000279692"
"85062333";"US Lège Cap-Ferret";"France";"National 3 - Groupe A";"Semi-Professional";"1800";"2000279692"
"85066864";"Besançon Foot";"France";"National 3 - Groupe F";"Semi-Professional";"10075";"2000279697"
"85067516";"Grand-Quevilly FC";"France";"Régional 1 - Normandie - ";"Amateur";"1000";"2000003922"
"85067562";"FC Challans";"France";"National 3 - Groupe B";"Semi-Professional";"3000";"2000279693"
"85070296";"Sablé FC";"France";"Régional 1 - Pays de la L";"Amateur";"1500";"2000003900"
"85076079";"SFC Neuilly-sur-Marne";"France";"National 3 - Groupe E";"Semi-Professional";"2000";"2000279696"
"85077693";"US Torcy PVM";"France";"National 3 - Groupe F";"Semi-Professional";"1350";"2000279697"
"85078772";"SP Milizac";"France";"National 3 - Groupe C";"Semi-Professional";"2000";"2000279694"
"85090006";"ASPTT Caen";"France";"Régional 1 - Normandie - ";"Amateur";"1000";"2000003922"
"85090171";"ESOF Vendée Roche-sur-Yon";"France";"Régional 1 - Pays de la L";"Amateur";"1800";"2000003898"
"85094609";"Iris Club Croix";"France";"National 3 - Groupe E";"Semi-Professional";"2000";"2000279696"
"85099441";"AS Saint-Ouen-l'Aumône";"France";"National 3 - Groupe D";"Semi-Professional";"2900";"2000279695"
"85114394";"Chassieu Décines FC";"France";"Régional 1 - Auvergne Rhô";"Amateur";"1500";"2000003902"
"85125002";"Racing Besançon";"France";"National 3 - Groupe F";"Semi-Professional";"10075";"2000279697"
"85126590";"FC Chamalières";"France";"National 3 - Groupe G";"Semi-Professional";"2000";"2000279698"
"86000096";"CD Ocotal";"Nicaragua";"Liga de Ascenso Nica";"Professional";"3750";"80024180"
"93052720";"Nordic United FC";"Suède";"1ère Division Nord";"Semi-Professional";"6700";"8114888"
"96056361";"Górnik Polkowice";"Pologne";"Troisième division G3";"Semi-Professional";"3325";"96116935"
"98000233";"Porrentruy";"Suisse";"Division inférieure";"Amateur";"3800";"137891"
"98000251";"Dübendorf";"Suisse";"Ligue 2 Inter Gr 3";"Semi-Professional";"1600";"98005771"
"98005650";"Perly-Certoux";"Suisse";"Division inférieure";"Amateur";"1300";"137891"
"98005738";"Seuzach";"Suisse";"Ligue 2 Inter Gr 5";"Semi-Professional";"2270";"98005773"
"98006028";"Emmen";"Suisse";"Ligue 2 Inter Gr 4";"Amateur";"600";"98005772"
"98008797";"Eschenbach";"Suisse";"Division inférieure";"Amateur";"1150";"137891"
"98009971";"Tägerwilen";"Suisse";"Division inférieure";"Amateur";"1500";"137891"
"98009995";"Plan-les-Ouates";"Suisse";"Division inférieure";"Amateur";"2300";"137891"
"98048895";"Gambarogno-Contone";"Suisse";"Ligue 2 Inter Gr 4";"Semi-Professional";"1000";"98005772"
"2000005322";"Amarynthiakos";"Grèce";"Division C Groupe 5";"Semi-Professional";"408";"36087247"
"2000010744";"NJ Teamsterz";"États-Unis";"Division amateur US";"Professional";"7500";"981781"
"2000011240";"Strasbourg Koenigshoffen";"France";"Régional 1 - Grand Est - ";"Amateur";"2500";"2000003916"
"2000022734";"Turon";"Ouzbékistan";"Ligue Ikkinchi";"Semi-Professional";"5000";"7900423"
"2000023739";"Central Coast (SOL)";"Salomon";"Super 8 du Honaria";"Semi-Professional";"30000";"8457146"
"2000028546";"Wieczysta Kraków";"Pologne";"D2";"Professional";"11600";"129559"
"2000053093";"Amigos de la Pecosa";"Colombie";"Liga del N. de Santander";"Amateur";"1500";"2000173868"
"2000058788";"Viitorul Arad";"Roumanie";"D3 roumaine groupe 7";"Semi-Professional";"750";"57015313"
"2000069664";"Deportivo Galapa";"Colombie";"Division 1 U20";"Amateur";"1000";"76050811"
"2000069667";"Costa Azul";"Colombie";"Division 1 U20";"Amateur";"2175";"76050811"
"2000069668";"Deportivo Libertad";"Colombie";"Division 1 U20";"Amateur";"15000";"76050811"
"2000069716";"Fusión Caribe F.C.";"Colombie";"Division 1 U20";"Amateur";"2175";"76050811"
"2000069723";"Juventud Huila F.C.";"Colombie";"Liga del Huila";"Amateur";"2500";"2000173881"
"2000095762";"PSD Panteras F.C.";"Colombie";"Division 1 U20";"Amateur";"2500";"76050811"
"2000100586";"Alianza Tolima";"Colombie";"Liga Tolimense";"Amateur";"4000";"2000173872"
"2000101548";"Teacher Berrio";"Colombie";"Liga del Huila";"Amateur";"1500";"2000173881"
"2000109063";"Yenisey-2";"Russie";"Division 2 B - Groupe 2";"Professional";"15000";"2000272303"
"2000111030";"Palmazul";"Colombie";"Liga Antioqueña";"Amateur";"1500";"2000173837"
"2000111425";"Lae City Dwellers";"Papouasie";"Championnat PNG";"Semi-Professional";"0";"8459343"
"2000111455";"Urabá Estelar F.C.";"Colombie";"Liga Antioqueña";"Amateur";"2000";"2000173837"
"2000112087";"Dardania St. Gallen";"Suisse";"Ligue 2 Inter Gr 5";"Semi-Professional";"4500";"98005773"
"2000118725";"Neum";"Bosnie";"L2 Sud de BiH";"Semi-Professional";"2000";"2000004165"
"2000121160";"Cartagena F.C. (COL)";"Colombie";"Liga de Bolivar";"Amateur";"1000";"2000173842"
"2000122978";"Bosporus";"Suisse";"Ligue 2 Inter Gr 2";"Semi-Professional";"500";"98005770"
"2000127214";"Simcoe County Rovers FC";"Canada";"Ligue 1 Ontario";"Semi-Professional";"1000";"20500261"
"2000127995";"La Norte F.C.";"Colombie";"Liga del N. de Santander";"Amateur";"1000";"2000173868"
"2000128726";"TU Košice";"Slovaquie";"2ème Division";"Professional";"1000";"7560277"
"2000135066";"Deporcartago";"Colombie";"Liga Vallecaucana";"Amateur";"500";"2000173873"
"2000135093";"Envigado Palmira F.C.";"Colombie";"Liga Vallecaucana";"Amateur";"1000";"2000173873"
"2000173964";"Martín García & R.J.B.";"Colombie";"Division 1 U20";"Amateur";"1000";"76050811"
"2000174206";"Andino F.C.";"Colombie";"Liga de Bogota";"Amateur";"2000";"2000173840"
"2000176871";"Real Cumare";"Colombie";"Liga del Meta";"Amateur";"5000";"2000173867"
"2000177313";"SKA-2 Khabarovsk";"Russie";"Division 2 B - Groupe 3";"Professional";"15200";"2000272305"
"2000181443";"Jong Cercle";"Belgique";"D1 nationale - VV";"Professional";"2000";"2000370106"
"2000181444";"OHL U23";"Belgique";"D1 nationale - VV";"Professional";"7100";"2000370106"
"2000181450";"Seraing U23";"Belgique";"-";"Semi-Professional";"1000";"-1"
"2000188051";"Cifuentes F.C.";"Colombie";"Liga Tolimense";"Amateur";"1500";"2000173872"
"2000192834";"North Star Soccer";"Colombie";"Liga Antioqueña";"Amateur";"12000";"2000173837"
"2000193417";"Tona";"Espagne";"D3 Fédé espagnole Gr5";"Semi-Professional";"1000";"2000099915"
"2000197007";"Al-Hilal Wau";"Soudan du Sud";"Première division";"Semi-Professional";"7000";"13211718"
"2000203873";"Chemal";"Mauritanie";"Super D1";"Professional";"6347";"13211655"
"2000208475";"Hlubina";"Rép. tchèque";"3ème Division tchèque";"Semi-Professional";"0";"136042"
"2000208927";"GX Hengchen";"Chine";"D2 Sud";"Professional";"26000";"1002873"
"2000211118";"US Fougères";"France";"National 3 - Groupe C";"Semi-Professional";"3000";"2000279694"
"2000216745";"Deportivo Bellavista";"Colombie";"Liga Antioqueña";"Amateur";"2500";"2000173837"
"2000233756";"KÍ";"Féroé";"Premier League";"Semi-Professional";"2500";"2000233759"
"2000252488";"ESOF Vendée Roche-sur-Yon";"France";"D3 - Groupe A";"Semi-Professional";"1800";"2000278258"
"2000252587";"Le Puy Foot 43";"France";"D3 - Groupe B";"Semi-Professional";"2800";"2000278259"
"2000256180";"Wellington Phoenix 3rds";"Nouvelle-Zélande";"Capital Premier League de";"Professional";"500";"432264"
"2000256519";"Cali Andrés Sanín";"Colombie";"Liga Vallecaucana";"Amateur";"3500";"2000173873"
"2000261979";"Morris Elite SC";"États-Unis";"USSL W League";"Semi-Professional";"0";"2000335881"
"2000261982";"Westchester Flames";"États-Unis";"USSL W League";"Semi-Professional";"0";"2000335881"
"2000261986";"Northern Virginia FC";"États-Unis";"USSL W League";"Semi-Professional";"1500";"2000335881"
"2000261997";"Midwest United";"États-Unis";"USSL W League";"Semi-Professional";"0";"2000335881"
"2000262011";"Racing Louisville FC Acad";"États-Unis";"USSL W League";"Semi-Professional";"250";"2000335881"
"2000262023";"Greenville Liberty SC";"États-Unis";"USSL W League";"Semi-Professional";"16000";"2000335881"
"2000262037";"North Carolina Fusion";"États-Unis";"USSL W League";"Semi-Professional";"7000";"2000335881"
"2000262041";"Birmingham Legion FC";"États-Unis";"USSL W League";"Semi-Professional";"0";"2000335881"
"2000262058";"Swan City SC";"États-Unis";"USSL W League";"Semi-Professional";"0";"2000335881"
"2000262060";"Capital FC Atletica";"États-Unis";"USSL W League";"Semi-Professional";"0";"2000335881"
"2000262094";"California Storm";"États-Unis";"USSL W League";"Semi-Professional";"0";"2000335881"
"2000262103";"San Francisco Glens SC";"États-Unis";"USSL W League";"Semi-Professional";"0";"2000335881"
"2000267135";"Opera";"Italie";"Seconda Categoria";"Amateur";"300";"43411872"
"2000269817";"Martfu";"Hongrie";"Division III - Sud-Est";"Semi-Professional";"500";"2000270609"
"2000279541";"Bayamón FC";"Porto Rico";"-";"Amateur";"3000";"-1"
"2000280060";"NSÍ";"Féroé";"Premier League";"Semi-Professional";"1230";"2000233759"
"2000280061";"HB";"Féroé";"Premier League";"Amateur";"3350";"2000233759"
"2000280064";"B36";"Féroé";"Premier League";"Amateur";"3350";"2000233759"
"2000280066";"Víkingur G.";"Féroé";"Premier League";"Amateur";"1600";"2000233759"
"2000280067";"07 Vestur";"Féroé";"Premier League";"Semi-Professional";"0";"2000233759"
"2000280244";"Sumqayit";"Azerbaïdjan";"Championnat de football";"Semi-Professional";"0";"2000280243"
"2000280247";"Neftçi";"Azerbaïdjan";"Championnat de football";"Semi-Professional";"0";"2000280243"
"2000282938";"Stade Beaucairois FC";"France";"National 3 - Groupe H";"Semi-Professional";"2000";"2000279699"
"2000282946";"SC Sète";"France";"Divisions régionales";"Amateur";"8773";"20"
"2000283930";"RC Calais";"France";"Régional 1 - Hauts de Fra";"Amateur";"12432";"2000003919"
"2000315573";"FC Hoyvík";"Féroé";"Premier League";"Amateur";"350";"2000233759"
"2000324170";"Urabá Soccer";"Colombie";"Liga Antioqueña";"Amateur";"2000";"2000173837"
"2000325764";"IF Karlstad Fotboll";"Suède";"Deuxième division";"Amateur";"4000";"2000234536"
"2000328752";"P18 IK";"Suède";"Première div. - Centre";"Amateur";"2050";"2000327938"
"2000337526";"Hutchison Vale";"Écosse";"L1 féminine d'Écosse";"Semi-Professional";"0";"2000337547"
"2000337761";"River Light FC";"États-Unis";"USSL W League";"Semi-Professional";"0";"2000335881"
"2000337916";"Saint-Denis RC";"France";"D3 - Groupe A";"Semi-Professional";"1500";"2000278258"
"2000337995";"Segeltorps IF";"Suède";"Première div. - Centre";"Amateur";"3000";"2000327938"
"2000337996";"Smedby AIS";"Suède";"Première div. - Centre";"Amateur";"1000";"2000327938"
"2000338028";"Älmhults IF";"Suède";"Première division - Sud";"Amateur";"4500";"2000327937"
"2000338451";"NC Courage U23";"États-Unis";"USSL W League";"Semi-Professional";"10000";"2000335881"
"2000338458";"South Georgia Tormenta FC";"États-Unis";"USSL W League";"Semi-Professional";"5300";"2000335881"
"2000338867";"Atlético d'Abidjan";"Côte d'Ivoire";"D1 de Côte d'Ivoire";"Amateur";"4000";"2000338494"
"2000339028";"Sportivo Trinidense";"Paraguay";"Championnat";"Semi-Professional";"4500";"2000338393"
"2000339033";"Nacional Humaitá";"Paraguay";"Championnat";"Semi-Professional";"4500";"2000338393"
"2000339034";"CISA";"États-Unis";"USSL W League";"Semi-Professional";"0";"2000335881"
"2000339036";"General Caballero (JLM)";"Paraguay";"Championnat";"Semi-Professional";"10120";"2000338393"
"2000339199";"Danubio";"Uruguay";"Deuxième Division";"Amateur";"500";"2000338479"
"2000339241";"Hirondelles FC";"Burkina Faso";"D1 du Burkina Faso";"Amateur";"0";"2000338498"
"2000339262";"Agia Paraskevi";"Grèce";"Première Division";"Semi-Professional";"0";"2000232803"
"2000339408";"Lionnes de Houët";"Burkina Faso";"D1 du Burkina Faso";"Amateur";"0";"2000338498"
"2000339428";"P-Iirot";"Finlande";"Div. inférieure féminine";"Amateur";"2000";"2000439966"
"2000340170";"Skála ÍF";"Féroé";"Premier League";"Amateur";"1230";"2000233759"
"2000340195";"AS Mandé";"Mali";"Première division du Mali";"Amateur";"0";"2000343125"
"2000340683";"Malavan";"Iran";"Ligue féminine Kowsar";"Professional";"8000";"2000338515"
"2000340717";"Al-Etihad";"Jordanie";"Pro League de Jordanie";"Professional";"2000";"2000338512"
"2000343187";"Yanga Princess";"Tanzanie";"Premier League fém.";"Professional";"10000";"2000343118"
"2000343292";"Beauties";"Namibie";"Super League";"Semi-Professional";"1000";"2000343123"
"2000343364";"Réal Bamako";"Mali";"Première division du Mali";"Amateur";"0";"2000343125"
"2000343419";"USFAS Bamako";"Mali";"Première division du Mali";"Amateur";"0";"2000343125"
"2000343864";"Ethiopia Nigd Bank";"Éthiopie";"Premier League fém.";"Semi-Professional";"0";"2000343132"
"2000343919";"Georgia Lions";"États-Unis";"Division inférieure";"Professional";"5000";"1301432"
"2000344391";"ASKO de Kara";"Togo";"D1 du Togo";"Amateur";"0";"2000343117"
"2000344978";"US d'Oyem";"Gabon";"D1 du Gabon";"Amateur";"2000";"2000343131"
"2000348019";"Granma";"Cuba";"Liga Nacional";"Amateur";"1000";"2000274188"
"2000349142";"Orvault";"France";"D3 - Groupe A";"Semi-Professional";"1000";"2000278258"
"2000351817";"Goodwill Runners SC";"Dominique";"Premier League";"Amateur";"1000";"2000274186"
"2000352064";"Dublanc";"Dominique";"-";"Amateur";"1000";"-1"
"2000352093";"Black Rhinos Queens";"Zimbabwe";"D1 du Zimbabwe";"Semi-Professional";"0";"2000343114"
"2000353672";"ABFF U-19";"Biélorussie";"1ère Division";"Semi-Professional";"3000";"7483366"
"2000354849";"Nairobi Utd";"Kenya";"Première division";"Professional";"0";"13211639"
"2000355546";"Relizane";"Algérie";"D1 d'Algérie";"Professional";"20000";"2000343139"
"2000355813";"Espoir FC";"Bénin";"D1 du Bénin";"Amateur";"5000";"2000356430"
"2000356519";"PVP Buyenzi FC";"Burundi";"Burundi Ligue A";"Semi-Professional";"0";"2000356429"
"2000356905";"Red Scorpions FC";"Gambie";"D1 de Gambie";"Amateur";"0";"2000356428"
"2000357690";"H? Chí Minh City II";"Vietnam";"Ligue féminine nationale";"Semi-Professional";"25000";"2000343101"
"2000357712";"Phong Phú Hà Nam?";"Vietnam";"Ligue féminine nationale";"Semi-Professional";"3750";"2000343101"
"2000357996";"Son La";"Vietnam";"Ligue féminine nationale";"Semi-Professional";"0";"2000343101"
"2000358488";"HOPS";"Inde";"-";"Semi-Professional";"0";"-1"
"2000359338";"Pelican Stars";"Nigeria";"-";"Semi-Professional";"16000";"-1"
"2000359658";"ASC Agouado";"Guyane";"Première Division";"Amateur";"750";"2000274185"
"2000359884";"QPR (GRN)";"Grenade";"Ligue féminine";"Amateur";"10000";"2000274198"
"2000359965";"Fayrouzah SC (SYR)";"Syrie";"Première Division";"Semi-Professional";"0";"2000343103"
"2000360657";"CSC/CAM";"Guadeloupe";"Première Division";"Amateur";"0";"2000274184"
"2000360713";"US Baie-Mahault";"Guadeloupe";"Première Division";"Amateur";"1500";"2000274184"
"2000361029";"Cantera de Héroes";"Colombie";"Liga Antioqueña";"Amateur";"11000";"2000173837"
"2000361537";"Cayon FC";"Saint-Kitts";"Ligue féminine";"Amateur";"3500";"2000274209"
"2000361575";"Largo Height";"Saint-Vincent";"Premier League";"Amateur";"3500";"2000274181"
"2000362396";"Determine Girls";"Liberia";"Liberia First Division";"Semi-Professional";"15000";"2000343126"
"2000364742";"Mavegro FC";"Guinée-Bissau";"GNB Women's League";"Semi-Professional";"0";"2000362178"
"2000364805";"Academia Valledupar F.C.";"Colombie";"Liga del César";"Amateur";"4000";"2000173877"
"2000366275";"Barreirense";"Portugal";"Division 4";"Amateur";"2480";"2000469387"
"2000367102";"Malveira";"Portugal";"Division 4";"Amateur";"500";"2000469387"
"2000367249";"Paredes";"Portugal";"Division 4";"Amateur";"500";"2000469387"
"2000370263";"Qviding FIF";"Suède";"Première division - Sud";"Amateur";"4500";"2000327937"
"2000370464";"Tiller";"Norvège";"Deuxième division Gr 1";"Amateur";"700";"2000367202"
"2000375830";"NovaRomentin";"Italie";"Série D Grp.A";"Semi-Professional";"600";"1400400"
"2000378406";"Broki";"Suriname";"-";"Amateur";"1000";"-1"
"2000380270";"Tiszaföldvár";"Hongrie";"Division III - Sud-Est";"Semi-Professional";"1500";"2000270609"
"2000380426";"Olympique Charleville";"France";"National 3 - Groupe E";"Semi-Professional";"0";"2000279696"
"2000385026";"Ampem Darkoa";"Ghana";"D1 du Ghana";"Semi-Professional";"0";"2000343130"
"2000390179";"Fundación Eagles";"Rép. Dominicaine";"-";"Semi-Professional";"0";"-1"
"2000392754";"ISA Haladás";"Hongrie";"divison inférieure";"Semi-Professional";"1000";"7520394"
"2000416492";"Varbergs BoIS";"Suède";"Deuxième division";"Amateur";"5500";"2000234536"
"2000419016";"CSM Diables Noirs";"Congo";"-";"Semi-Professional";"0";"-1"
"2000430205";"JeBelle";"Saint-Vincent";"Premier League";"Amateur";"3500";"2000274181"
"2000430927";"Black Panthers";"Sainte-Lucie";"LFF de  Sainte-Lucie";"Amateur";"2000";"2000274208"
"2000430933";"Northern Utd";"Sainte-Lucie";"LFF de  Sainte-Lucie";"Amateur";"700";"2000274208"
"2000431085";"BAYS";"Sainte-Lucie";"LFF de  Sainte-Lucie";"Amateur";"20000";"2000274208"
"2000431135";"Challengers";"Sainte-Lucie";"LFF de  Sainte-Lucie";"Amateur";"2000";"2000274208"
"2000431770";"Caribe";"Porto Rico";"LPR Fem";"Amateur";"750";"2000274211"
"2000432084";"Jewel Fury";"Bélize";"LFF de Belize";"Amateur";"2500";"2000274193"
"2000433308";"Dynamo";"Guadeloupe";"Première Division";"Amateur";"2500";"2000274184"
"2000433526";"Vointa Crevedia";"Roumanie";"D3 roumaine groupe 4";"Semi-Professional";"0";"57015180"
"2000433666";"Fort Road";"Antigua-et-Barbuda";"Ligue féminine d'AeB";"Amateur";"12000";"2000274197"
"2000434516";"Inter Moengo";"Suriname";"Vrouwen Divisie du Surina";"Amateur";"3000";"2000274179"
"2000446747";"Europa F.C.";"Colombie";"Liga del Quindío";"Amateur";"0";"2000173870"
"2000447214";"Ángeles F.C.";"Colombie";"Liga del Huila";"Amateur";"7500";"2000173881"
"2000447630";"Oakville SC";"Canada";"Ligue 1 Ontario";"Amateur";"1000";"20500261"
"2000457728";"Atlético Tumaco";"Colombie";"3ème Division";"Amateur";"6000";"5260949"
"2000459110";"Super Mundial F.C.";"Colombie";"3ème Division";"Amateur";"8000";"5260949"
"2000459990";"Sribhumi";"Inde";"Ligue féminine d'Inde";"Semi-Professional";"0";"2000343111"
"2000460947";"Nacional - Zulia F.C.";"Colombie";"3ème Division";"Amateur";"4000";"5260949"
"2000460948";"Atlético San Felipe F.C.";"Colombie";"3ème Division";"Amateur";"3500";"5260949"
"2000460949";"Albeiro Garcia";"Colombie";"3ème Division";"Amateur";"2500";"5260949"
"2000461023";"San Juan F.C.";"Bolivie";"D2";"Semi-Professional";"9000";"86009019"
"2000465861";"FC Politehnica UTM";"Moldavie";"Super Liga de Moldavie";"Professional";"350";"59007607"
"2000467935";"Lehota pod Vtácnikom";"Slovaquie";"2ème Division";"Professional";"1800";"7560277"
"2000471266";"Italiana";"Suisse";"Ligue 2 Inter Gr 2";"Semi-Professional";"400";"98005770"
"2000473016";"KM City";"Chine";"D2 Sud";"Professional";"3750";"1002873"
"2000475115";"Union Foot de Touraine";"France";"National 3 - Groupe B";"Semi-Professional";"1500";"2000279693"
"2000475309";"Riviera FC";"France";"National 3 - Groupe H";"Semi-Professional";"1500";"2000279699"
"2000475429";"Mâcon 71";"France";"National 3 - Groupe G";"Semi-Professional";"2985";"2000279698"
"2000495771";"Deportivo Samario";"Colombie";"MagFútbol";"Amateur";"1500";"2000173866"
